enabled,id,name,date,repeat,rrule,category,note,source_url
FALSE,new-year-day,元旦 New Year’s Day,2026/1/1,yearly,,apple-native-likely,法定节假日/苹果原生日历通常已包含；默认关闭避免重复,
FALSE,intl-education-day,国际教育日 International Day of Education,2026/1/24,yearly,,international,偏专题类国际日；默认关闭,https://www.un.org/en/observances/education-day
FALSE,clean-energy-day,国际清洁能源日 International Day of Clean Energy,2026/1/26,yearly,,sustainability,能源行业/ESG 重点日期,https://www.un.org/en/observances/clean-energy-day
FALSE,laba-lunar2025,腊八节 Laba Festival,2026/1/26,none,,apple-native-likely,农历2025年12月8日；传统节日；默认关闭,
FALSE,world-wetlands-day,世界湿地日 World Wetlands Day,2026/2/2,yearly,,sustainability,生态类细分日期；默认关闭,https://www.un.org/en/observances/world-wetlands-day
FALSE,xiaonian-north-lunar2025,北方小年 Northern Little New Year,2026/2/10,none,,apple-native-likely,农历2025年12月23日；传统节日；默认关闭,
FALSE,xiaonian-south-lunar2025,南方小年 Southern Little New Year,2026/2/11,none,,apple-native-likely,农历2025年12月24日；传统节日；默认关闭,
TRUE,valentine-day,情人节 Valentine’s Day,2026/2/14,yearly,,lifestyle,常用生活节日,
FALSE,chuxi-lunar2025,除夕 Chinese New Year’s Eve,2026/2/16,none,,apple-native-likely,农历2025年12月29日；苹果原生日历通常已包含；默认关闭避免重复, 
FALSE,spring-festival-lunar2026,春节 Spring Festival,2026/2/17,none,,apple-native-likely,农历2026年1月1日；苹果原生日历通常已包含；默认关闭避免重复,
FALSE,lantern-festival-lunar2026,元宵节 Lantern Festival,2026/3/3,none,,apple-native-likely,农历2026年1月15日；苹果中国大陆日历可能已包含；默认关闭避免重复,
FALSE,world-wildlife-day,世界野生动植物日 World Wildlife Day,2026/3/3,yearly,,sustainability,生态类细分日期；默认关闭,https://www.un.org/en/observances/world-wildlife-day
FALSE,womens-day,妇女节 International Women’s Day,2026/3/8,yearly,,lifestyle,大众认知较高；保留,
TRUE,china-arbor-day,植树节 China Arbor Day,2026/3/12,yearly,,sustainability,中国常用纪念日；保留,
FALSE,world-consumer-rights-day,消费者权益日 World Consumer Rights Day,2026/3/15,yearly,,business,大众认知较高；适合品牌/服务/客户权益主题,https://www.consumersinternational.org/what-we-do/world-consumer-rights-day/
TRUE,dragon-heads-raising-lunar2026,龙抬头 Dragon Heads-raising Day,2026/3/20,none,,lunar,农历2026年2月2日；传统节日；保留,
FALSE,intl-day-forests,国际森林日 International Day of Forests,2026/3/21,yearly,,sustainability,生态类细分日期；默认关闭,https://www.un.org/en/observances/forests-and-trees-day
FALSE,world-water-day,世界水日 World Water Day,2026/3/22,yearly,,sustainability,环保/ESG 重点日期,https://www.un.org/en/observances/water-day
FALSE,world-meteorological-day,世界气象日 World Meteorological Day,2026/3/23,yearly,,sustainability,气候类细分日期；默认关闭,https://wmo.int/site/world-meteorological-day
TRUE,april-fools-day,愚人节 April Fools’ Day,2026/4/1,yearly,,lifestyle,大众认知较高；保留,
FALSE,tomb-sweeping-day,清明节 Qingming Festival,2026/4/4,yearly,,apple-native-likely,法定节假日/苹果原生日历通常已包含；默认关闭避免重复,
FALSE,world-health-day,世界卫生日 World Health Day,2026/4/7,yearly,,international,大众健康主题；保留,https://www.who.int/campaigns/world-health-day
TRUE,earth-day,地球日 Earth Day,2026/4/22,yearly,,sustainability,环保/ESG 重点日期,https://www.un.org/en/observances/earth-day
TRUE,world-book-day,世界读书日 World Book Day,2026/4/23,yearly,,international,大众认知较高；知识/阅读主题,https://www.unesco.org/en/days/world-book-and-copyright
FALSE,safety-health-at-work-day,世界安全生产与健康日 World Day for Safety and Health at Work,2026/4/28,yearly,,business,企业安全/运营重点日期,https://www.ilo.org/global/topics/safety-and-health-at-work/events-training/events-meetings/world-day-safety-health-at-work/lang--en/index.htm
FALSE,labor-day-cn,劳动节 Labor Day,2026/5/1,yearly,,apple-native-likely,法定节假日/苹果原生日历通常已包含；默认关闭避免重复,
FALSE,youth-day-cn,青年节 Youth Day,2026/5/4,yearly,,lifestyle,中国常用纪念日；保留,
TRUE,mothers-day,母亲节 Mother’s Day,2026/5/10,rrule,FREQ=YEARLY;BYMONTH=5;BYDAY=2SU,lifestyle,每年5月第二个星期日,
TRUE,international-nurses-day,国际护士节 International Nurses Day,2026/5/12,yearly,,international,国际常用纪念日；保留,
FALSE,world-bee-day,世界蜜蜂日 World Bee Day,2026/5/20,yearly,,sustainability,生态类细分日期；默认关闭,https://www.un.org/en/observances/bee-day
FALSE,biodiversity-day,国际生物多样性日 International Day for Biological Diversity,2026/5/22,yearly,,sustainability,ESG/生态主题，可用于企业传播,https://www.un.org/en/observances/biological-diversity-day
TRUE,world-no-tobacco-day,世界无烟日 World No Tobacco Day,2026/5/31,yearly,,international,大众健康主题；保留,https://www.who.int/campaigns/world-no-tobacco-day
FALSE,children-day-cn,儿童节 Children’s Day,2026/6/1,yearly,,apple-native-likely,你已发现与苹果原生日历可能重复；默认关闭,
FALSE,world-bicycle-day,世界自行车日 World Bicycle Day,2026/6/3,yearly,,sustainability,低碳出行类细分日期；默认关闭,https://www.un.org/en/observances/bicycle-day
TRUE,world-environment-day,世界环境日 World Environment Day,2026/6/5,yearly,,sustainability,环保/ESG 重点日期,https://www.un.org/en/observances/environment-day
TRUE,world-oceans-day,世界海洋日 World Oceans Day,2026/6/8,yearly,,sustainability,大众认知较高；环保主题,https://www.un.org/en/observances/oceans-day
FALSE,desertification-drought-day,世界防治荒漠化和干旱日 World Day to Combat Desertification and Drought,2026/6/17,yearly,,sustainability,环境类细分日期；默认关闭,https://www.un.org/en/observances/desertification-day
FALSE,dragon-boat-lunar2026,端午节 Dragon Boat Festival,2026/6/19,none,,apple-native-likely,农历2026年5月5日；苹果原生日历通常已包含；默认关闭避免重复,
TRUE,fathers-day,父亲节 Father’s Day,2026/6/21,rrule,FREQ=YEARLY;BYMONTH=6;BYDAY=3SU,lifestyle,每年6月第三个星期日,
FALSE,world-population-day,世界人口日 World Population Day,2026/7/11,yearly,,international,国际日；默认关闭,https://www.un.org/en/observances/world-population-day
FALSE,intl-youth-day,国际青年日 International Youth Day,2026/8/12,yearly,,international,国际日；默认关闭,https://www.un.org/en/observances/youth-day
TRUE,chinese-doctors-day,中国医师节 Chinese Doctors’ Day,2026/8/19,yearly,,lifestyle,每年8月19日,
FALSE,qixi-lunar2026,七夕节 Qixi Festival,2026/8/19,none,,apple-native-likely,农历2026年7月7日；你已发现与苹果原生日历可能重复；默认关闭,
TRUE,ghost-festival-lunar2026,中元节 Ghost Festival,2026/8/27,none,,lunar,农历2026年七月十五；中国传统节日,
FALSE,intl-charity-day,国际慈善日 International Day of Charity,2026/9/5,yearly,,international,公益/CSR 主题，可用于企业传播,https://www.un.org/en/observances/charity-day
FALSE,clean-air-day,国际清洁空气蓝天日 International Day of Clean Air for Blue Skies,2026/9/7,yearly,,sustainability,环保/ESG 重点日期,https://www.un.org/en/observances/clean-air-day
TRUE,teachers-day-cn,教师节 Teachers’ Day,2026/9/10,yearly,,lifestyle,中国常用纪念日；保留,
FALSE,world-cleanup-day,世界清洁日 World Cleanup Day,2026/9/20,yearly,,sustainability,环保行动重点日期,https://www.un.org/en/observances/cleanup-day
FALSE,world-car-free-day,世界无车日 World Car-Free Day,2026/9/22,yearly,,sustainability,低碳出行主题；大众理解度较高,
FALSE,mid-autumn-lunar2026,中秋节 Mid-Autumn Festival,2026/9/25,none,,apple-native-likely,农历2026年8月15日；苹果原生日历通常已包含；默认关闭避免重复,
TRUE,world-tourism-day,世界旅游日 World Tourism Day,2026/9/27,yearly,,international,大众认知较高；文化/旅游主题,https://www.unwto.org/world-tourism-day
FALSE,national-day-cn,国庆节 National Day,2026/10/1,yearly,,apple-native-likely,法定节假日/苹果原生日历通常已包含；默认关闭避免重复,
FALSE,world-habitat-day,世界人居日 World Habitat Day,2026/10/5,rrule,FREQ=YEARLY;BYMONTH=10;BYDAY=1MO,sustainability,城市可持续发展类日期；默认关闭,https://www.un.org/en/observances/habitat-day
FALSE,world-mental-health-day,世界精神卫生日 World Mental Health Day,2026/10/10,yearly,,international,大众健康关怀主题,https://www.who.int/campaigns/world-mental-health-day
FALSE,disaster-risk-reduction-day,国际减灾日 International Day for Disaster Risk Reduction,2026/10/13,yearly,,sustainability,安全/韧性类细分日期；默认关闭,https://www.un.org/en/observances/disaster-reduction-day
FALSE,world-food-day,世界粮食日 World Food Day,2026/10/16,yearly,,sustainability,大众认知较高；可持续发展主题,https://www.un.org/en/observances/world-food-day
FALSE,double-ninth-lunar2026,重阳节 Double Ninth Festival,2026/10/18,none,,lunar,农历2026年9月9日；传统节日；保留,
FALSE,united-nations-day,联合国日 United Nations Day,2026/10/24,yearly,,international,国际日；默认关闭,https://www.un.org/en/observances/un-day
TRUE,halloween-eve,万圣夜 Halloween,2026/10/31,yearly,,lifestyle,常用西方节日；保留,
FALSE,world-cities-day,世界城市日 World Cities Day,2026/10/31,yearly,,sustainability,城市可持续发展类日期；默认关闭,https://www.un.org/en/observances/cities-day
TRUE,all-saints-day,万圣节 All Saints’ Day,2026/11/1,yearly,,lifestyle,西方传统节日；可选,
FALSE,world-science-day,世界科学日 World Science Day for Peace and Development,2026/11/10,yearly,,international,科技/教育主题；外企环境可保留,https://www.unesco.org/en/days/science-peace-development
FALSE,world-toilet-day,世界厕所日 World Toilet Day,2026/11/19,yearly,,sustainability,公共卫生类国际日；默认关闭,https://www.un.org/en/observances/toilet-day
TRUE,thanksgiving-day,感恩节 Thanksgiving Day,2026/11/26,rrule,FREQ=YEARLY;BYMONTH=11;BYDAY=4TH,lifestyle,美国感恩节：每年11月第四个星期四,
TRUE,black-friday-2026,黑色星期五 Black Friday,2026/11/27,none,,business,美国感恩节后的星期五；按年份计算,
FALSE,volunteer-day,国际志愿者日 International Volunteer Day,2026/12/5,yearly,,international,公益/CSR 主题，可用于企业传播,https://www.un.org/en/observances/volunteer-day
FALSE,world-soil-day,世界土壤日 World Soil Day,2026/12/5,yearly,,sustainability,生态类细分日期；默认关闭,https://www.un.org/en/observances/world-soil-day
FALSE,human-rights-day,人权日 Human Rights Day,2026/12/10,yearly,,international,国际日；默认关闭,https://www.un.org/en/observances/human-rights-day
FALSE,intl-mountain-day,国际山岳日 International Mountain Day,2026/12/11,yearly,,sustainability,生态类细分日期；默认关闭,https://www.un.org/en/observances/mountain-day
FALSE,intl-migrants-day,国际移民日 International Migrants Day,2026/12/18,yearly,,international,国际日；默认关闭,https://www.un.org/en/observances/migrants-day
TRUE,christmas-eve,平安夜 Christmas Eve,2026/12/24,yearly,,lifestyle,常用西方节日,
TRUE,christmas-day,圣诞节 Christmas Day,2026/12/25,yearly,,lifestyle,常用西方节日,
FALSE,laba-lunar2026,腊八节 Laba Festival,2027/1/15,none,,apple-native-likely,农历2026年12月8日；传统节日；默认关闭,
FALSE,xiaonian-north-lunar2026,北方小年 Northern Little New Year,2027/1/30,none,,apple-native-likely,农历2026年12月23日；传统节日；默认关闭,
FALSE,xiaonian-south-lunar2026,南方小年 Southern Little New Year,2027/1/31,none,,apple-native-likely,农历2026年12月24日；传统节日；默认关闭,
FALSE,chuxi-lunar2026,除夕 Chinese New Year’s Eve,2027/2/5,none,,apple-native-likely,农历2026年12月29日；苹果原生日历通常已包含；默认关闭避免重复,
FALSE,spring-festival-lunar2027,春节 Spring Festival,2027/2/6,none,,apple-native-likely,农历2027年1月1日；苹果原生日历通常已包含；默认关闭避免重复,
FALSE,lantern-festival-lunar2027,元宵节 Lantern Festival,2027/2/20,none,,apple-native-likely,农历2027年1月15日；苹果中国大陆日历可能已包含；默认关闭避免重复,
TRUE,dragon-heads-raising-lunar2027,龙抬头 Dragon Heads-raising Day,2027/3/9,none,,lunar,农历2027年2月2日；传统节日；保留,
FALSE,dragon-boat-lunar2027,端午节 Dragon Boat Festival,2027/6/9,none,,apple-native-likely,农历2027年5月5日；苹果原生日历通常已包含；默认关闭避免重复,
FALSE,qixi-lunar2027,七夕节 Qixi Festival,2027/8/8,none,,apple-native-likely,农历2027年7月7日；你已发现与苹果原生日历可能重复；默认关闭,
TRUE,ghost-festival-lunar2027,中元节 Ghost Festival,2027/8/16,none,,lunar,农历2027年七月十五；中国传统节日,
FALSE,mid-autumn-lunar2027,中秋节 Mid-Autumn Festival,2027/9/15,none,,apple-native-likely,农历2027年8月15日；苹果原生日历通常已包含；默认关闭避免重复,
TRUE,double-ninth-lunar2027,重阳节 Double Ninth Festival,2027/10/8,none,,lunar,农历2027年9月9日；传统节日；保留,
TRUE,black-friday-2027,黑色星期五 Black Friday,2027/11/26,none,,business,美国感恩节后的星期五；按年份计算,
FALSE,laba-lunar2027,腊八节 Laba Festival,2028/1/4,none,,apple-native-likely,农历2027年12月8日；传统节日；默认关闭,
FALSE,xiaonian-north-lunar2027,北方小年 Northern Little New Year,2028/1/19,none,,apple-native-likely,农历2027年12月23日；传统节日；默认关闭,
FALSE,xiaonian-south-lunar2027,南方小年 Southern Little New Year,2028/1/20,none,,apple-native-likely,农历2027年12月24日；传统节日；默认关闭,
FALSE,chuxi-lunar2027,除夕 Chinese New Year’s Eve,2028/1/25,none,,apple-native-likely,农历2027年12月29日；苹果原生日历通常已包含；默认关闭避免重复,
FALSE,spring-festival-lunar2028,春节 Spring Festival,2028/1/26,none,,apple-native-likely,农历2028年1月1日；苹果原生日历通常已包含；默认关闭避免重复,
FALSE,lantern-festival-lunar2028,元宵节 Lantern Festival,2028/2/9,none,,apple-native-likely,农历2028年1月15日；苹果中国大陆日历可能已包含；默认关闭避免重复,
TRUE,dragon-heads-raising-lunar2028,龙抬头 Dragon Heads-raising Day,2028/2/26,none,,lunar,农历2028年2月2日；传统节日；保留,
FALSE,dragon-boat-lunar2028,端午节 Dragon Boat Festival,2028/5/28,none,,apple-native-likely,农历2028年5月5日；苹果原生日历通常已包含；默认关闭避免重复,
FALSE,qixi-lunar2028,七夕节 Qixi Festival,2028/8/26,none,,apple-native-likely,农历2028年7月7日；你已发现与苹果原生日历可能重复；默认关闭,
TRUE,ghost-festival-lunar2028,中元节 Ghost Festival,2028/9/3,none,,lunar,农历2028年七月十五；中国传统节日,
FALSE,mid-autumn-lunar2028,中秋节 Mid-Autumn Festival,2028/10/3,none,,apple-native-likely,农历2028年8月15日；苹果原生日历通常已包含；默认关闭避免重复,
TRUE,double-ninth-lunar2028,重阳节 Double Ninth Festival,2028/10/26,none,,lunar,农历2028年9月9日；传统节日；保留,
TRUE,black-friday-2028,黑色星期五 Black Friday,2028/11/24,none,,business,美国感恩节后的星期五；按年份计算,
FALSE,laba-lunar2028,腊八节 Laba Festival,2029/1/22,none,,apple-native-likely,农历2028年12月8日；传统节日；默认关闭,
FALSE,xiaonian-north-lunar2028,北方小年 Northern Little New Year,2029/2/6,none,,apple-native-likely,农历2028年12月23日；传统节日；默认关闭,
FALSE,xiaonian-south-lunar2028,南方小年 Southern Little New Year,2029/2/7,none,,apple-native-likely,农历2028年12月24日；传统节日；默认关闭,
FALSE,chuxi-lunar2028,除夕 Chinese New Year’s Eve,2029/2/12,none,,apple-native-likely,农历2028年12月29日；苹果原生日历通常已包含；默认关闭避免重复,
FALSE,spring-festival-lunar2029,春节 Spring Festival,2029/2/13,none,,apple-native-likely,农历2029年1月1日；苹果原生日历通常已包含；默认关闭避免重复,
FALSE,lantern-festival-lunar2029,元宵节 Lantern Festival,2029/2/27,none,,apple-native-likely,农历2029年1月15日；苹果中国大陆日历可能已包含；默认关闭避免重复,
TRUE,dragon-heads-raising-lunar2029,龙抬头 Dragon Heads-raising Day,2029/3/16,none,,lunar,农历2029年2月2日；传统节日；保留,
FALSE,dragon-boat-lunar2029,端午节 Dragon Boat Festival,2029/6/16,none,,apple-native-likely,农历2029年5月5日；苹果原生日历通常已包含；默认关闭避免重复,
FALSE,qixi-lunar2029,七夕节 Qixi Festival,2029/8/16,none,,apple-native-likely,农历2029年7月7日；你已发现与苹果原生日历可能重复；默认关闭,
TRUE,ghost-festival-lunar2029,中元节 Ghost Festival,2029/8/24,none,,lunar,农历2029年七月十五；中国传统节日,
FALSE,mid-autumn-lunar2029,中秋节 Mid-Autumn Festival,2029/9/22,none,,apple-native-likely,农历2029年8月15日；苹果原生日历通常已包含；默认关闭避免重复,
TRUE,double-ninth-lunar2029,重阳节 Double Ninth Festival,2029/10/16,none,,lunar,农历2029年9月9日；传统节日；保留,
TRUE,black-friday-2029,黑色星期五 Black Friday,2029/11/23,none,,business,美国感恩节后的星期五；按年份计算,
FALSE,laba-lunar2029,腊八节 Laba Festival,2030/1/11,none,,apple-native-likely,农历2029年12月8日；传统节日；默认关闭,
FALSE,xiaonian-north-lunar2029,北方小年 Northern Little New Year,2030/1/26,none,,apple-native-likely,农历2029年12月23日；传统节日；默认关闭,
FALSE,xiaonian-south-lunar2029,南方小年 Southern Little New Year,2030/1/27,none,,apple-native-likely,农历2029年12月24日；传统节日；默认关闭,
FALSE,chuxi-lunar2029,除夕 Chinese New Year’s Eve,2030/2/2,none,,apple-native-likely,农历2029年12月30日；苹果原生日历通常已包含；默认关闭避免重复,
FALSE,spring-festival-lunar2030,春节 Spring Festival,2030/2/3,none,,apple-native-likely,农历2030年1月1日；苹果原生日历通常已包含；默认关闭避免重复,
FALSE,lantern-festival-lunar2030,元宵节 Lantern Festival,2030/2/17,none,,apple-native-likely,农历2030年1月15日；苹果中国大陆日历可能已包含；默认关闭避免重复,
TRUE,dragon-heads-raising-lunar2030,龙抬头 Dragon Heads-raising Day,2030/3/5,none,,lunar,农历2030年2月2日；传统节日；保留,
FALSE,dragon-boat-lunar2030,端午节 Dragon Boat Festival,2030/6/5,none,,apple-native-likely,农历2030年5月5日；苹果原生日历通常已包含；默认关闭避免重复,
FALSE,qixi-lunar2030,七夕节 Qixi Festival,2030/8/5,none,,apple-native-likely,农历2030年7月7日；你已发现与苹果原生日历可能重复；默认关闭,
TRUE,ghost-festival-lunar2030,中元节 Ghost Festival,2030/8/13,none,,lunar,农历2030年七月十五；中国传统节日,
FALSE,mid-autumn-lunar2030,中秋节 Mid-Autumn Festival,2030/9/12,none,,apple-native-likely,农历2030年8月15日；苹果原生日历通常已包含；默认关闭避免重复,
TRUE,double-ninth-lunar2030,重阳节 Double Ninth Festival,2030/10/5,none,,lunar,农历2030年9月9日；传统节日；保留,
TRUE,black-friday-2030,黑色星期五 Black Friday,2030/11/29,none,,business,美国感恩节后的星期五；按年份计算,
FALSE,laba-lunar2030,腊八节 Laba Festival,2031/1/1,none,,apple-native-likely,农历2030年十二月初八；传统节日；默认关闭,
FALSE,xiaonian-north-lunar2030,北方小年 Northern Little New Year,2031/1/16,none,,apple-native-likely,农历2030年十二月二十三；传统节日；默认关闭,
FALSE,xiaonian-south-lunar2030,南方小年 Southern Little New Year,2031/1/17,none,,apple-native-likely,农历2030年十二月二十四；传统节日；默认关闭,
FALSE,chuxi-lunar2030,除夕 Chinese New Year’s Eve,2031/1/22,none,,apple-native-likely,农历2030年腊月最后一天；苹果原生日历通常已包含；默认关闭避免重复,
FALSE,spring-festival-lunar2031,春节 Spring Festival,2031/1/23,none,,apple-native-likely,农历2031年正月初一；苹果原生日历通常已包含；默认关闭避免重复,
FALSE,lantern-festival-lunar2031,元宵节 Lantern Festival,2031/2/6,none,,apple-native-likely,农历2031年正月十五；苹果中国大陆日历可能已包含；默认关闭避免重复,
TRUE,dragon-heads-raising-lunar2031,龙抬头 Dragon Heads-raising Day,2031/2/22,none,,lunar,农历2031年二月初二；传统节日；保留,
FALSE,dragon-boat-lunar2031,端午节 Dragon Boat Festival,2031/6/24,none,,apple-native-likely,农历2031年五月初五；苹果原生日历通常已包含；默认关闭避免重复,
FALSE,qixi-lunar2031,七夕节 Qixi Festival,2031/8/24,none,,apple-native-likely,农历2031年七月初七；默认关闭,
TRUE,ghost-festival-lunar2031,中元节 Ghost Festival,2031/9/1,none,,lunar,农历2031年七月十五；中国传统节日,
FALSE,mid-autumn-lunar2031,中秋节 Mid-Autumn Festival,2031/10/1,none,,apple-native-likely,农历2031年八月十五；苹果原生日历通常已包含；默认关闭避免重复,
TRUE,double-ninth-lunar2031,重阳节 Double Ninth Festival,2031/10/24,none,,lunar,农历2031年九月初九；传统节日；保留,
TRUE,black-friday-2031,黑色星期五 Black Friday,2031/11/28,none,,business,美国感恩节后的星期五；按年份计算,
FALSE,laba-lunar2031,腊八节 Laba Festival,2032/1/20,none,,apple-native-likely,农历2031年十二月初八；传统节日；默认关闭,
FALSE,xiaonian-north-lunar2031,北方小年 Northern Little New Year,2032/2/4,none,,apple-native-likely,农历2031年十二月二十三；传统节日；默认关闭,
FALSE,xiaonian-south-lunar2031,南方小年 Southern Little New Year,2032/2/5,none,,apple-native-likely,农历2031年十二月二十四；传统节日；默认关闭,
FALSE,chuxi-lunar2031,除夕 Chinese New Year’s Eve,2032/2/10,none,,apple-native-likely,农历2031年腊月最后一天；苹果原生日历通常已包含；默认关闭避免重复,
FALSE,spring-festival-lunar2032,春节 Spring Festival,2032/2/11,none,,apple-native-likely,农历2032年正月初一；苹果原生日历通常已包含；默认关闭避免重复,
FALSE,lantern-festival-lunar2032,元宵节 Lantern Festival,2032/2/25,none,,apple-native-likely,农历2032年正月十五；苹果中国大陆日历可能已包含；默认关闭避免重复,
TRUE,dragon-heads-raising-lunar2032,龙抬头 Dragon Heads-raising Day,2032/3/13,none,,lunar,农历2032年二月初二；传统节日；保留,
FALSE,dragon-boat-lunar2032,端午节 Dragon Boat Festival,2032/6/12,none,,apple-native-likely,农历2032年五月初五；苹果原生日历通常已包含；默认关闭避免重复,
FALSE,qixi-lunar2032,七夕节 Qixi Festival,2032/8/12,none,,apple-native-likely,农历2032年七月初七；默认关闭,
TRUE,ghost-festival-lunar2032,中元节 Ghost Festival,2032/8/20,none,,lunar,农历2032年七月十五；中国传统节日,
FALSE,mid-autumn-lunar2032,中秋节 Mid-Autumn Festival,2032/9/19,none,,apple-native-likely,农历2032年八月十五；苹果原生日历通常已包含；默认关闭避免重复,
TRUE,double-ninth-lunar2032,重阳节 Double Ninth Festival,2032/10/12,none,,lunar,农历2032年九月初九；传统节日；保留,
TRUE,black-friday-2032,黑色星期五 Black Friday,2032/11/26,none,,business,美国感恩节后的星期五；按年份计算,
FALSE,laba-lunar2032,腊八节 Laba Festival,2033/1/8,none,,apple-native-likely,农历2032年十二月初八；传统节日；默认关闭,
FALSE,xiaonian-north-lunar2032,北方小年 Northern Little New Year,2033/1/23,none,,apple-native-likely,农历2032年十二月二十三；传统节日；默认关闭,
FALSE,xiaonian-south-lunar2032,南方小年 Southern Little New Year,2033/1/24,none,,apple-native-likely,农历2032年十二月二十四；传统节日；默认关闭,
FALSE,chuxi-lunar2032,除夕 Chinese New Year’s Eve,2033/1/30,none,,apple-native-likely,农历2032年腊月最后一天；苹果原生日历通常已包含；默认关闭避免重复,
FALSE,spring-festival-lunar2033,春节 Spring Festival,2033/1/31,none,,apple-native-likely,农历2033年正月初一；苹果原生日历通常已包含；默认关闭避免重复,
FALSE,lantern-festival-lunar2033,元宵节 Lantern Festival,2033/2/14,none,,apple-native-likely,农历2033年正月十五；苹果中国大陆日历可能已包含；默认关闭避免重复,
TRUE,dragon-heads-raising-lunar2033,龙抬头 Dragon Heads-raising Day,2033/3/2,none,,lunar,农历2033年二月初二；传统节日；保留,
FALSE,dragon-boat-lunar2033,端午节 Dragon Boat Festival,2033/6/1,none,,apple-native-likely,农历2033年五月初五；苹果原生日历通常已包含；默认关闭避免重复,
FALSE,qixi-lunar2033,七夕节 Qixi Festival,2033/8/1,none,,apple-native-likely,农历2033年七月初七；默认关闭,
TRUE,ghost-festival-lunar2033,中元节 Ghost Festival,2033/8/9,none,,lunar,农历2033年七月十五；中国传统节日,
FALSE,mid-autumn-lunar2033,中秋节 Mid-Autumn Festival,2033/9/8,none,,apple-native-likely,农历2033年八月十五；苹果原生日历通常已包含；默认关闭避免重复,
TRUE,double-ninth-lunar2033,重阳节 Double Ninth Festival,2033/10/1,none,,lunar,农历2033年九月初九；传统节日；保留,
TRUE,black-friday-2033,黑色星期五 Black Friday,2033/11/25,none,,business,美国感恩节后的星期五；按年份计算,
FALSE,laba-lunar2033,腊八节 Laba Festival,2034/1/27,none,,apple-native-likely,农历2033年十二月初八；传统节日；默认关闭,
FALSE,xiaonian-north-lunar2033,北方小年 Northern Little New Year,2034/2/11,none,,apple-native-likely,农历2033年十二月二十三；传统节日；默认关闭,
FALSE,xiaonian-south-lunar2033,南方小年 Southern Little New Year,2034/2/12,none,,apple-native-likely,农历2033年十二月二十四；传统节日；默认关闭,
FALSE,chuxi-lunar2033,除夕 Chinese New Year’s Eve,2034/2/18,none,,apple-native-likely,农历2033年腊月最后一天；苹果原生日历通常已包含；默认关闭避免重复,
FALSE,spring-festival-lunar2034,春节 Spring Festival,2034/2/19,none,,apple-native-likely,农历2034年正月初一；苹果原生日历通常已包含；默认关闭避免重复,
FALSE,lantern-festival-lunar2034,元宵节 Lantern Festival,2034/3/5,none,,apple-native-likely,农历2034年正月十五；苹果中国大陆日历可能已包含；默认关闭避免重复,
TRUE,dragon-heads-raising-lunar2034,龙抬头 Dragon Heads-raising Day,2034/3/21,none,,lunar,农历2034年二月初二；传统节日；保留,
FALSE,dragon-boat-lunar2034,端午节 Dragon Boat Festival,2034/6/20,none,,apple-native-likely,农历2034年五月初五；苹果原生日历通常已包含；默认关闭避免重复,
FALSE,qixi-lunar2034,七夕节 Qixi Festival,2034/8/20,none,,apple-native-likely,农历2034年七月初七；默认关闭,
TRUE,ghost-festival-lunar2034,中元节 Ghost Festival,2034/8/28,none,,lunar,农历2034年七月十五；中国传统节日,
FALSE,mid-autumn-lunar2034,中秋节 Mid-Autumn Festival,2034/9/27,none,,apple-native-likely,农历2034年八月十五；苹果原生日历通常已包含；默认关闭避免重复,
TRUE,double-ninth-lunar2034,重阳节 Double Ninth Festival,2034/10/20,none,,lunar,农历2034年九月初九；传统节日；保留,
TRUE,black-friday-2034,黑色星期五 Black Friday,2034/11/24,none,,business,美国感恩节后的星期五；按年份计算,
FALSE,laba-lunar2034,腊八节 Laba Festival,2035/1/16,none,,apple-native-likely,农历2034年十二月初八；传统节日；默认关闭,
FALSE,xiaonian-north-lunar2034,北方小年 Northern Little New Year,2035/1/31,none,,apple-native-likely,农历2034年十二月二十三；传统节日；默认关闭,
FALSE,xiaonian-south-lunar2034,南方小年 Southern Little New Year,2035/2/1,none,,apple-native-likely,农历2034年十二月二十四；传统节日；默认关闭,
FALSE,chuxi-lunar2034,除夕 Chinese New Year’s Eve,2035/2/7,none,,apple-native-likely,农历2034年腊月最后一天；苹果原生日历通常已包含；默认关闭避免重复,
FALSE,spring-festival-lunar2035,春节 Spring Festival,2035/2/8,none,,apple-native-likely,农历2035年正月初一；苹果原生日历通常已包含；默认关闭避免重复,
FALSE,lantern-festival-lunar2035,元宵节 Lantern Festival,2035/2/22,none,,apple-native-likely,农历2035年正月十五；苹果中国大陆日历可能已包含；默认关闭避免重复,
TRUE,dragon-heads-raising-lunar2035,龙抬头 Dragon Heads-raising Day,2035/3/11,none,,lunar,农历2035年二月初二；传统节日；保留,
FALSE,dragon-boat-lunar2035,端午节 Dragon Boat Festival,2035/6/10,none,,apple-native-likely,农历2035年五月初五；苹果原生日历通常已包含；默认关闭避免重复,
FALSE,qixi-lunar2035,七夕节 Qixi Festival,2035/8/10,none,,apple-native-likely,农历2035年七月初七；默认关闭,
TRUE,ghost-festival-lunar2035,中元节 Ghost Festival,2035/8/18,none,,lunar,农历2035年七月十五；中国传统节日,
FALSE,mid-autumn-lunar2035,中秋节 Mid-Autumn Festival,2035/9/16,none,,apple-native-likely,农历2035年八月十五；苹果原生日历通常已包含；默认关闭避免重复,
TRUE,double-ninth-lunar2035,重阳节 Double Ninth Festival,2035/10/9,none,,lunar,农历2035年九月初九；传统节日；保留,
TRUE,black-friday-2035,黑色星期五 Black Friday,2035/11/23,none,,business,美国感恩节后的星期五；按年份计算,
FALSE,laba-lunar2035,腊八节 Laba Festival,2036/1/5,none,,apple-native-likely,农历2035年十二月初八；传统节日；默认关闭,
FALSE,xiaonian-north-lunar2035,北方小年 Northern Little New Year,2036/1/20,none,,apple-native-likely,农历2035年十二月二十三；传统节日；默认关闭,
FALSE,xiaonian-south-lunar2035,南方小年 Southern Little New Year,2036/1/21,none,,apple-native-likely,农历2035年十二月二十四；传统节日；默认关闭,
FALSE,chuxi-lunar2035,除夕 Chinese New Year’s Eve,2036/1/27,none,,apple-native-likely,农历2035年腊月最后一天；苹果原生日历通常已包含；默认关闭避免重复,
FALSE,spring-festival-lunar2036,春节 Spring Festival,2036/1/28,none,,apple-native-likely,农历2036年正月初一；苹果原生日历通常已包含；默认关闭避免重复,
FALSE,lantern-festival-lunar2036,元宵节 Lantern Festival,2036/2/11,none,,apple-native-likely,农历2036年正月十五；苹果中国大陆日历可能已包含；默认关闭避免重复,
TRUE,dragon-heads-raising-lunar2036,龙抬头 Dragon Heads-raising Day,2036/2/28,none,,lunar,农历2036年二月初二；传统节日；保留,
FALSE,dragon-boat-lunar2036,端午节 Dragon Boat Festival,2036/5/30,none,,apple-native-likely,农历2036年五月初五；苹果原生日历通常已包含；默认关闭避免重复,
FALSE,qixi-lunar2036,七夕节 Qixi Festival,2036/8/28,none,,apple-native-likely,农历2036年七月初七；默认关闭,
TRUE,ghost-festival-lunar2036,中元节 Ghost Festival,2036/9/5,none,,lunar,农历2036年七月十五；中国传统节日,
FALSE,mid-autumn-lunar2036,中秋节 Mid-Autumn Festival,2036/10/4,none,,apple-native-likely,农历2036年八月十五；苹果原生日历通常已包含；默认关闭避免重复,
TRUE,double-ninth-lunar2036,重阳节 Double Ninth Festival,2036/10/27,none,,lunar,农历2036年九月初九；传统节日；保留,
TRUE,black-friday-2036,黑色星期五 Black Friday,2036/11/28,none,,business,美国感恩节后的星期五；按年份计算,
FALSE,laba-lunar2036,腊八节 Laba Festival,2037/1/23,none,,apple-native-likely,农历2036年十二月初八；传统节日；默认关闭,
FALSE,xiaonian-north-lunar2036,北方小年 Northern Little New Year,2037/2/7,none,,apple-native-likely,农历2036年十二月二十三；传统节日；默认关闭,
FALSE,xiaonian-south-lunar2036,南方小年 Southern Little New Year,2037/2/8,none,,apple-native-likely,农历2036年十二月二十四；传统节日；默认关闭,
FALSE,chuxi-lunar2036,除夕 Chinese New Year’s Eve,2037/2/14,none,,apple-native-likely,农历2036年腊月最后一天；苹果原生日历通常已包含；默认关闭避免重复,
FALSE,spring-festival-lunar2037,春节 Spring Festival,2037/2/15,none,,apple-native-likely,农历2037年正月初一；苹果原生日历通常已包含；默认关闭避免重复,
FALSE,lantern-festival-lunar2037,元宵节 Lantern Festival,2037/3/1,none,,apple-native-likely,农历2037年正月十五；苹果中国大陆日历可能已包含；默认关闭避免重复,
TRUE,dragon-heads-raising-lunar2037,龙抬头 Dragon Heads-raising Day,2037/3/18,none,,lunar,农历2037年二月初二；传统节日；保留,
FALSE,dragon-boat-lunar2037,端午节 Dragon Boat Festival,2037/6/18,none,,apple-native-likely,农历2037年五月初五；苹果原生日历通常已包含；默认关闭避免重复,
FALSE,qixi-lunar2037,七夕节 Qixi Festival,2037/8/17,none,,apple-native-likely,农历2037年七月初七；默认关闭,
TRUE,ghost-festival-lunar2037,中元节 Ghost Festival,2037/8/25,none,,lunar,农历2037年七月十五；中国传统节日,
FALSE,mid-autumn-lunar2037,中秋节 Mid-Autumn Festival,2037/9/24,none,,apple-native-likely,农历2037年八月十五；苹果原生日历通常已包含；默认关闭避免重复,
TRUE,double-ninth-lunar2037,重阳节 Double Ninth Festival,2037/10/17,none,,lunar,农历2037年九月初九；传统节日；保留,
TRUE,black-friday-2037,黑色星期五 Black Friday,2037/11/27,none,,business,美国感恩节后的星期五；按年份计算,
FALSE,laba-lunar2037,腊八节 Laba Festival,2038/1/12,none,,apple-native-likely,农历2037年十二月初八；传统节日；默认关闭,
FALSE,xiaonian-north-lunar2037,北方小年 Northern Little New Year,2038/1/27,none,,apple-native-likely,农历2037年十二月二十三；传统节日；默认关闭,
FALSE,xiaonian-south-lunar2037,南方小年 Southern Little New Year,2038/1/28,none,,apple-native-likely,农历2037年十二月二十四；传统节日；默认关闭,
FALSE,chuxi-lunar2037,除夕 Chinese New Year’s Eve,2038/2/3,none,,apple-native-likely,农历2037年腊月最后一天；苹果原生日历通常已包含；默认关闭避免重复,
FALSE,spring-festival-lunar2038,春节 Spring Festival,2038/2/4,none,,apple-native-likely,农历2038年正月初一；苹果原生日历通常已包含；默认关闭避免重复,
FALSE,lantern-festival-lunar2038,元宵节 Lantern Festival,2038/2/18,none,,apple-native-likely,农历2038年正月十五；苹果中国大陆日历可能已包含；默认关闭避免重复,
TRUE,dragon-heads-raising-lunar2038,龙抬头 Dragon Heads-raising Day,2038/3/7,none,,lunar,农历2038年二月初二；传统节日；保留,
FALSE,dragon-boat-lunar2038,端午节 Dragon Boat Festival,2038/6/7,none,,apple-native-likely,农历2038年五月初五；苹果原生日历通常已包含；默认关闭避免重复,
FALSE,qixi-lunar2038,七夕节 Qixi Festival,2038/8/7,none,,apple-native-likely,农历2038年七月初七；默认关闭,
TRUE,ghost-festival-lunar2038,中元节 Ghost Festival,2038/8/15,none,,lunar,农历2038年七月十五；中国传统节日,
FALSE,mid-autumn-lunar2038,中秋节 Mid-Autumn Festival,2038/9/13,none,,apple-native-likely,农历2038年八月十五；苹果原生日历通常已包含；默认关闭避免重复,
TRUE,double-ninth-lunar2038,重阳节 Double Ninth Festival,2038/10/7,none,,lunar,农历2038年九月初九；传统节日；保留,
TRUE,black-friday-2038,黑色星期五 Black Friday,2038/11/26,none,,business,美国感恩节后的星期五；按年份计算,
FALSE,laba-lunar2038,腊八节 Laba Festival,2039/1/2,none,,apple-native-likely,农历2038年十二月初八；传统节日；默认关闭,
FALSE,xiaonian-north-lunar2038,北方小年 Northern Little New Year,2039/1/17,none,,apple-native-likely,农历2038年十二月二十三；传统节日；默认关闭,
FALSE,xiaonian-south-lunar2038,南方小年 Southern Little New Year,2039/1/18,none,,apple-native-likely,农历2038年十二月二十四；传统节日；默认关闭,
FALSE,chuxi-lunar2038,除夕 Chinese New Year’s Eve,2039/1/23,none,,apple-native-likely,农历2038年腊月最后一天；苹果原生日历通常已包含；默认关闭避免重复,
FALSE,spring-festival-lunar2039,春节 Spring Festival,2039/1/24,none,,apple-native-likely,农历2039年正月初一；苹果原生日历通常已包含；默认关闭避免重复,
FALSE,lantern-festival-lunar2039,元宵节 Lantern Festival,2039/2/7,none,,apple-native-likely,农历2039年正月十五；苹果中国大陆日历可能已包含；默认关闭避免重复,
TRUE,dragon-heads-raising-lunar2039,龙抬头 Dragon Heads-raising Day,2039/2/24,none,,lunar,农历2039年二月初二；传统节日；保留,
FALSE,dragon-boat-lunar2039,端午节 Dragon Boat Festival,2039/5/27,none,,apple-native-likely,农历2039年五月初五；苹果原生日历通常已包含；默认关闭避免重复,
FALSE,qixi-lunar2039,七夕节 Qixi Festival,2039/8/26,none,,apple-native-likely,农历2039年七月初七；默认关闭,
TRUE,ghost-festival-lunar2039,中元节 Ghost Festival,2039/9/3,none,,lunar,农历2039年七月十五；中国传统节日,
FALSE,mid-autumn-lunar2039,中秋节 Mid-Autumn Festival,2039/10/2,none,,apple-native-likely,农历2039年八月十五；苹果原生日历通常已包含；默认关闭避免重复,
TRUE,double-ninth-lunar2039,重阳节 Double Ninth Festival,2039/10/26,none,,lunar,农历2039年九月初九；传统节日；保留,
TRUE,black-friday-2039,黑色星期五 Black Friday,2039/11/25,none,,business,美国感恩节后的星期五；按年份计算,
FALSE,laba-lunar2039,腊八节 Laba Festival,2040/1/21,none,,apple-native-likely,农历2039年十二月初八；传统节日；默认关闭,
FALSE,xiaonian-north-lunar2039,北方小年 Northern Little New Year,2040/2/5,none,,apple-native-likely,农历2039年十二月二十三；传统节日；默认关闭,
FALSE,xiaonian-south-lunar2039,南方小年 Southern Little New Year,2040/2/6,none,,apple-native-likely,农历2039年十二月二十四；传统节日；默认关闭,
FALSE,chuxi-lunar2039,除夕 Chinese New Year’s Eve,2040/2/11,none,,apple-native-likely,农历2039年腊月最后一天；苹果原生日历通常已包含；默认关闭避免重复,
FALSE,spring-festival-lunar2040,春节 Spring Festival,2040/2/12,none,,apple-native-likely,农历2040年正月初一；苹果原生日历通常已包含；默认关闭避免重复,
FALSE,lantern-festival-lunar2040,元宵节 Lantern Festival,2040/2/26,none,,apple-native-likely,农历2040年正月十五；苹果中国大陆日历可能已包含；默认关闭避免重复,
TRUE,dragon-heads-raising-lunar2040,龙抬头 Dragon Heads-raising Day,2040/3/14,none,,lunar,农历2040年二月初二；传统节日；保留,
FALSE,dragon-boat-lunar2040,端午节 Dragon Boat Festival,2040/6/14,none,,apple-native-likely,农历2040年五月初五；苹果原生日历通常已包含；默认关闭避免重复,
FALSE,qixi-lunar2040,七夕节 Qixi Festival,2040/8/14,none,,apple-native-likely,农历2040年七月初七；默认关闭,
TRUE,ghost-festival-lunar2040,中元节 Ghost Festival,2040/8/22,none,,lunar,农历2040年七月十五；中国传统节日,
FALSE,mid-autumn-lunar2040,中秋节 Mid-Autumn Festival,2040/9/20,none,,apple-native-likely,农历2040年八月十五；苹果原生日历通常已包含；默认关闭避免重复,
TRUE,double-ninth-lunar2040,重阳节 Double Ninth Festival,2040/10/14,none,,lunar,农历2040年九月初九；传统节日；保留,
TRUE,black-friday-2040,黑色星期五 Black Friday,2040/11/23,none,,business,美国感恩节后的星期五；按年份计算,
FALSE,laba-lunar2040,腊八节 Laba Festival,2041/1/10,none,,apple-native-likely,农历2040年十二月初八；传统节日；默认关闭,
FALSE,xiaonian-north-lunar2040,北方小年 Northern Little New Year,2041/1/25,none,,apple-native-likely,农历2040年十二月二十三；传统节日；默认关闭,
FALSE,xiaonian-south-lunar2040,南方小年 Southern Little New Year,2041/1/26,none,,apple-native-likely,农历2040年十二月二十四；传统节日；默认关闭,
FALSE,chuxi-lunar2040,除夕 Chinese New Year’s Eve,2041/1/31,none,,apple-native-likely,农历2040年腊月最后一天；苹果原生日历通常已包含；默认关闭避免重复,
FALSE,spring-festival-lunar2041,春节 Spring Festival,2041/2/1,none,,apple-native-likely,农历2041年正月初一；苹果原生日历通常已包含；默认关闭避免重复,
FALSE,lantern-festival-lunar2041,元宵节 Lantern Festival,2041/2/15,none,,apple-native-likely,农历2041年正月十五；苹果中国大陆日历可能已包含；默认关闭避免重复,
TRUE,dragon-heads-raising-lunar2041,龙抬头 Dragon Heads-raising Day,2041/3/3,none,,lunar,农历2041年二月初二；传统节日；保留,
FALSE,dragon-boat-lunar2041,端午节 Dragon Boat Festival,2041/6/3,none,,apple-native-likely,农历2041年五月初五；苹果原生日历通常已包含；默认关闭避免重复,
FALSE,qixi-lunar2041,七夕节 Qixi Festival,2041/8/3,none,,apple-native-likely,农历2041年七月初七；默认关闭,
TRUE,ghost-festival-lunar2041,中元节 Ghost Festival,2041/8/11,none,,lunar,农历2041年七月十五；中国传统节日,
FALSE,mid-autumn-lunar2041,中秋节 Mid-Autumn Festival,2041/9/10,none,,apple-native-likely,农历2041年八月十五；苹果原生日历通常已包含；默认关闭避免重复,
TRUE,double-ninth-lunar2041,重阳节 Double Ninth Festival,2041/10/3,none,,lunar,农历2041年九月初九；传统节日；保留,
TRUE,black-friday-2041,黑色星期五 Black Friday,2041/11/29,none,,business,美国感恩节后的星期五；按年份计算,
FALSE,laba-lunar2041,腊八节 Laba Festival,2041/12/30,none,,apple-native-likely,农历2041年十二月初八；传统节日；默认关闭,
FALSE,xiaonian-north-lunar2041,北方小年 Northern Little New Year,2042/1/14,none,,apple-native-likely,农历2041年十二月二十三；传统节日；默认关闭,
FALSE,xiaonian-south-lunar2041,南方小年 Southern Little New Year,2042/1/15,none,,apple-native-likely,农历2041年十二月二十四；传统节日；默认关闭,
FALSE,chuxi-lunar2041,除夕 Chinese New Year’s Eve,2042/1/21,none,,apple-native-likely,农历2041年腊月最后一天；苹果原生日历通常已包含；默认关闭避免重复,
FALSE,spring-festival-lunar2042,春节 Spring Festival,2042/1/22,none,,apple-native-likely,农历2042年正月初一；苹果原生日历通常已包含；默认关闭避免重复,
FALSE,lantern-festival-lunar2042,元宵节 Lantern Festival,2042/2/5,none,,apple-native-likely,农历2042年正月十五；苹果中国大陆日历可能已包含；默认关闭避免重复,
TRUE,dragon-heads-raising-lunar2042,龙抬头 Dragon Heads-raising Day,2042/2/21,none,,lunar,农历2042年二月初二；传统节日；保留,
FALSE,dragon-boat-lunar2042,端午节 Dragon Boat Festival,2042/6/22,none,,apple-native-likely,农历2042年五月初五；苹果原生日历通常已包含；默认关闭避免重复,
FALSE,qixi-lunar2042,七夕节 Qixi Festival,2042/8/22,none,,apple-native-likely,农历2042年七月初七；默认关闭,
TRUE,ghost-festival-lunar2042,中元节 Ghost Festival,2042/8/30,none,,lunar,农历2042年七月十五；中国传统节日,
FALSE,mid-autumn-lunar2042,中秋节 Mid-Autumn Festival,2042/9/28,none,,apple-native-likely,农历2042年八月十五；苹果原生日历通常已包含；默认关闭避免重复,
TRUE,double-ninth-lunar2042,重阳节 Double Ninth Festival,2042/10/22,none,,lunar,农历2042年九月初九；传统节日；保留,
TRUE,black-friday-2042,黑色星期五 Black Friday,2042/11/28,none,,business,美国感恩节后的星期五；按年份计算,
FALSE,laba-lunar2042,腊八节 Laba Festival,2043/1/18,none,,apple-native-likely,农历2042年十二月初八；传统节日；默认关闭,
FALSE,xiaonian-north-lunar2042,北方小年 Northern Little New Year,2043/2/2,none,,apple-native-likely,农历2042年十二月二十三；传统节日；默认关闭,
FALSE,xiaonian-south-lunar2042,南方小年 Southern Little New Year,2043/2/3,none,,apple-native-likely,农历2042年十二月二十四；传统节日；默认关闭,
FALSE,chuxi-lunar2042,除夕 Chinese New Year’s Eve,2043/2/9,none,,apple-native-likely,农历2042年腊月最后一天；苹果原生日历通常已包含；默认关闭避免重复,
FALSE,spring-festival-lunar2043,春节 Spring Festival,2043/2/10,none,,apple-native-likely,农历2043年正月初一；苹果原生日历通常已包含；默认关闭避免重复,
FALSE,lantern-festival-lunar2043,元宵节 Lantern Festival,2043/2/24,none,,apple-native-likely,农历2043年正月十五；苹果中国大陆日历可能已包含；默认关闭避免重复,
TRUE,dragon-heads-raising-lunar2043,龙抬头 Dragon Heads-raising Day,2043/3/12,none,,lunar,农历2043年二月初二；传统节日；保留,
FALSE,dragon-boat-lunar2043,端午节 Dragon Boat Festival,2043/6/11,none,,apple-native-likely,农历2043年五月初五；苹果原生日历通常已包含；默认关闭避免重复,
FALSE,qixi-lunar2043,七夕节 Qixi Festival,2043/8/11,none,,apple-native-likely,农历2043年七月初七；默认关闭,
TRUE,ghost-festival-lunar2043,中元节 Ghost Festival,2043/8/19,none,,lunar,农历2043年七月十五；中国传统节日,
FALSE,mid-autumn-lunar2043,中秋节 Mid-Autumn Festival,2043/9/17,none,,apple-native-likely,农历2043年八月十五；苹果原生日历通常已包含；默认关闭避免重复,
TRUE,double-ninth-lunar2043,重阳节 Double Ninth Festival,2043/10/11,none,,lunar,农历2043年九月初九；传统节日；保留,
TRUE,black-friday-2043,黑色星期五 Black Friday,2043/11/27,none,,business,美国感恩节后的星期五；按年份计算,
FALSE,laba-lunar2043,腊八节 Laba Festival,2044/1/7,none,,apple-native-likely,农历2043年十二月初八；传统节日；默认关闭,
FALSE,xiaonian-north-lunar2043,北方小年 Northern Little New Year,2044/1/22,none,,apple-native-likely,农历2043年十二月二十三；传统节日；默认关闭,
FALSE,xiaonian-south-lunar2043,南方小年 Southern Little New Year,2044/1/23,none,,apple-native-likely,农历2043年十二月二十四；传统节日；默认关闭,
FALSE,chuxi-lunar2043,除夕 Chinese New Year’s Eve,2044/1/29,none,,apple-native-likely,农历2043年腊月最后一天；苹果原生日历通常已包含；默认关闭避免重复,
FALSE,spring-festival-lunar2044,春节 Spring Festival,2044/1/30,none,,apple-native-likely,农历2044年正月初一；苹果原生日历通常已包含；默认关闭避免重复,
FALSE,lantern-festival-lunar2044,元宵节 Lantern Festival,2044/2/13,none,,apple-native-likely,农历2044年正月十五；苹果中国大陆日历可能已包含；默认关闭避免重复,
TRUE,dragon-heads-raising-lunar2044,龙抬头 Dragon Heads-raising Day,2044/3/1,none,,lunar,农历2044年二月初二；传统节日；保留,
FALSE,dragon-boat-lunar2044,端午节 Dragon Boat Festival,2044/5/31,none,,apple-native-likely,农历2044年五月初五；苹果原生日历通常已包含；默认关闭避免重复,
FALSE,qixi-lunar2044,七夕节 Qixi Festival,2044/7/31,none,,apple-native-likely,农历2044年七月初七；默认关闭,
TRUE,ghost-festival-lunar2044,中元节 Ghost Festival,2044/8/8,none,,lunar,农历2044年七月十五；中国传统节日,
FALSE,mid-autumn-lunar2044,中秋节 Mid-Autumn Festival,2044/10/5,none,,apple-native-likely,农历2044年八月十五；苹果原生日历通常已包含；默认关闭避免重复,
TRUE,double-ninth-lunar2044,重阳节 Double Ninth Festival,2044/10/29,none,,lunar,农历2044年九月初九；传统节日；保留,
TRUE,black-friday-2044,黑色星期五 Black Friday,2044/11/25,none,,business,美国感恩节后的星期五；按年份计算,
FALSE,laba-lunar2044,腊八节 Laba Festival,2045/1/25,none,,apple-native-likely,农历2044年十二月初八；传统节日；默认关闭,
FALSE,xiaonian-north-lunar2044,北方小年 Northern Little New Year,2045/2/9,none,,apple-native-likely,农历2044年十二月二十三；传统节日；默认关闭,
FALSE,xiaonian-south-lunar2044,南方小年 Southern Little New Year,2045/2/10,none,,apple-native-likely,农历2044年十二月二十四；传统节日；默认关闭,
FALSE,chuxi-lunar2044,除夕 Chinese New Year’s Eve,2045/2/16,none,,apple-native-likely,农历2044年腊月最后一天；苹果原生日历通常已包含；默认关闭避免重复,
FALSE,spring-festival-lunar2045,春节 Spring Festival,2045/2/17,none,,apple-native-likely,农历2045年正月初一；苹果原生日历通常已包含；默认关闭避免重复,
FALSE,lantern-festival-lunar2045,元宵节 Lantern Festival,2045/3/3,none,,apple-native-likely,农历2045年正月十五；苹果中国大陆日历可能已包含；默认关闭避免重复,
TRUE,dragon-heads-raising-lunar2045,龙抬头 Dragon Heads-raising Day,2045/3/20,none,,lunar,农历2045年二月初二；传统节日；保留,
FALSE,dragon-boat-lunar2045,端午节 Dragon Boat Festival,2045/6/19,none,,apple-native-likely,农历2045年五月初五；苹果原生日历通常已包含；默认关闭避免重复,
FALSE,qixi-lunar2045,七夕节 Qixi Festival,2045/8/19,none,,apple-native-likely,农历2045年七月初七；默认关闭,
TRUE,ghost-festival-lunar2045,中元节 Ghost Festival,2045/8/27,none,,lunar,农历2045年七月十五；中国传统节日,
FALSE,mid-autumn-lunar2045,中秋节 Mid-Autumn Festival,2045/9/25,none,,apple-native-likely,农历2045年八月十五；苹果原生日历通常已包含；默认关闭避免重复,
TRUE,double-ninth-lunar2045,重阳节 Double Ninth Festival,2045/10/18,none,,lunar,农历2045年九月初九；传统节日；保留,
TRUE,black-friday-2045,黑色星期五 Black Friday,2045/11/24,none,,business,美国感恩节后的星期五；按年份计算,
FALSE,laba-lunar2045,腊八节 Laba Festival,2046/1/14,none,,apple-native-likely,农历2045年十二月初八；传统节日；默认关闭,
FALSE,xiaonian-north-lunar2045,北方小年 Northern Little New Year,2046/1/29,none,,apple-native-likely,农历2045年十二月二十三；传统节日；默认关闭,
FALSE,xiaonian-south-lunar2045,南方小年 Southern Little New Year,2046/1/30,none,,apple-native-likely,农历2045年十二月二十四；传统节日；默认关闭,
FALSE,chuxi-lunar2045,除夕 Chinese New Year’s Eve,2046/2/5,none,,apple-native-likely,农历2045年腊月最后一天；苹果原生日历通常已包含；默认关闭避免重复,
FALSE,spring-festival-lunar2046,春节 Spring Festival,2046/2/6,none,,apple-native-likely,农历2046年正月初一；苹果原生日历通常已包含；默认关闭避免重复,
FALSE,lantern-festival-lunar2046,元宵节 Lantern Festival,2046/2/20,none,,apple-native-likely,农历2046年正月十五；苹果中国大陆日历可能已包含；默认关闭避免重复,
TRUE,dragon-heads-raising-lunar2046,龙抬头 Dragon Heads-raising Day,2046/3/9,none,,lunar,农历2046年二月初二；传统节日；保留,
FALSE,dragon-boat-lunar2046,端午节 Dragon Boat Festival,2046/6/8,none,,apple-native-likely,农历2046年五月初五；苹果原生日历通常已包含；默认关闭避免重复,
FALSE,qixi-lunar2046,七夕节 Qixi Festival,2046/8/8,none,,apple-native-likely,农历2046年七月初七；默认关闭,
TRUE,ghost-festival-lunar2046,中元节 Ghost Festival,2046/8/16,none,,lunar,农历2046年七月十五；中国传统节日,
FALSE,mid-autumn-lunar2046,中秋节 Mid-Autumn Festival,2046/9/15,none,,apple-native-likely,农历2046年八月十五；苹果原生日历通常已包含；默认关闭避免重复,
TRUE,double-ninth-lunar2046,重阳节 Double Ninth Festival,2046/10/8,none,,lunar,农历2046年九月初九；传统节日；保留,
TRUE,black-friday-2046,黑色星期五 Black Friday,2046/11/23,none,,business,美国感恩节后的星期五；按年份计算,
FALSE,laba-lunar2046,腊八节 Laba Festival,2047/1/3,none,,apple-native-likely,农历2046年十二月初八；传统节日；默认关闭,
FALSE,xiaonian-north-lunar2046,北方小年 Northern Little New Year,2047/1/18,none,,apple-native-likely,农历2046年十二月二十三；传统节日；默认关闭,
FALSE,xiaonian-south-lunar2046,南方小年 Southern Little New Year,2047/1/19,none,,apple-native-likely,农历2046年十二月二十四；传统节日；默认关闭,
FALSE,chuxi-lunar2046,除夕 Chinese New Year’s Eve,2047/1/25,none,,apple-native-likely,农历2046年腊月最后一天；苹果原生日历通常已包含；默认关闭避免重复,
FALSE,spring-festival-lunar2047,春节 Spring Festival,2047/1/26,none,,apple-native-likely,农历2047年正月初一；苹果原生日历通常已包含；默认关闭避免重复,
FALSE,lantern-festival-lunar2047,元宵节 Lantern Festival,2047/2/9,none,,apple-native-likely,农历2047年正月十五；苹果中国大陆日历可能已包含；默认关闭避免重复,
TRUE,dragon-heads-raising-lunar2047,龙抬头 Dragon Heads-raising Day,2047/2/26,none,,lunar,农历2047年二月初二；传统节日；保留,
FALSE,dragon-boat-lunar2047,端午节 Dragon Boat Festival,2047/5/29,none,,apple-native-likely,农历2047年五月初五；苹果原生日历通常已包含；默认关闭避免重复,
FALSE,qixi-lunar2047,七夕节 Qixi Festival,2047/8/27,none,,apple-native-likely,农历2047年七月初七；默认关闭,
TRUE,ghost-festival-lunar2047,中元节 Ghost Festival,2047/9/4,none,,lunar,农历2047年七月十五；中国传统节日,
FALSE,mid-autumn-lunar2047,中秋节 Mid-Autumn Festival,2047/10/4,none,,apple-native-likely,农历2047年八月十五；苹果原生日历通常已包含；默认关闭避免重复,
TRUE,double-ninth-lunar2047,重阳节 Double Ninth Festival,2047/10/27,none,,lunar,农历2047年九月初九；传统节日；保留,
TRUE,black-friday-2047,黑色星期五 Black Friday,2047/11/29,none,,business,美国感恩节后的星期五；按年份计算,
FALSE,laba-lunar2047,腊八节 Laba Festival,2048/1/22,none,,apple-native-likely,农历2047年十二月初八；传统节日；默认关闭,
FALSE,xiaonian-north-lunar2047,北方小年 Northern Little New Year,2048/2/6,none,,apple-native-likely,农历2047年十二月二十三；传统节日；默认关闭,
FALSE,xiaonian-south-lunar2047,南方小年 Southern Little New Year,2048/2/7,none,,apple-native-likely,农历2047年十二月二十四；传统节日；默认关闭,
FALSE,chuxi-lunar2047,除夕 Chinese New Year’s Eve,2048/2/13,none,,apple-native-likely,农历2047年腊月最后一天；苹果原生日历通常已包含；默认关闭避免重复,
FALSE,spring-festival-lunar2048,春节 Spring Festival,2048/2/14,none,,apple-native-likely,农历2048年正月初一；苹果原生日历通常已包含；默认关闭避免重复,
FALSE,lantern-festival-lunar2048,元宵节 Lantern Festival,2048/2/28,none,,apple-native-likely,农历2048年正月十五；苹果中国大陆日历可能已包含；默认关闭避免重复,
TRUE,dragon-heads-raising-lunar2048,龙抬头 Dragon Heads-raising Day,2048/3/15,none,,lunar,农历2048年二月初二；传统节日；保留,
FALSE,dragon-boat-lunar2048,端午节 Dragon Boat Festival,2048/6/15,none,,apple-native-likely,农历2048年五月初五；苹果原生日历通常已包含；默认关闭避免重复,
FALSE,qixi-lunar2048,七夕节 Qixi Festival,2048/8/16,none,,apple-native-likely,农历2048年七月初七；默认关闭,
TRUE,ghost-festival-lunar2048,中元节 Ghost Festival,2048/8/24,none,,lunar,农历2048年七月十五；中国传统节日,
FALSE,mid-autumn-lunar2048,中秋节 Mid-Autumn Festival,2048/9/22,none,,apple-native-likely,农历2048年八月十五；苹果原生日历通常已包含；默认关闭避免重复,
TRUE,double-ninth-lunar2048,重阳节 Double Ninth Festival,2048/10/16,none,,lunar,农历2048年九月初九；传统节日；保留,
TRUE,black-friday-2048,黑色星期五 Black Friday,2048/11/27,none,,business,美国感恩节后的星期五；按年份计算,
FALSE,laba-lunar2048,腊八节 Laba Festival,2049/1/11,none,,apple-native-likely,农历2048年十二月初八；传统节日；默认关闭,
FALSE,xiaonian-north-lunar2048,北方小年 Northern Little New Year,2049/1/26,none,,apple-native-likely,农历2048年十二月二十三；传统节日；默认关闭,
FALSE,xiaonian-south-lunar2048,南方小年 Southern Little New Year,2049/1/27,none,,apple-native-likely,农历2048年十二月二十四；传统节日；默认关闭,
FALSE,chuxi-lunar2048,除夕 Chinese New Year’s Eve,2049/2/1,none,,apple-native-likely,农历2048年腊月最后一天；苹果原生日历通常已包含；默认关闭避免重复,
FALSE,spring-festival-lunar2049,春节 Spring Festival,2049/2/2,none,,apple-native-likely,农历2049年正月初一；苹果原生日历通常已包含；默认关闭避免重复,
FALSE,lantern-festival-lunar2049,元宵节 Lantern Festival,2049/2/16,none,,apple-native-likely,农历2049年正月十五；苹果中国大陆日历可能已包含；默认关闭避免重复,
TRUE,dragon-heads-raising-lunar2049,龙抬头 Dragon Heads-raising Day,2049/3/5,none,,lunar,农历2049年二月初二；传统节日；保留,
FALSE,dragon-boat-lunar2049,端午节 Dragon Boat Festival,2049/6/4,none,,apple-native-likely,农历2049年五月初五；苹果原生日历通常已包含；默认关闭避免重复,
FALSE,qixi-lunar2049,七夕节 Qixi Festival,2049/8/5,none,,apple-native-likely,农历2049年七月初七；默认关闭,
TRUE,ghost-festival-lunar2049,中元节 Ghost Festival,2049/8/13,none,,lunar,农历2049年七月十五；中国传统节日,
FALSE,mid-autumn-lunar2049,中秋节 Mid-Autumn Festival,2049/9/11,none,,apple-native-likely,农历2049年八月十五；苹果原生日历通常已包含；默认关闭避免重复,
TRUE,double-ninth-lunar2049,重阳节 Double Ninth Festival,2049/10/5,none,,lunar,农历2049年九月初九；传统节日；保留,
TRUE,black-friday-2049,黑色星期五 Black Friday,2049/11/26,none,,business,美国感恩节后的星期五；按年份计算,
FALSE,laba-lunar2049,腊八节 Laba Festival,2050/1/1,none,,apple-native-likely,农历2049年十二月初八；传统节日；默认关闭,
FALSE,xiaonian-north-lunar2049,北方小年 Northern Little New Year,2050/1/16,none,,apple-native-likely,农历2049年十二月二十三；传统节日；默认关闭,
FALSE,xiaonian-south-lunar2049,南方小年 Southern Little New Year,2050/1/17,none,,apple-native-likely,农历2049年十二月二十四；传统节日；默认关闭,
FALSE,chuxi-lunar2049,除夕 Chinese New Year’s Eve,2050/1/22,none,,apple-native-likely,农历2049年腊月最后一天；苹果原生日历通常已包含；默认关闭避免重复,
FALSE,spring-festival-lunar2050,春节 Spring Festival,2050/1/23,none,,apple-native-likely,农历2050年正月初一；苹果原生日历通常已包含；默认关闭避免重复,
FALSE,lantern-festival-lunar2050,元宵节 Lantern Festival,2050/2/6,none,,apple-native-likely,农历2050年正月十五；苹果中国大陆日历可能已包含；默认关闭避免重复,
TRUE,dragon-heads-raising-lunar2050,龙抬头 Dragon Heads-raising Day,2050/2/22,none,,lunar,农历2050年二月初二；传统节日；保留,
FALSE,dragon-boat-lunar2050,端午节 Dragon Boat Festival,2050/6/23,none,,apple-native-likely,农历2050年五月初五；苹果原生日历通常已包含；默认关闭避免重复,
FALSE,qixi-lunar2050,七夕节 Qixi Festival,2050/8/23,none,,apple-native-likely,农历2050年七月初七；默认关闭,
TRUE,ghost-festival-lunar2050,中元节 Ghost Festival,2050/8/31,none,,lunar,农历2050年七月十五；中国传统节日,
FALSE,mid-autumn-lunar2050,中秋节 Mid-Autumn Festival,2050/9/30,none,,apple-native-likely,农历2050年八月十五；苹果原生日历通常已包含；默认关闭避免重复,
TRUE,double-ninth-lunar2050,重阳节 Double Ninth Festival,2050/10/24,none,,lunar,农历2050年九月初九；传统节日；保留,
TRUE,black-friday-2050,黑色星期五 Black Friday,2050/11/25,none,,business,美国感恩节后的星期五；按年份计算,
FALSE,laba-lunar2050,腊八节 Laba Festival,2051/1/20,none,,apple-native-likely,农历2050年十二月初八；传统节日；默认关闭,
FALSE,xiaonian-north-lunar2050,北方小年 Northern Little New Year,2051/2/4,none,,apple-native-likely,农历2050年十二月二十三；传统节日；默认关闭,
FALSE,xiaonian-south-lunar2050,南方小年 Southern Little New Year,2051/2/5,none,,apple-native-likely,农历2050年十二月二十四；传统节日；默认关闭,
FALSE,chuxi-lunar2050,除夕 Chinese New Year’s Eve,2051/2/10,none,,apple-native-likely,农历2050年腊月最后一天；苹果原生日历通常已包含；默认关闭避免重复,
FALSE,spring-festival-lunar2051,春节 Spring Festival,2051/2/11,none,,apple-native-likely,农历2051年正月初一；苹果原生日历通常已包含；默认关闭避免重复,
FALSE,lantern-festival-lunar2051,元宵节 Lantern Festival,2051/2/25,none,,apple-native-likely,农历2051年正月十五；苹果中国大陆日历可能已包含；默认关闭避免重复,
TRUE,dragon-heads-raising-lunar2051,龙抬头 Dragon Heads-raising Day,2051/3/14,none,,lunar,农历2051年二月初二；传统节日；保留,
FALSE,dragon-boat-lunar2051,端午节 Dragon Boat Festival,2051/6/13,none,,apple-native-likely,农历2051年五月初五；苹果原生日历通常已包含；默认关闭避免重复,
FALSE,qixi-lunar2051,七夕节 Qixi Festival,2051/8/12,none,,apple-native-likely,农历2051年七月初七；默认关闭,
TRUE,ghost-festival-lunar2051,中元节 Ghost Festival,2051/8/20,none,,lunar,农历2051年七月十五；中国传统节日,
FALSE,mid-autumn-lunar2051,中秋节 Mid-Autumn Festival,2051/9/19,none,,apple-native-likely,农历2051年八月十五；苹果原生日历通常已包含；默认关闭避免重复,
TRUE,double-ninth-lunar2051,重阳节 Double Ninth Festival,2051/10/13,none,,lunar,农历2051年九月初九；传统节日；保留,
TRUE,black-friday-2051,黑色星期五 Black Friday,2051/11/24,none,,business,美国感恩节后的星期五；按年份计算,
FALSE,laba-lunar2051,腊八节 Laba Festival,2052/1/9,none,,apple-native-likely,农历2051年十二月初八；传统节日；默认关闭,
FALSE,xiaonian-north-lunar2051,北方小年 Northern Little New Year,2052/1/24,none,,apple-native-likely,农历2051年十二月二十三；传统节日；默认关闭,
FALSE,xiaonian-south-lunar2051,南方小年 Southern Little New Year,2052/1/25,none,,apple-native-likely,农历2051年十二月二十四；传统节日；默认关闭,
FALSE,chuxi-lunar2051,除夕 Chinese New Year’s Eve,2052/1/31,none,,apple-native-likely,农历2051年腊月最后一天；苹果原生日历通常已包含；默认关闭避免重复,
FALSE,spring-festival-lunar2052,春节 Spring Festival,2052/2/1,none,,apple-native-likely,农历2052年正月初一；苹果原生日历通常已包含；默认关闭避免重复,
FALSE,lantern-festival-lunar2052,元宵节 Lantern Festival,2052/2/15,none,,apple-native-likely,农历2052年正月十五；苹果中国大陆日历可能已包含；默认关闭避免重复,
TRUE,dragon-heads-raising-lunar2052,龙抬头 Dragon Heads-raising Day,2052/3/2,none,,lunar,农历2052年二月初二；传统节日；保留,
FALSE,dragon-boat-lunar2052,端午节 Dragon Boat Festival,2052/6/1,none,,apple-native-likely,农历2052年五月初五；苹果原生日历通常已包含；默认关闭避免重复,
FALSE,qixi-lunar2052,七夕节 Qixi Festival,2052/8/1,none,,apple-native-likely,农历2052年七月初七；默认关闭,
TRUE,ghost-festival-lunar2052,中元节 Ghost Festival,2052/8/9,none,,lunar,农历2052年七月十五；中国传统节日,
FALSE,mid-autumn-lunar2052,中秋节 Mid-Autumn Festival,2052/9/7,none,,apple-native-likely,农历2052年八月十五；苹果原生日历通常已包含；默认关闭避免重复,
TRUE,double-ninth-lunar2052,重阳节 Double Ninth Festival,2052/10/30,none,,lunar,农历2052年九月初九；传统节日；保留,
TRUE,black-friday-2052,黑色星期五 Black Friday,2052/11/29,none,,business,美国感恩节后的星期五；按年份计算,
FALSE,laba-lunar2052,腊八节 Laba Festival,2053/1/27,none,,apple-native-likely,农历2052年十二月初八；传统节日；默认关闭,
FALSE,xiaonian-north-lunar2052,北方小年 Northern Little New Year,2053/2/11,none,,apple-native-likely,农历2052年十二月二十三；传统节日；默认关闭,
FALSE,xiaonian-south-lunar2052,南方小年 Southern Little New Year,2053/2/12,none,,apple-native-likely,农历2052年十二月二十四；传统节日；默认关闭,
FALSE,chuxi-lunar2052,除夕 Chinese New Year’s Eve,2053/2/18,none,,apple-native-likely,农历2052年腊月最后一天；苹果原生日历通常已包含；默认关闭避免重复,
FALSE,spring-festival-lunar2053,春节 Spring Festival,2053/2/19,none,,apple-native-likely,农历2053年正月初一；苹果原生日历通常已包含；默认关闭避免重复,
FALSE,lantern-festival-lunar2053,元宵节 Lantern Festival,2053/3/5,none,,apple-native-likely,农历2053年正月十五；苹果中国大陆日历可能已包含；默认关闭避免重复,
TRUE,dragon-heads-raising-lunar2053,龙抬头 Dragon Heads-raising Day,2053/3/21,none,,lunar,农历2053年二月初二；传统节日；保留,
FALSE,dragon-boat-lunar2053,端午节 Dragon Boat Festival,2053/6/20,none,,apple-native-likely,农历2053年五月初五；苹果原生日历通常已包含；默认关闭避免重复,
FALSE,qixi-lunar2053,七夕节 Qixi Festival,2053/8/20,none,,apple-native-likely,农历2053年七月初七；默认关闭,
TRUE,ghost-festival-lunar2053,中元节 Ghost Festival,2053/8/28,none,,lunar,农历2053年七月十五；中国传统节日,
FALSE,mid-autumn-lunar2053,中秋节 Mid-Autumn Festival,2053/9/26,none,,apple-native-likely,农历2053年八月十五；苹果原生日历通常已包含；默认关闭避免重复,
TRUE,double-ninth-lunar2053,重阳节 Double Ninth Festival,2053/10/20,none,,lunar,农历2053年九月初九；传统节日；保留,
TRUE,black-friday-2053,黑色星期五 Black Friday,2053/11/28,none,,business,美国感恩节后的星期五；按年份计算,
FALSE,laba-lunar2053,腊八节 Laba Festival,2054/1/16,none,,apple-native-likely,农历2053年十二月初八；传统节日；默认关闭,
FALSE,xiaonian-north-lunar2053,北方小年 Northern Little New Year,2054/1/31,none,,apple-native-likely,农历2053年十二月二十三；传统节日；默认关闭,
FALSE,xiaonian-south-lunar2053,南方小年 Southern Little New Year,2054/2/1,none,,apple-native-likely,农历2053年十二月二十四；传统节日；默认关闭,
FALSE,chuxi-lunar2053,除夕 Chinese New Year’s Eve,2054/2/7,none,,apple-native-likely,农历2053年腊月最后一天；苹果原生日历通常已包含；默认关闭避免重复,
FALSE,spring-festival-lunar2054,春节 Spring Festival,2054/2/8,none,,apple-native-likely,农历2054年正月初一；苹果原生日历通常已包含；默认关闭避免重复,
FALSE,lantern-festival-lunar2054,元宵节 Lantern Festival,2054/2/22,none,,apple-native-likely,农历2054年正月十五；苹果中国大陆日历可能已包含；默认关闭避免重复,
TRUE,dragon-heads-raising-lunar2054,龙抬头 Dragon Heads-raising Day,2054/3/10,none,,lunar,农历2054年二月初二；传统节日；保留,
FALSE,dragon-boat-lunar2054,端午节 Dragon Boat Festival,2054/6/10,none,,apple-native-likely,农历2054年五月初五；苹果原生日历通常已包含；默认关闭避免重复,
FALSE,qixi-lunar2054,七夕节 Qixi Festival,2054/8/10,none,,apple-native-likely,农历2054年七月初七；默认关闭,
TRUE,ghost-festival-lunar2054,中元节 Ghost Festival,2054/8/18,none,,lunar,农历2054年七月十五；中国传统节日,
FALSE,mid-autumn-lunar2054,中秋节 Mid-Autumn Festival,2054/9/16,none,,apple-native-likely,农历2054年八月十五；苹果原生日历通常已包含；默认关闭避免重复,
TRUE,double-ninth-lunar2054,重阳节 Double Ninth Festival,2054/10/9,none,,lunar,农历2054年九月初九；传统节日；保留,
TRUE,black-friday-2054,黑色星期五 Black Friday,2054/11/27,none,,business,美国感恩节后的星期五；按年份计算,
FALSE,laba-lunar2054,腊八节 Laba Festival,2055/1/5,none,,apple-native-likely,农历2054年十二月初八；传统节日；默认关闭,
FALSE,xiaonian-north-lunar2054,北方小年 Northern Little New Year,2055/1/20,none,,apple-native-likely,农历2054年十二月二十三；传统节日；默认关闭,
FALSE,xiaonian-south-lunar2054,南方小年 Southern Little New Year,2055/1/21,none,,apple-native-likely,农历2054年十二月二十四；传统节日；默认关闭,
FALSE,chuxi-lunar2054,除夕 Chinese New Year’s Eve,2055/1/27,none,,apple-native-likely,农历2054年腊月最后一天；苹果原生日历通常已包含；默认关闭避免重复,
FALSE,spring-festival-lunar2055,春节 Spring Festival,2055/1/28,none,,apple-native-likely,农历2055年正月初一；苹果原生日历通常已包含；默认关闭避免重复,
FALSE,lantern-festival-lunar2055,元宵节 Lantern Festival,2055/2/11,none,,apple-native-likely,农历2055年正月十五；苹果中国大陆日历可能已包含；默认关闭避免重复,
TRUE,dragon-heads-raising-lunar2055,龙抬头 Dragon Heads-raising Day,2055/2/27,none,,lunar,农历2055年二月初二；传统节日；保留,
FALSE,dragon-boat-lunar2055,端午节 Dragon Boat Festival,2055/5/30,none,,apple-native-likely,农历2055年五月初五；苹果原生日历通常已包含；默认关闭避免重复,
FALSE,qixi-lunar2055,七夕节 Qixi Festival,2055/8/29,none,,apple-native-likely,农历2055年七月初七；默认关闭,
TRUE,ghost-festival-lunar2055,中元节 Ghost Festival,2055/9/6,none,,lunar,农历2055年七月十五；中国传统节日,
FALSE,mid-autumn-lunar2055,中秋节 Mid-Autumn Festival,2055/10/5,none,,apple-native-likely,农历2055年八月十五；苹果原生日历通常已包含；默认关闭避免重复,
TRUE,double-ninth-lunar2055,重阳节 Double Ninth Festival,2055/10/28,none,,lunar,农历2055年九月初九；传统节日；保留,
TRUE,black-friday-2055,黑色星期五 Black Friday,2055/11/26,none,,business,美国感恩节后的星期五；按年份计算,
FALSE,laba-lunar2055,腊八节 Laba Festival,2056/1/24,none,,apple-native-likely,农历2055年十二月初八；传统节日；默认关闭,
FALSE,xiaonian-north-lunar2055,北方小年 Northern Little New Year,2056/2/8,none,,apple-native-likely,农历2055年十二月二十三；传统节日；默认关闭,
FALSE,xiaonian-south-lunar2055,南方小年 Southern Little New Year,2056/2/9,none,,apple-native-likely,农历2055年十二月二十四；传统节日；默认关闭,
FALSE,chuxi-lunar2055,除夕 Chinese New Year’s Eve,2056/2/14,none,,apple-native-likely,农历2055年腊月最后一天；苹果原生日历通常已包含；默认关闭避免重复,
FALSE,spring-festival-lunar2056,春节 Spring Festival,2056/2/15,none,,apple-native-likely,农历2056年正月初一；苹果原生日历通常已包含；默认关闭避免重复,
FALSE,lantern-festival-lunar2056,元宵节 Lantern Festival,2056/2/29,none,,apple-native-likely,农历2056年正月十五；苹果中国大陆日历可能已包含；默认关闭避免重复,
TRUE,dragon-heads-raising-lunar2056,龙抬头 Dragon Heads-raising Day,2056/3/17,none,,lunar,农历2056年二月初二；传统节日；保留,
FALSE,dragon-boat-lunar2056,端午节 Dragon Boat Festival,2056/6/17,none,,apple-native-likely,农历2056年五月初五；苹果原生日历通常已包含；默认关闭避免重复,
FALSE,qixi-lunar2056,七夕节 Qixi Festival,2056/8/17,none,,apple-native-likely,农历2056年七月初七；默认关闭,
TRUE,ghost-festival-lunar2056,中元节 Ghost Festival,2056/8/25,none,,lunar,农历2056年七月十五；中国传统节日,
FALSE,mid-autumn-lunar2056,中秋节 Mid-Autumn Festival,2056/9/24,none,,apple-native-likely,农历2056年八月十五；苹果原生日历通常已包含；默认关闭避免重复,
TRUE,double-ninth-lunar2056,重阳节 Double Ninth Festival,2056/10/17,none,,lunar,农历2056年九月初九；传统节日；保留,
TRUE,black-friday-2056,黑色星期五 Black Friday,2056/11/24,none,,business,美国感恩节后的星期五；按年份计算,
FALSE,laba-lunar2056,腊八节 Laba Festival,2057/1/12,none,,apple-native-likely,农历2056年十二月初八；传统节日；默认关闭,
FALSE,xiaonian-north-lunar2056,北方小年 Northern Little New Year,2057/1/27,none,,apple-native-likely,农历2056年十二月二十三；传统节日；默认关闭,
FALSE,xiaonian-south-lunar2056,南方小年 Southern Little New Year,2057/1/28,none,,apple-native-likely,农历2056年十二月二十四；传统节日；默认关闭,
FALSE,chuxi-lunar2056,除夕 Chinese New Year’s Eve,2057/2/3,none,,apple-native-likely,农历2056年腊月最后一天；苹果原生日历通常已包含；默认关闭避免重复,
FALSE,spring-festival-lunar2057,春节 Spring Festival,2057/2/4,none,,apple-native-likely,农历2057年正月初一；苹果原生日历通常已包含；默认关闭避免重复,
FALSE,lantern-festival-lunar2057,元宵节 Lantern Festival,2057/2/18,none,,apple-native-likely,农历2057年正月十五；苹果中国大陆日历可能已包含；默认关闭避免重复,
TRUE,dragon-heads-raising-lunar2057,龙抬头 Dragon Heads-raising Day,2057/3/6,none,,lunar,农历2057年二月初二；传统节日；保留,
FALSE,dragon-boat-lunar2057,端午节 Dragon Boat Festival,2057/6/6,none,,apple-native-likely,农历2057年五月初五；苹果原生日历通常已包含；默认关闭避免重复,
FALSE,qixi-lunar2057,七夕节 Qixi Festival,2057/8/6,none,,apple-native-likely,农历2057年七月初七；默认关闭,
TRUE,ghost-festival-lunar2057,中元节 Ghost Festival,2057/8/14,none,,lunar,农历2057年七月十五；中国传统节日,
FALSE,mid-autumn-lunar2057,中秋节 Mid-Autumn Festival,2057/9/13,none,,apple-native-likely,农历2057年八月十五；苹果原生日历通常已包含；默认关闭避免重复,
TRUE,double-ninth-lunar2057,重阳节 Double Ninth Festival,2057/10/7,none,,lunar,农历2057年九月初九；传统节日；保留,
TRUE,black-friday-2057,黑色星期五 Black Friday,2057/11/23,none,,business,美国感恩节后的星期五；按年份计算,
FALSE,laba-lunar2057,腊八节 Laba Festival,2058/1/2,none,,apple-native-likely,农历2057年十二月初八；传统节日；默认关闭,
FALSE,xiaonian-north-lunar2057,北方小年 Northern Little New Year,2058/1/17,none,,apple-native-likely,农历2057年十二月二十三；传统节日；默认关闭,
FALSE,xiaonian-south-lunar2057,南方小年 Southern Little New Year,2058/1/18,none,,apple-native-likely,农历2057年十二月二十四；传统节日；默认关闭,
FALSE,chuxi-lunar2057,除夕 Chinese New Year’s Eve,2058/1/23,none,,apple-native-likely,农历2057年腊月最后一天；苹果原生日历通常已包含；默认关闭避免重复,
FALSE,spring-festival-lunar2058,春节 Spring Festival,2058/1/24,none,,apple-native-likely,农历2058年正月初一；苹果原生日历通常已包含；默认关闭避免重复,
FALSE,lantern-festival-lunar2058,元宵节 Lantern Festival,2058/2/7,none,,apple-native-likely,农历2058年正月十五；苹果中国大陆日历可能已包含；默认关闭避免重复,
TRUE,dragon-heads-raising-lunar2058,龙抬头 Dragon Heads-raising Day,2058/2/24,none,,lunar,农历2058年二月初二；传统节日；保留,
FALSE,dragon-boat-lunar2058,端午节 Dragon Boat Festival,2058/6/25,none,,apple-native-likely,农历2058年五月初五；苹果原生日历通常已包含；默认关闭避免重复,
FALSE,qixi-lunar2058,七夕节 Qixi Festival,2058/8/25,none,,apple-native-likely,农历2058年七月初七；默认关闭,
TRUE,ghost-festival-lunar2058,中元节 Ghost Festival,2058/9/2,none,,lunar,农历2058年七月十五；中国传统节日,
FALSE,mid-autumn-lunar2058,中秋节 Mid-Autumn Festival,2058/10/2,none,,apple-native-likely,农历2058年八月十五；苹果原生日历通常已包含；默认关闭避免重复,
TRUE,double-ninth-lunar2058,重阳节 Double Ninth Festival,2058/10/25,none,,lunar,农历2058年九月初九；传统节日；保留,
TRUE,black-friday-2058,黑色星期五 Black Friday,2058/11/29,none,,business,美国感恩节后的星期五；按年份计算,
FALSE,laba-lunar2058,腊八节 Laba Festival,2059/1/21,none,,apple-native-likely,农历2058年十二月初八；传统节日；默认关闭,
FALSE,xiaonian-north-lunar2058,北方小年 Northern Little New Year,2059/2/5,none,,apple-native-likely,农历2058年十二月二十三；传统节日；默认关闭,
FALSE,xiaonian-south-lunar2058,南方小年 Southern Little New Year,2059/2/6,none,,apple-native-likely,农历2058年十二月二十四；传统节日；默认关闭,
FALSE,chuxi-lunar2058,除夕 Chinese New Year’s Eve,2059/2/11,none,,apple-native-likely,农历2058年腊月最后一天；苹果原生日历通常已包含；默认关闭避免重复,
FALSE,spring-festival-lunar2059,春节 Spring Festival,2059/2/12,none,,apple-native-likely,农历2059年正月初一；苹果原生日历通常已包含；默认关闭避免重复,
FALSE,lantern-festival-lunar2059,元宵节 Lantern Festival,2059/2/26,none,,apple-native-likely,农历2059年正月十五；苹果中国大陆日历可能已包含；默认关闭避免重复,
TRUE,dragon-heads-raising-lunar2059,龙抬头 Dragon Heads-raising Day,2059/3/15,none,,lunar,农历2059年二月初二；传统节日；保留,
FALSE,dragon-boat-lunar2059,端午节 Dragon Boat Festival,2059/6/14,none,,apple-native-likely,农历2059年五月初五；苹果原生日历通常已包含；默认关闭避免重复,
FALSE,qixi-lunar2059,七夕节 Qixi Festival,2059/8/14,none,,apple-native-likely,农历2059年七月初七；默认关闭,
TRUE,ghost-festival-lunar2059,中元节 Ghost Festival,2059/8/22,none,,lunar,农历2059年七月十五；中国传统节日,
FALSE,mid-autumn-lunar2059,中秋节 Mid-Autumn Festival,2059/9/21,none,,apple-native-likely,农历2059年八月十五；苹果原生日历通常已包含；默认关闭避免重复,
TRUE,double-ninth-lunar2059,重阳节 Double Ninth Festival,2059/10/14,none,,lunar,农历2059年九月初九；传统节日；保留,
TRUE,black-friday-2059,黑色星期五 Black Friday,2059/11/28,none,,business,美国感恩节后的星期五；按年份计算,
FALSE,laba-lunar2059,腊八节 Laba Festival,2060/1/11,none,,apple-native-likely,农历2059年十二月初八；传统节日；默认关闭,
FALSE,xiaonian-north-lunar2059,北方小年 Northern Little New Year,2060/1/26,none,,apple-native-likely,农历2059年十二月二十三；传统节日；默认关闭,
FALSE,xiaonian-south-lunar2059,南方小年 Southern Little New Year,2060/1/27,none,,apple-native-likely,农历2059年十二月二十四；传统节日；默认关闭,
FALSE,chuxi-lunar2059,除夕 Chinese New Year’s Eve,2060/2/1,none,,apple-native-likely,农历2059年腊月最后一天；苹果原生日历通常已包含；默认关闭避免重复,
FALSE,spring-festival-lunar2060,春节 Spring Festival,2060/2/2,none,,apple-native-likely,农历2060年正月初一；苹果原生日历通常已包含；默认关闭避免重复,
FALSE,lantern-festival-lunar2060,元宵节 Lantern Festival,2060/2/16,none,,apple-native-likely,农历2060年正月十五；苹果中国大陆日历可能已包含；默认关闭避免重复,
TRUE,dragon-heads-raising-lunar2060,龙抬头 Dragon Heads-raising Day,2060/3/4,none,,lunar,农历2060年二月初二；传统节日；保留,
FALSE,dragon-boat-lunar2060,端午节 Dragon Boat Festival,2060/6/3,none,,apple-native-likely,农历2060年五月初五；苹果原生日历通常已包含；默认关闭避免重复,
FALSE,qixi-lunar2060,七夕节 Qixi Festival,2060/8/2,none,,apple-native-likely,农历2060年七月初七；默认关闭,
TRUE,ghost-festival-lunar2060,中元节 Ghost Festival,2060/8/10,none,,lunar,农历2060年七月十五；中国传统节日,
FALSE,mid-autumn-lunar2060,中秋节 Mid-Autumn Festival,2060/9/9,none,,apple-native-likely,农历2060年八月十五；苹果原生日历通常已包含；默认关闭避免重复,
TRUE,double-ninth-lunar2060,重阳节 Double Ninth Festival,2060/10/2,none,,lunar,农历2060年九月初九；传统节日；保留,
TRUE,black-friday-2060,黑色星期五 Black Friday,2060/11/26,none,,business,美国感恩节后的星期五；按年份计算,
FALSE,laba-lunar2060,腊八节 Laba Festival,2060/12/30,none,,apple-native-likely,农历2060年十二月初八；传统节日；默认关闭,
FALSE,xiaonian-north-lunar2060,北方小年 Northern Little New Year,2061/1/14,none,,apple-native-likely,农历2060年十二月二十三；传统节日；默认关闭,
FALSE,xiaonian-south-lunar2060,南方小年 Southern Little New Year,2061/1/15,none,,apple-native-likely,农历2060年十二月二十四；传统节日；默认关闭,
FALSE,chuxi-lunar2060,除夕 Chinese New Year’s Eve,2061/1/20,none,,apple-native-likely,农历2060年腊月最后一天；苹果原生日历通常已包含；默认关闭避免重复,
FALSE,spring-festival-lunar2061,春节 Spring Festival,2061/1/21,none,,apple-native-likely,农历2061年正月初一；苹果原生日历通常已包含；默认关闭避免重复,
FALSE,lantern-festival-lunar2061,元宵节 Lantern Festival,2061/2/4,none,,apple-native-likely,农历2061年正月十五；苹果中国大陆日历可能已包含；默认关闭避免重复,
TRUE,dragon-heads-raising-lunar2061,龙抬头 Dragon Heads-raising Day,2061/2/21,none,,lunar,农历2061年二月初二；传统节日；保留,
FALSE,dragon-boat-lunar2061,端午节 Dragon Boat Festival,2061/6/22,none,,apple-native-likely,农历2061年五月初五；苹果原生日历通常已包含；默认关闭避免重复,
FALSE,qixi-lunar2061,七夕节 Qixi Festival,2061/8/21,none,,apple-native-likely,农历2061年七月初七；默认关闭,
TRUE,ghost-festival-lunar2061,中元节 Ghost Festival,2061/8/29,none,,lunar,农历2061年七月十五；中国传统节日,
FALSE,mid-autumn-lunar2061,中秋节 Mid-Autumn Festival,2061/9/28,none,,apple-native-likely,农历2061年八月十五；苹果原生日历通常已包含；默认关闭避免重复,
TRUE,double-ninth-lunar2061,重阳节 Double Ninth Festival,2061/10/21,none,,lunar,农历2061年九月初九；传统节日；保留,
TRUE,black-friday-2061,黑色星期五 Black Friday,2061/11/25,none,,business,美国感恩节后的星期五；按年份计算,
FALSE,laba-lunar2061,腊八节 Laba Festival,2062/1/18,none,,apple-native-likely,农历2061年十二月初八；传统节日；默认关闭,
FALSE,xiaonian-north-lunar2061,北方小年 Northern Little New Year,2062/2/2,none,,apple-native-likely,农历2061年十二月二十三；传统节日；默认关闭,
FALSE,xiaonian-south-lunar2061,南方小年 Southern Little New Year,2062/2/3,none,,apple-native-likely,农历2061年十二月二十四；传统节日；默认关闭,
FALSE,chuxi-lunar2061,除夕 Chinese New Year’s Eve,2062/2/8,none,,apple-native-likely,农历2061年腊月最后一天；苹果原生日历通常已包含；默认关闭避免重复,
FALSE,spring-festival-lunar2062,春节 Spring Festival,2062/2/9,none,,apple-native-likely,农历2062年正月初一；苹果原生日历通常已包含；默认关闭避免重复,
FALSE,lantern-festival-lunar2062,元宵节 Lantern Festival,2062/2/23,none,,apple-native-likely,农历2062年正月十五；苹果中国大陆日历可能已包含；默认关闭避免重复,
TRUE,dragon-heads-raising-lunar2062,龙抬头 Dragon Heads-raising Day,2062/3/12,none,,lunar,农历2062年二月初二；传统节日；保留,
FALSE,dragon-boat-lunar2062,端午节 Dragon Boat Festival,2062/6/11,none,,apple-native-likely,农历2062年五月初五；苹果原生日历通常已包含；默认关闭避免重复,
FALSE,qixi-lunar2062,七夕节 Qixi Festival,2062/8/11,none,,apple-native-likely,农历2062年七月初七；默认关闭,
TRUE,ghost-festival-lunar2062,中元节 Ghost Festival,2062/8/19,none,,lunar,农历2062年七月十五；中国传统节日,
FALSE,mid-autumn-lunar2062,中秋节 Mid-Autumn Festival,2062/9/17,none,,apple-native-likely,农历2062年八月十五；苹果原生日历通常已包含；默认关闭避免重复,
TRUE,double-ninth-lunar2062,重阳节 Double Ninth Festival,2062/10/11,none,,lunar,农历2062年九月初九；传统节日；保留,
TRUE,black-friday-2062,黑色星期五 Black Friday,2062/11/24,none,,business,美国感恩节后的星期五；按年份计算,
FALSE,laba-lunar2062,腊八节 Laba Festival,2063/1/7,none,,apple-native-likely,农历2062年十二月初八；传统节日；默认关闭,
FALSE,xiaonian-north-lunar2062,北方小年 Northern Little New Year,2063/1/22,none,,apple-native-likely,农历2062年十二月二十三；传统节日；默认关闭,
FALSE,xiaonian-south-lunar2062,南方小年 Southern Little New Year,2063/1/23,none,,apple-native-likely,农历2062年十二月二十四；传统节日；默认关闭,
FALSE,chuxi-lunar2062,除夕 Chinese New Year’s Eve,2063/1/28,none,,apple-native-likely,农历2062年腊月最后一天；苹果原生日历通常已包含；默认关闭避免重复,
FALSE,spring-festival-lunar2063,春节 Spring Festival,2063/1/29,none,,apple-native-likely,农历2063年正月初一；苹果原生日历通常已包含；默认关闭避免重复,
FALSE,lantern-festival-lunar2063,元宵节 Lantern Festival,2063/2/12,none,,apple-native-likely,农历2063年正月十五；苹果中国大陆日历可能已包含；默认关闭避免重复,
TRUE,dragon-heads-raising-lunar2063,龙抬头 Dragon Heads-raising Day,2063/3/1,none,,lunar,农历2063年二月初二；传统节日；保留,
FALSE,dragon-boat-lunar2063,端午节 Dragon Boat Festival,2063/6/1,none,,apple-native-likely,农历2063年五月初五；苹果原生日历通常已包含；默认关闭避免重复,
FALSE,qixi-lunar2063,七夕节 Qixi Festival,2063/8/1,none,,apple-native-likely,农历2063年七月初七；默认关闭,
TRUE,ghost-festival-lunar2063,中元节 Ghost Festival,2063/8/9,none,,lunar,农历2063年七月十五；中国传统节日,
FALSE,mid-autumn-lunar2063,中秋节 Mid-Autumn Festival,2063/10/6,none,,apple-native-likely,农历2063年八月十五；苹果原生日历通常已包含；默认关闭避免重复,
TRUE,double-ninth-lunar2063,重阳节 Double Ninth Festival,2063/10/30,none,,lunar,农历2063年九月初九；传统节日；保留,
TRUE,black-friday-2063,黑色星期五 Black Friday,2063/11/23,none,,business,美国感恩节后的星期五；按年份计算,
FALSE,laba-lunar2063,腊八节 Laba Festival,2064/1/25,none,,apple-native-likely,农历2063年十二月初八；传统节日；默认关闭,
FALSE,xiaonian-north-lunar2063,北方小年 Northern Little New Year,2064/2/9,none,,apple-native-likely,农历2063年十二月二十三；传统节日；默认关闭,
FALSE,xiaonian-south-lunar2063,南方小年 Southern Little New Year,2064/2/10,none,,apple-native-likely,农历2063年十二月二十四；传统节日；默认关闭,
FALSE,chuxi-lunar2063,除夕 Chinese New Year’s Eve,2064/2/16,none,,apple-native-likely,农历2063年腊月最后一天；苹果原生日历通常已包含；默认关闭避免重复,
FALSE,spring-festival-lunar2064,春节 Spring Festival,2064/2/17,none,,apple-native-likely,农历2064年正月初一；苹果原生日历通常已包含；默认关闭避免重复,
FALSE,lantern-festival-lunar2064,元宵节 Lantern Festival,2064/3/2,none,,apple-native-likely,农历2064年正月十五；苹果中国大陆日历可能已包含；默认关闭避免重复,
TRUE,dragon-heads-raising-lunar2064,龙抬头 Dragon Heads-raising Day,2064/3/19,none,,lunar,农历2064年二月初二；传统节日；保留,
FALSE,dragon-boat-lunar2064,端午节 Dragon Boat Festival,2064/6/19,none,,apple-native-likely,农历2064年五月初五；苹果原生日历通常已包含；默认关闭避免重复,
FALSE,qixi-lunar2064,七夕节 Qixi Festival,2064/8/19,none,,apple-native-likely,农历2064年七月初七；默认关闭,
TRUE,ghost-festival-lunar2064,中元节 Ghost Festival,2064/8/27,none,,lunar,农历2064年七月十五；中国传统节日,
FALSE,mid-autumn-lunar2064,中秋节 Mid-Autumn Festival,2064/9/25,none,,apple-native-likely,农历2064年八月十五；苹果原生日历通常已包含；默认关闭避免重复,
TRUE,double-ninth-lunar2064,重阳节 Double Ninth Festival,2064/10/18,none,,lunar,农历2064年九月初九；传统节日；保留,
TRUE,black-friday-2064,黑色星期五 Black Friday,2064/11/28,none,,business,美国感恩节后的星期五；按年份计算,
FALSE,laba-lunar2064,腊八节 Laba Festival,2065/1/14,none,,apple-native-likely,农历2064年十二月初八；传统节日；默认关闭,
FALSE,xiaonian-north-lunar2064,北方小年 Northern Little New Year,2065/1/29,none,,apple-native-likely,农历2064年十二月二十三；传统节日；默认关闭,
FALSE,xiaonian-south-lunar2064,南方小年 Southern Little New Year,2065/1/30,none,,apple-native-likely,农历2064年十二月二十四；传统节日；默认关闭,
FALSE,chuxi-lunar2064,除夕 Chinese New Year’s Eve,2065/2/4,none,,apple-native-likely,农历2064年腊月最后一天；苹果原生日历通常已包含；默认关闭避免重复,
FALSE,spring-festival-lunar2065,春节 Spring Festival,2065/2/5,none,,apple-native-likely,农历2065年正月初一；苹果原生日历通常已包含；默认关闭避免重复,
FALSE,lantern-festival-lunar2065,元宵节 Lantern Festival,2065/2/19,none,,apple-native-likely,农历2065年正月十五；苹果中国大陆日历可能已包含；默认关闭避免重复,
TRUE,dragon-heads-raising-lunar2065,龙抬头 Dragon Heads-raising Day,2065/3/8,none,,lunar,农历2065年二月初二；传统节日；保留,
FALSE,dragon-boat-lunar2065,端午节 Dragon Boat Festival,2065/6/8,none,,apple-native-likely,农历2065年五月初五；苹果原生日历通常已包含；默认关闭避免重复,
FALSE,qixi-lunar2065,七夕节 Qixi Festival,2065/8/8,none,,apple-native-likely,农历2065年七月初七；默认关闭,
TRUE,ghost-festival-lunar2065,中元节 Ghost Festival,2065/8/16,none,,lunar,农历2065年七月十五；中国传统节日,
FALSE,mid-autumn-lunar2065,中秋节 Mid-Autumn Festival,2065/9/15,none,,apple-native-likely,农历2065年八月十五；苹果原生日历通常已包含；默认关闭避免重复,
TRUE,double-ninth-lunar2065,重阳节 Double Ninth Festival,2065/10/8,none,,lunar,农历2065年九月初九；传统节日；保留,
TRUE,black-friday-2065,黑色星期五 Black Friday,2065/11/27,none,,business,美国感恩节后的星期五；按年份计算,
FALSE,laba-lunar2065,腊八节 Laba Festival,2066/1/3,none,,apple-native-likely,农历2065年十二月初八；传统节日；默认关闭,
FALSE,xiaonian-north-lunar2065,北方小年 Northern Little New Year,2066/1/18,none,,apple-native-likely,农历2065年十二月二十三；传统节日；默认关闭,
FALSE,xiaonian-south-lunar2065,南方小年 Southern Little New Year,2066/1/19,none,,apple-native-likely,农历2065年十二月二十四；传统节日；默认关闭,
FALSE,chuxi-lunar2065,除夕 Chinese New Year’s Eve,2066/1/25,none,,apple-native-likely,农历2065年腊月最后一天；苹果原生日历通常已包含；默认关闭避免重复,
FALSE,spring-festival-lunar2066,春节 Spring Festival,2066/1/26,none,,apple-native-likely,农历2066年正月初一；苹果原生日历通常已包含；默认关闭避免重复,
FALSE,lantern-festival-lunar2066,元宵节 Lantern Festival,2066/2/9,none,,apple-native-likely,农历2066年正月十五；苹果中国大陆日历可能已包含；默认关闭避免重复,
TRUE,dragon-heads-raising-lunar2066,龙抬头 Dragon Heads-raising Day,2066/2/25,none,,lunar,农历2066年二月初二；传统节日；保留,
FALSE,dragon-boat-lunar2066,端午节 Dragon Boat Festival,2066/5/28,none,,apple-native-likely,农历2066年五月初五；苹果原生日历通常已包含；默认关闭避免重复,
FALSE,qixi-lunar2066,七夕节 Qixi Festival,2066/8/27,none,,apple-native-likely,农历2066年七月初七；默认关闭,
TRUE,ghost-festival-lunar2066,中元节 Ghost Festival,2066/9/4,none,,lunar,农历2066年七月十五；中国传统节日,
FALSE,mid-autumn-lunar2066,中秋节 Mid-Autumn Festival,2066/10/3,none,,apple-native-likely,农历2066年八月十五；苹果原生日历通常已包含；默认关闭避免重复,
TRUE,double-ninth-lunar2066,重阳节 Double Ninth Festival,2066/10/27,none,,lunar,农历2066年九月初九；传统节日；保留,
TRUE,black-friday-2066,黑色星期五 Black Friday,2066/11/26,none,,business,美国感恩节后的星期五；按年份计算,
FALSE,laba-lunar2066,腊八节 Laba Festival,2067/1/22,none,,apple-native-likely,农历2066年十二月初八；传统节日；默认关闭,
FALSE,xiaonian-north-lunar2066,北方小年 Northern Little New Year,2067/2/6,none,,apple-native-likely,农历2066年十二月二十三；传统节日；默认关闭,
FALSE,xiaonian-south-lunar2066,南方小年 Southern Little New Year,2067/2/7,none,,apple-native-likely,农历2066年十二月二十四；传统节日；默认关闭,
FALSE,chuxi-lunar2066,除夕 Chinese New Year’s Eve,2067/2/13,none,,apple-native-likely,农历2066年腊月最后一天；苹果原生日历通常已包含；默认关闭避免重复,
FALSE,spring-festival-lunar2067,春节 Spring Festival,2067/2/14,none,,apple-native-likely,农历2067年正月初一；苹果原生日历通常已包含；默认关闭避免重复,
FALSE,lantern-festival-lunar2067,元宵节 Lantern Festival,2067/2/28,none,,apple-native-likely,农历2067年正月十五；苹果中国大陆日历可能已包含；默认关闭避免重复,
TRUE,dragon-heads-raising-lunar2067,龙抬头 Dragon Heads-raising Day,2067/3/16,none,,lunar,农历2067年二月初二；传统节日；保留,
FALSE,dragon-boat-lunar2067,端午节 Dragon Boat Festival,2067/6/16,none,,apple-native-likely,农历2067年五月初五；苹果原生日历通常已包含；默认关闭避免重复,
FALSE,qixi-lunar2067,七夕节 Qixi Festival,2067/8/16,none,,apple-native-likely,农历2067年七月初七；默认关闭,
TRUE,ghost-festival-lunar2067,中元节 Ghost Festival,2067/8/24,none,,lunar,农历2067年七月十五；中国传统节日,
FALSE,mid-autumn-lunar2067,中秋节 Mid-Autumn Festival,2067/9/23,none,,apple-native-likely,农历2067年八月十五；苹果原生日历通常已包含；默认关闭避免重复,
TRUE,double-ninth-lunar2067,重阳节 Double Ninth Festival,2067/10/16,none,,lunar,农历2067年九月初九；传统节日；保留,
TRUE,black-friday-2067,黑色星期五 Black Friday,2067/11/25,none,,business,美国感恩节后的星期五；按年份计算,
FALSE,laba-lunar2067,腊八节 Laba Festival,2068/1/12,none,,apple-native-likely,农历2067年十二月初八；传统节日；默认关闭,
FALSE,xiaonian-north-lunar2067,北方小年 Northern Little New Year,2068/1/27,none,,apple-native-likely,农历2067年十二月二十三；传统节日；默认关闭,
FALSE,xiaonian-south-lunar2067,南方小年 Southern Little New Year,2068/1/28,none,,apple-native-likely,农历2067年十二月二十四；传统节日；默认关闭,
FALSE,chuxi-lunar2067,除夕 Chinese New Year’s Eve,2068/2/2,none,,apple-native-likely,农历2067年腊月最后一天；苹果原生日历通常已包含；默认关闭避免重复,
FALSE,spring-festival-lunar2068,春节 Spring Festival,2068/2/3,none,,apple-native-likely,农历2068年正月初一；苹果原生日历通常已包含；默认关闭避免重复,
FALSE,lantern-festival-lunar2068,元宵节 Lantern Festival,2068/2/17,none,,apple-native-likely,农历2068年正月十五；苹果中国大陆日历可能已包含；默认关闭避免重复,
TRUE,dragon-heads-raising-lunar2068,龙抬头 Dragon Heads-raising Day,2068/3/5,none,,lunar,农历2068年二月初二；传统节日；保留,
FALSE,dragon-boat-lunar2068,端午节 Dragon Boat Festival,2068/6/4,none,,apple-native-likely,农历2068年五月初五；苹果原生日历通常已包含；默认关闭避免重复,
FALSE,qixi-lunar2068,七夕节 Qixi Festival,2068/8/4,none,,apple-native-likely,农历2068年七月初七；默认关闭,
TRUE,ghost-festival-lunar2068,中元节 Ghost Festival,2068/8/12,none,,lunar,农历2068年七月十五；中国传统节日,
FALSE,mid-autumn-lunar2068,中秋节 Mid-Autumn Festival,2068/9/11,none,,apple-native-likely,农历2068年八月十五；苹果原生日历通常已包含；默认关闭避免重复,
TRUE,double-ninth-lunar2068,重阳节 Double Ninth Festival,2068/10/4,none,,lunar,农历2068年九月初九；传统节日；保留,
TRUE,black-friday-2068,黑色星期五 Black Friday,2068/11/23,none,,business,美国感恩节后的星期五；按年份计算,
FALSE,laba-lunar2068,腊八节 Laba Festival,2068/12/31,none,,apple-native-likely,农历2068年十二月初八；传统节日；默认关闭,
FALSE,xiaonian-north-lunar2068,北方小年 Northern Little New Year,2069/1/15,none,,apple-native-likely,农历2068年十二月二十三；传统节日；默认关闭,
FALSE,xiaonian-south-lunar2068,南方小年 Southern Little New Year,2069/1/16,none,,apple-native-likely,农历2068年十二月二十四；传统节日；默认关闭,
FALSE,chuxi-lunar2068,除夕 Chinese New Year’s Eve,2069/1/22,none,,apple-native-likely,农历2068年腊月最后一天；苹果原生日历通常已包含；默认关闭避免重复,
FALSE,spring-festival-lunar2069,春节 Spring Festival,2069/1/23,none,,apple-native-likely,农历2069年正月初一；苹果原生日历通常已包含；默认关闭避免重复,
FALSE,lantern-festival-lunar2069,元宵节 Lantern Festival,2069/2/6,none,,apple-native-likely,农历2069年正月十五；苹果中国大陆日历可能已包含；默认关闭避免重复,
TRUE,dragon-heads-raising-lunar2069,龙抬头 Dragon Heads-raising Day,2069/2/22,none,,lunar,农历2069年二月初二；传统节日；保留,
FALSE,dragon-boat-lunar2069,端午节 Dragon Boat Festival,2069/6/23,none,,apple-native-likely,农历2069年五月初五；苹果原生日历通常已包含；默认关闭避免重复,
FALSE,qixi-lunar2069,七夕节 Qixi Festival,2069/8/23,none,,apple-native-likely,农历2069年七月初七；默认关闭,
TRUE,ghost-festival-lunar2069,中元节 Ghost Festival,2069/8/31,none,,lunar,农历2069年七月十五；中国传统节日,
FALSE,mid-autumn-lunar2069,中秋节 Mid-Autumn Festival,2069/9/29,none,,apple-native-likely,农历2069年八月十五；苹果原生日历通常已包含；默认关闭避免重复,
TRUE,double-ninth-lunar2069,重阳节 Double Ninth Festival,2069/10/23,none,,lunar,农历2069年九月初九；传统节日；保留,
TRUE,black-friday-2069,黑色星期五 Black Friday,2069/11/29,none,,business,美国感恩节后的星期五；按年份计算,
FALSE,laba-lunar2069,腊八节 Laba Festival,2070/1/19,none,,apple-native-likely,农历2069年十二月初八；传统节日；默认关闭,
FALSE,xiaonian-north-lunar2069,北方小年 Northern Little New Year,2070/2/3,none,,apple-native-likely,农历2069年十二月二十三；传统节日；默认关闭,
FALSE,xiaonian-south-lunar2069,南方小年 Southern Little New Year,2070/2/4,none,,apple-native-likely,农历2069年十二月二十四；传统节日；默认关闭,
FALSE,chuxi-lunar2069,除夕 Chinese New Year’s Eve,2070/2/10,none,,apple-native-likely,农历2069年腊月最后一天；苹果原生日历通常已包含；默认关闭避免重复,
FALSE,spring-festival-lunar2070,春节 Spring Festival,2070/2/11,none,,apple-native-likely,农历2070年正月初一；苹果原生日历通常已包含；默认关闭避免重复,
FALSE,lantern-festival-lunar2070,元宵节 Lantern Festival,2070/2/25,none,,apple-native-likely,农历2070年正月十五；苹果中国大陆日历可能已包含；默认关闭避免重复,
TRUE,dragon-heads-raising-lunar2070,龙抬头 Dragon Heads-raising Day,2070/3/13,none,,lunar,农历2070年二月初二；传统节日；保留,
FALSE,dragon-boat-lunar2070,端午节 Dragon Boat Festival,2070/6/13,none,,apple-native-likely,农历2070年五月初五；苹果原生日历通常已包含；默认关闭避免重复,
FALSE,qixi-lunar2070,七夕节 Qixi Festival,2070/8/12,none,,apple-native-likely,农历2070年七月初七；默认关闭,
TRUE,ghost-festival-lunar2070,中元节 Ghost Festival,2070/8/20,none,,lunar,农历2070年七月十五；中国传统节日,
FALSE,mid-autumn-lunar2070,中秋节 Mid-Autumn Festival,2070/9/19,none,,apple-native-likely,农历2070年八月十五；苹果原生日历通常已包含；默认关闭避免重复,
TRUE,double-ninth-lunar2070,重阳节 Double Ninth Festival,2070/10/12,none,,lunar,农历2070年九月初九；传统节日；保留,
TRUE,black-friday-2070,黑色星期五 Black Friday,2070/11/28,none,,business,美国感恩节后的星期五；按年份计算,
FALSE,laba-lunar2070,腊八节 Laba Festival,2071/1/8,none,,apple-native-likely,农历2070年十二月初八；传统节日；默认关闭,
FALSE,xiaonian-north-lunar2070,北方小年 Northern Little New Year,2071/1/23,none,,apple-native-likely,农历2070年十二月二十三；传统节日；默认关闭,
FALSE,xiaonian-south-lunar2070,南方小年 Southern Little New Year,2071/1/24,none,,apple-native-likely,农历2070年十二月二十四；传统节日；默认关闭,
FALSE,chuxi-lunar2070,除夕 Chinese New Year’s Eve,2071/1/30,none,,apple-native-likely,农历2070年腊月最后一天；苹果原生日历通常已包含；默认关闭避免重复,
FALSE,spring-festival-lunar2071,春节 Spring Festival,2071/1/31,none,,apple-native-likely,农历2071年正月初一；苹果原生日历通常已包含；默认关闭避免重复,
FALSE,lantern-festival-lunar2071,元宵节 Lantern Festival,2071/2/14,none,,apple-native-likely,农历2071年正月十五；苹果中国大陆日历可能已包含；默认关闭避免重复,
TRUE,dragon-heads-raising-lunar2071,龙抬头 Dragon Heads-raising Day,2071/3/3,none,,lunar,农历2071年二月初二；传统节日；保留,
FALSE,dragon-boat-lunar2071,端午节 Dragon Boat Festival,2071/6/2,none,,apple-native-likely,农历2071年五月初五；苹果原生日历通常已包含；默认关闭避免重复,
FALSE,qixi-lunar2071,七夕节 Qixi Festival,2071/8/2,none,,apple-native-likely,农历2071年七月初七；默认关闭,
TRUE,ghost-festival-lunar2071,中元节 Ghost Festival,2071/8/10,none,,lunar,农历2071年七月十五；中国传统节日,
FALSE,mid-autumn-lunar2071,中秋节 Mid-Autumn Festival,2071/9/8,none,,apple-native-likely,农历2071年八月十五；苹果原生日历通常已包含；默认关闭避免重复,
TRUE,double-ninth-lunar2071,重阳节 Double Ninth Festival,2071/10/31,none,,lunar,农历2071年九月初九；传统节日；保留,
TRUE,black-friday-2071,黑色星期五 Black Friday,2071/11/27,none,,business,美国感恩节后的星期五；按年份计算,
FALSE,laba-lunar2071,腊八节 Laba Festival,2072/1/27,none,,apple-native-likely,农历2071年十二月初八；传统节日；默认关闭,
FALSE,xiaonian-north-lunar2071,北方小年 Northern Little New Year,2072/2/11,none,,apple-native-likely,农历2071年十二月二十三；传统节日；默认关闭,
FALSE,xiaonian-south-lunar2071,南方小年 Southern Little New Year,2072/2/12,none,,apple-native-likely,农历2071年十二月二十四；传统节日；默认关闭,
FALSE,chuxi-lunar2071,除夕 Chinese New Year’s Eve,2072/2/18,none,,apple-native-likely,农历2071年腊月最后一天；苹果原生日历通常已包含；默认关闭避免重复,
FALSE,spring-festival-lunar2072,春节 Spring Festival,2072/2/19,none,,apple-native-likely,农历2072年正月初一；苹果原生日历通常已包含；默认关闭避免重复,
FALSE,lantern-festival-lunar2072,元宵节 Lantern Festival,2072/3/4,none,,apple-native-likely,农历2072年正月十五；苹果中国大陆日历可能已包含；默认关闭避免重复,
TRUE,dragon-heads-raising-lunar2072,龙抬头 Dragon Heads-raising Day,2072/3/21,none,,lunar,农历2072年二月初二；传统节日；保留,
FALSE,dragon-boat-lunar2072,端午节 Dragon Boat Festival,2072/6/20,none,,apple-native-likely,农历2072年五月初五；苹果原生日历通常已包含；默认关闭避免重复,
FALSE,qixi-lunar2072,七夕节 Qixi Festival,2072/8/20,none,,apple-native-likely,农历2072年七月初七；默认关闭,
TRUE,ghost-festival-lunar2072,中元节 Ghost Festival,2072/8/28,none,,lunar,农历2072年七月十五；中国传统节日,
FALSE,mid-autumn-lunar2072,中秋节 Mid-Autumn Festival,2072/9/26,none,,apple-native-likely,农历2072年八月十五；苹果原生日历通常已包含；默认关闭避免重复,
TRUE,double-ninth-lunar2072,重阳节 Double Ninth Festival,2072/10/20,none,,lunar,农历2072年九月初九；传统节日；保留,
TRUE,black-friday-2072,黑色星期五 Black Friday,2072/11/25,none,,business,美国感恩节后的星期五；按年份计算,
FALSE,laba-lunar2072,腊八节 Laba Festival,2073/1/15,none,,apple-native-likely,农历2072年十二月初八；传统节日；默认关闭,
FALSE,xiaonian-north-lunar2072,北方小年 Northern Little New Year,2073/1/30,none,,apple-native-likely,农历2072年十二月二十三；传统节日；默认关闭,
FALSE,xiaonian-south-lunar2072,南方小年 Southern Little New Year,2073/1/31,none,,apple-native-likely,农历2072年十二月二十四；传统节日；默认关闭,
FALSE,chuxi-lunar2072,除夕 Chinese New Year’s Eve,2073/2/6,none,,apple-native-likely,农历2072年腊月最后一天；苹果原生日历通常已包含；默认关闭避免重复,
FALSE,spring-festival-lunar2073,春节 Spring Festival,2073/2/7,none,,apple-native-likely,农历2073年正月初一；苹果原生日历通常已包含；默认关闭避免重复,
FALSE,lantern-festival-lunar2073,元宵节 Lantern Festival,2073/2/21,none,,apple-native-likely,农历2073年正月十五；苹果中国大陆日历可能已包含；默认关闭避免重复,
TRUE,dragon-heads-raising-lunar2073,龙抬头 Dragon Heads-raising Day,2073/3/10,none,,lunar,农历2073年二月初二；传统节日；保留,
FALSE,dragon-boat-lunar2073,端午节 Dragon Boat Festival,2073/6/10,none,,apple-native-likely,农历2073年五月初五；苹果原生日历通常已包含；默认关闭避免重复,
FALSE,qixi-lunar2073,七夕节 Qixi Festival,2073/8/10,none,,apple-native-likely,农历2073年七月初七；默认关闭,
TRUE,ghost-festival-lunar2073,中元节 Ghost Festival,2073/8/18,none,,lunar,农历2073年七月十五；中国传统节日,
FALSE,mid-autumn-lunar2073,中秋节 Mid-Autumn Festival,2073/9/16,none,,apple-native-likely,农历2073年八月十五；苹果原生日历通常已包含；默认关闭避免重复,
TRUE,double-ninth-lunar2073,重阳节 Double Ninth Festival,2073/10/9,none,,lunar,农历2073年九月初九；传统节日；保留,
TRUE,black-friday-2073,黑色星期五 Black Friday,2073/11/24,none,,business,美国感恩节后的星期五；按年份计算,
FALSE,laba-lunar2073,腊八节 Laba Festival,2074/1/5,none,,apple-native-likely,农历2073年十二月初八；传统节日；默认关闭,
FALSE,xiaonian-north-lunar2073,北方小年 Northern Little New Year,2074/1/20,none,,apple-native-likely,农历2073年十二月二十三；传统节日；默认关闭,
FALSE,xiaonian-south-lunar2073,南方小年 Southern Little New Year,2074/1/21,none,,apple-native-likely,农历2073年十二月二十四；传统节日；默认关闭,
FALSE,chuxi-lunar2073,除夕 Chinese New Year’s Eve,2074/1/26,none,,apple-native-likely,农历2073年腊月最后一天；苹果原生日历通常已包含；默认关闭避免重复,
FALSE,spring-festival-lunar2074,春节 Spring Festival,2074/1/27,none,,apple-native-likely,农历2074年正月初一；苹果原生日历通常已包含；默认关闭避免重复,
FALSE,lantern-festival-lunar2074,元宵节 Lantern Festival,2074/2/10,none,,apple-native-likely,农历2074年正月十五；苹果中国大陆日历可能已包含；默认关闭避免重复,
TRUE,dragon-heads-raising-lunar2074,龙抬头 Dragon Heads-raising Day,2074/2/27,none,,lunar,农历2074年二月初二；传统节日；保留,
FALSE,dragon-boat-lunar2074,端午节 Dragon Boat Festival,2074/5/30,none,,apple-native-likely,农历2074年五月初五；苹果原生日历通常已包含；默认关闭避免重复,
FALSE,qixi-lunar2074,七夕节 Qixi Festival,2074/8/28,none,,apple-native-likely,农历2074年七月初七；默认关闭,
TRUE,ghost-festival-lunar2074,中元节 Ghost Festival,2074/9/5,none,,lunar,农历2074年七月十五；中国传统节日,
FALSE,mid-autumn-lunar2074,中秋节 Mid-Autumn Festival,2074/10/5,none,,apple-native-likely,农历2074年八月十五；苹果原生日历通常已包含；默认关闭避免重复,
TRUE,double-ninth-lunar2074,重阳节 Double Ninth Festival,2074/10/28,none,,lunar,农历2074年九月初九；传统节日；保留,
TRUE,black-friday-2074,黑色星期五 Black Friday,2074/11/23,none,,business,美国感恩节后的星期五；按年份计算,
FALSE,laba-lunar2074,腊八节 Laba Festival,2075/1/24,none,,apple-native-likely,农历2074年十二月初八；传统节日；默认关闭,
FALSE,xiaonian-north-lunar2074,北方小年 Northern Little New Year,2075/2/8,none,,apple-native-likely,农历2074年十二月二十三；传统节日；默认关闭,
FALSE,xiaonian-south-lunar2074,南方小年 Southern Little New Year,2075/2/9,none,,apple-native-likely,农历2074年十二月二十四；传统节日；默认关闭,
FALSE,chuxi-lunar2074,除夕 Chinese New Year’s Eve,2075/2/14,none,,apple-native-likely,农历2074年腊月最后一天；苹果原生日历通常已包含；默认关闭避免重复,
FALSE,spring-festival-lunar2075,春节 Spring Festival,2075/2/15,none,,apple-native-likely,农历2075年正月初一；苹果原生日历通常已包含；默认关闭避免重复,
FALSE,lantern-festival-lunar2075,元宵节 Lantern Festival,2075/3/1,none,,apple-native-likely,农历2075年正月十五；苹果中国大陆日历可能已包含；默认关闭避免重复,
TRUE,dragon-heads-raising-lunar2075,龙抬头 Dragon Heads-raising Day,2075/3/18,none,,lunar,农历2075年二月初二；传统节日；保留,
FALSE,dragon-boat-lunar2075,端午节 Dragon Boat Festival,2075/6/17,none,,apple-native-likely,农历2075年五月初五；苹果原生日历通常已包含；默认关闭避免重复,
FALSE,qixi-lunar2075,七夕节 Qixi Festival,2075/8/18,none,,apple-native-likely,农历2075年七月初七；默认关闭,
TRUE,ghost-festival-lunar2075,中元节 Ghost Festival,2075/8/26,none,,lunar,农历2075年七月十五；中国传统节日,
FALSE,mid-autumn-lunar2075,中秋节 Mid-Autumn Festival,2075/9/24,none,,apple-native-likely,农历2075年八月十五；苹果原生日历通常已包含；默认关闭避免重复,
TRUE,double-ninth-lunar2075,重阳节 Double Ninth Festival,2075/10/18,none,,lunar,农历2075年九月初九；传统节日；保留,
TRUE,black-friday-2075,黑色星期五 Black Friday,2075/11/29,none,,business,美国感恩节后的星期五；按年份计算,
FALSE,laba-lunar2075,腊八节 Laba Festival,2076/1/13,none,,apple-native-likely,农历2075年十二月初八；传统节日；默认关闭,
FALSE,xiaonian-north-lunar2075,北方小年 Northern Little New Year,2076/1/28,none,,apple-native-likely,农历2075年十二月二十三；传统节日；默认关闭,
FALSE,xiaonian-south-lunar2075,南方小年 Southern Little New Year,2076/1/29,none,,apple-native-likely,农历2075年十二月二十四；传统节日；默认关闭,
FALSE,chuxi-lunar2075,除夕 Chinese New Year’s Eve,2076/2/4,none,,apple-native-likely,农历2075年腊月最后一天；苹果原生日历通常已包含；默认关闭避免重复,
FALSE,spring-festival-lunar2076,春节 Spring Festival,2076/2/5,none,,apple-native-likely,农历2076年正月初一；苹果原生日历通常已包含；默认关闭避免重复,
FALSE,lantern-festival-lunar2076,元宵节 Lantern Festival,2076/2/19,none,,apple-native-likely,农历2076年正月十五；苹果中国大陆日历可能已包含；默认关闭避免重复,
TRUE,dragon-heads-raising-lunar2076,龙抬头 Dragon Heads-raising Day,2076/3/6,none,,lunar,农历2076年二月初二；传统节日；保留,
FALSE,dragon-boat-lunar2076,端午节 Dragon Boat Festival,2076/6/6,none,,apple-native-likely,农历2076年五月初五；苹果原生日历通常已包含；默认关闭避免重复,
FALSE,qixi-lunar2076,七夕节 Qixi Festival,2076/8/6,none,,apple-native-likely,农历2076年七月初七；默认关闭,
TRUE,ghost-festival-lunar2076,中元节 Ghost Festival,2076/8/14,none,,lunar,农历2076年七月十五；中国传统节日,
FALSE,mid-autumn-lunar2076,中秋节 Mid-Autumn Festival,2076/9/12,none,,apple-native-likely,农历2076年八月十五；苹果原生日历通常已包含；默认关闭避免重复,
TRUE,double-ninth-lunar2076,重阳节 Double Ninth Festival,2076/10/6,none,,lunar,农历2076年九月初九；传统节日；保留,
TRUE,black-friday-2076,黑色星期五 Black Friday,2076/11/27,none,,business,美国感恩节后的星期五；按年份计算,
FALSE,laba-lunar2076,腊八节 Laba Festival,2077/1/2,none,,apple-native-likely,农历2076年十二月初八；传统节日；默认关闭,
FALSE,xiaonian-north-lunar2076,北方小年 Northern Little New Year,2077/1/17,none,,apple-native-likely,农历2076年十二月二十三；传统节日；默认关闭,
FALSE,xiaonian-south-lunar2076,南方小年 Southern Little New Year,2077/1/18,none,,apple-native-likely,农历2076年十二月二十四；传统节日；默认关闭,
FALSE,chuxi-lunar2076,除夕 Chinese New Year’s Eve,2077/1/23,none,,apple-native-likely,农历2076年腊月最后一天；苹果原生日历通常已包含；默认关闭避免重复,
FALSE,spring-festival-lunar2077,春节 Spring Festival,2077/1/24,none,,apple-native-likely,农历2077年正月初一；苹果原生日历通常已包含；默认关闭避免重复,
FALSE,lantern-festival-lunar2077,元宵节 Lantern Festival,2077/2/7,none,,apple-native-likely,农历2077年正月十五；苹果中国大陆日历可能已包含；默认关闭避免重复,
TRUE,dragon-heads-raising-lunar2077,龙抬头 Dragon Heads-raising Day,2077/2/24,none,,lunar,农历2077年二月初二；传统节日；保留,
FALSE,dragon-boat-lunar2077,端午节 Dragon Boat Festival,2077/6/24,none,,apple-native-likely,农历2077年五月初五；苹果原生日历通常已包含；默认关闭避免重复,
FALSE,qixi-lunar2077,七夕节 Qixi Festival,2077/8/24,none,,apple-native-likely,农历2077年七月初七；默认关闭,
TRUE,ghost-festival-lunar2077,中元节 Ghost Festival,2077/9/1,none,,lunar,农历2077年七月十五；中国传统节日,
FALSE,mid-autumn-lunar2077,中秋节 Mid-Autumn Festival,2077/10/1,none,,apple-native-likely,农历2077年八月十五；苹果原生日历通常已包含；默认关闭避免重复,
TRUE,double-ninth-lunar2077,重阳节 Double Ninth Festival,2077/10/25,none,,lunar,农历2077年九月初九；传统节日；保留,
TRUE,black-friday-2077,黑色星期五 Black Friday,2077/11/26,none,,business,美国感恩节后的星期五；按年份计算,
FALSE,laba-lunar2077,腊八节 Laba Festival,2078/1/21,none,,apple-native-likely,农历2077年十二月初八；传统节日；默认关闭,
FALSE,xiaonian-north-lunar2077,北方小年 Northern Little New Year,2078/2/5,none,,apple-native-likely,农历2077年十二月二十三；传统节日；默认关闭,
FALSE,xiaonian-south-lunar2077,南方小年 Southern Little New Year,2078/2/6,none,,apple-native-likely,农历2077年十二月二十四；传统节日；默认关闭,
FALSE,chuxi-lunar2077,除夕 Chinese New Year’s Eve,2078/2/11,none,,apple-native-likely,农历2077年腊月最后一天；苹果原生日历通常已包含；默认关闭避免重复,
FALSE,spring-festival-lunar2078,春节 Spring Festival,2078/2/12,none,,apple-native-likely,农历2078年正月初一；苹果原生日历通常已包含；默认关闭避免重复,
FALSE,lantern-festival-lunar2078,元宵节 Lantern Festival,2078/2/26,none,,apple-native-likely,农历2078年正月十五；苹果中国大陆日历可能已包含；默认关闭避免重复,
TRUE,dragon-heads-raising-lunar2078,龙抬头 Dragon Heads-raising Day,2078/3/15,none,,lunar,农历2078年二月初二；传统节日；保留,
FALSE,dragon-boat-lunar2078,端午节 Dragon Boat Festival,2078/6/14,none,,apple-native-likely,农历2078年五月初五；苹果原生日历通常已包含；默认关闭避免重复,
FALSE,qixi-lunar2078,七夕节 Qixi Festival,2078/8/14,none,,apple-native-likely,农历2078年七月初七；默认关闭,
TRUE,ghost-festival-lunar2078,中元节 Ghost Festival,2078/8/22,none,,lunar,农历2078年七月十五；中国传统节日,
FALSE,mid-autumn-lunar2078,中秋节 Mid-Autumn Festival,2078/9/20,none,,apple-native-likely,农历2078年八月十五；苹果原生日历通常已包含；默认关闭避免重复,
TRUE,double-ninth-lunar2078,重阳节 Double Ninth Festival,2078/10/14,none,,lunar,农历2078年九月初九；传统节日；保留,
TRUE,black-friday-2078,黑色星期五 Black Friday,2078/11/25,none,,business,美国感恩节后的星期五；按年份计算,
FALSE,laba-lunar2078,腊八节 Laba Festival,2079/1/10,none,,apple-native-likely,农历2078年十二月初八；传统节日；默认关闭,
FALSE,xiaonian-north-lunar2078,北方小年 Northern Little New Year,2079/1/25,none,,apple-native-likely,农历2078年十二月二十三；传统节日；默认关闭,
FALSE,xiaonian-south-lunar2078,南方小年 Southern Little New Year,2079/1/26,none,,apple-native-likely,农历2078年十二月二十四；传统节日；默认关闭,
FALSE,chuxi-lunar2078,除夕 Chinese New Year’s Eve,2079/2/1,none,,apple-native-likely,农历2078年腊月最后一天；苹果原生日历通常已包含；默认关闭避免重复,
FALSE,spring-festival-lunar2079,春节 Spring Festival,2079/2/2,none,,apple-native-likely,农历2079年正月初一；苹果原生日历通常已包含；默认关闭避免重复,
FALSE,lantern-festival-lunar2079,元宵节 Lantern Festival,2079/2/16,none,,apple-native-likely,农历2079年正月十五；苹果中国大陆日历可能已包含；默认关闭避免重复,
TRUE,dragon-heads-raising-lunar2079,龙抬头 Dragon Heads-raising Day,2079/3/4,none,,lunar,农历2079年二月初二；传统节日；保留,
FALSE,dragon-boat-lunar2079,端午节 Dragon Boat Festival,2079/6/4,none,,apple-native-likely,农历2079年五月初五；苹果原生日历通常已包含；默认关闭避免重复,
FALSE,qixi-lunar2079,七夕节 Qixi Festival,2079/8/3,none,,apple-native-likely,农历2079年七月初七；默认关闭,
TRUE,ghost-festival-lunar2079,中元节 Ghost Festival,2079/8/11,none,,lunar,农历2079年七月十五；中国传统节日,
FALSE,mid-autumn-lunar2079,中秋节 Mid-Autumn Festival,2079/9/10,none,,apple-native-likely,农历2079年八月十五；苹果原生日历通常已包含；默认关闭避免重复,
TRUE,double-ninth-lunar2079,重阳节 Double Ninth Festival,2079/10/3,none,,lunar,农历2079年九月初九；传统节日；保留,
TRUE,black-friday-2079,黑色星期五 Black Friday,2079/11/24,none,,business,美国感恩节后的星期五；按年份计算,
FALSE,laba-lunar2079,腊八节 Laba Festival,2079/12/30,none,,apple-native-likely,农历2079年十二月初八；传统节日；默认关闭,
FALSE,xiaonian-north-lunar2079,北方小年 Northern Little New Year,2080/1/14,none,,apple-native-likely,农历2079年十二月二十三；传统节日；默认关闭,
FALSE,xiaonian-south-lunar2079,南方小年 Southern Little New Year,2080/1/15,none,,apple-native-likely,农历2079年十二月二十四；传统节日；默认关闭,
FALSE,chuxi-lunar2079,除夕 Chinese New Year’s Eve,2080/1/21,none,,apple-native-likely,农历2079年腊月最后一天；苹果原生日历通常已包含；默认关闭避免重复,
FALSE,spring-festival-lunar2080,春节 Spring Festival,2080/1/22,none,,apple-native-likely,农历2080年正月初一；苹果原生日历通常已包含；默认关闭避免重复,
FALSE,lantern-festival-lunar2080,元宵节 Lantern Festival,2080/2/5,none,,apple-native-likely,农历2080年正月十五；苹果中国大陆日历可能已包含；默认关闭避免重复,
TRUE,dragon-heads-raising-lunar2080,龙抬头 Dragon Heads-raising Day,2080/2/22,none,,lunar,农历2080年二月初二；传统节日；保留,
FALSE,dragon-boat-lunar2080,端午节 Dragon Boat Festival,2080/6/22,none,,apple-native-likely,农历2080年五月初五；苹果原生日历通常已包含；默认关闭避免重复,
FALSE,qixi-lunar2080,七夕节 Qixi Festival,2080/8/21,none,,apple-native-likely,农历2080年七月初七；默认关闭,
TRUE,ghost-festival-lunar2080,中元节 Ghost Festival,2080/8/29,none,,lunar,农历2080年七月十五；中国传统节日,
FALSE,mid-autumn-lunar2080,中秋节 Mid-Autumn Festival,2080/9/28,none,,apple-native-likely,农历2080年八月十五；苹果原生日历通常已包含；默认关闭避免重复,
TRUE,double-ninth-lunar2080,重阳节 Double Ninth Festival,2080/10/21,none,,lunar,农历2080年九月初九；传统节日；保留,
TRUE,black-friday-2080,黑色星期五 Black Friday,2080/11/29,none,,business,美国感恩节后的星期五；按年份计算,
FALSE,laba-lunar2080,腊八节 Laba Festival,2081/1/17,none,,apple-native-likely,农历2080年十二月初八；传统节日；默认关闭,
FALSE,xiaonian-north-lunar2080,北方小年 Northern Little New Year,2081/2/1,none,,apple-native-likely,农历2080年十二月二十三；传统节日；默认关闭,
FALSE,xiaonian-south-lunar2080,南方小年 Southern Little New Year,2081/2/2,none,,apple-native-likely,农历2080年十二月二十四；传统节日；默认关闭,
FALSE,chuxi-lunar2080,除夕 Chinese New Year’s Eve,2081/2/8,none,,apple-native-likely,农历2080年腊月最后一天；苹果原生日历通常已包含；默认关闭避免重复,
FALSE,spring-festival-lunar2081,春节 Spring Festival,2081/2/9,none,,apple-native-likely,农历2081年正月初一；苹果原生日历通常已包含；默认关闭避免重复,
FALSE,lantern-festival-lunar2081,元宵节 Lantern Festival,2081/2/23,none,,apple-native-likely,农历2081年正月十五；苹果中国大陆日历可能已包含；默认关闭避免重复,
TRUE,dragon-heads-raising-lunar2081,龙抬头 Dragon Heads-raising Day,2081/3/11,none,,lunar,农历2081年二月初二；传统节日；保留,
FALSE,dragon-boat-lunar2081,端午节 Dragon Boat Festival,2081/6/11,none,,apple-native-likely,农历2081年五月初五；苹果原生日历通常已包含；默认关闭避免重复,
FALSE,qixi-lunar2081,七夕节 Qixi Festival,2081/8/11,none,,apple-native-likely,农历2081年七月初七；默认关闭,
TRUE,ghost-festival-lunar2081,中元节 Ghost Festival,2081/8/19,none,,lunar,农历2081年七月十五；中国传统节日,
FALSE,mid-autumn-lunar2081,中秋节 Mid-Autumn Festival,2081/9/17,none,,apple-native-likely,农历2081年八月十五；苹果原生日历通常已包含；默认关闭避免重复,
TRUE,double-ninth-lunar2081,重阳节 Double Ninth Festival,2081/10/11,none,,lunar,农历2081年九月初九；传统节日；保留,
TRUE,black-friday-2081,黑色星期五 Black Friday,2081/11/28,none,,business,美国感恩节后的星期五；按年份计算,
FALSE,laba-lunar2081,腊八节 Laba Festival,2082/1/6,none,,apple-native-likely,农历2081年十二月初八；传统节日；默认关闭,
FALSE,xiaonian-north-lunar2081,北方小年 Northern Little New Year,2082/1/21,none,,apple-native-likely,农历2081年十二月二十三；传统节日；默认关闭,
FALSE,xiaonian-south-lunar2081,南方小年 Southern Little New Year,2082/1/22,none,,apple-native-likely,农历2081年十二月二十四；传统节日；默认关闭,
FALSE,chuxi-lunar2081,除夕 Chinese New Year’s Eve,2082/1/28,none,,apple-native-likely,农历2081年腊月最后一天；苹果原生日历通常已包含；默认关闭避免重复,
FALSE,spring-festival-lunar2082,春节 Spring Festival,2082/1/29,none,,apple-native-likely,农历2082年正月初一；苹果原生日历通常已包含；默认关闭避免重复,
FALSE,lantern-festival-lunar2082,元宵节 Lantern Festival,2082/2/12,none,,apple-native-likely,农历2082年正月十五；苹果中国大陆日历可能已包含；默认关闭避免重复,
TRUE,dragon-heads-raising-lunar2082,龙抬头 Dragon Heads-raising Day,2082/2/28,none,,lunar,农历2082年二月初二；传统节日；保留,
FALSE,dragon-boat-lunar2082,端午节 Dragon Boat Festival,2082/6/1,none,,apple-native-likely,农历2082年五月初五；苹果原生日历通常已包含；默认关闭避免重复,
FALSE,qixi-lunar2082,七夕节 Qixi Festival,2082/7/31,none,,apple-native-likely,农历2082年七月初七；默认关闭,
TRUE,ghost-festival-lunar2082,中元节 Ghost Festival,2082/8/8,none,,lunar,农历2082年七月十五；中国传统节日,
FALSE,mid-autumn-lunar2082,中秋节 Mid-Autumn Festival,2082/10/6,none,,apple-native-likely,农历2082年八月十五；苹果原生日历通常已包含；默认关闭避免重复,
TRUE,double-ninth-lunar2082,重阳节 Double Ninth Festival,2082/10/30,none,,lunar,农历2082年九月初九；传统节日；保留,
TRUE,black-friday-2082,黑色星期五 Black Friday,2082/11/27,none,,business,美国感恩节后的星期五；按年份计算,
FALSE,laba-lunar2082,腊八节 Laba Festival,2083/1/25,none,,apple-native-likely,农历2082年十二月初八；传统节日；默认关闭,
FALSE,xiaonian-north-lunar2082,北方小年 Northern Little New Year,2083/2/9,none,,apple-native-likely,农历2082年十二月二十三；传统节日；默认关闭,
FALSE,xiaonian-south-lunar2082,南方小年 Southern Little New Year,2083/2/10,none,,apple-native-likely,农历2082年十二月二十四；传统节日；默认关闭,
FALSE,chuxi-lunar2082,除夕 Chinese New Year’s Eve,2083/2/16,none,,apple-native-likely,农历2082年腊月最后一天；苹果原生日历通常已包含；默认关闭避免重复,
FALSE,spring-festival-lunar2083,春节 Spring Festival,2083/2/17,none,,apple-native-likely,农历2083年正月初一；苹果原生日历通常已包含；默认关闭避免重复,
FALSE,lantern-festival-lunar2083,元宵节 Lantern Festival,2083/3/3,none,,apple-native-likely,农历2083年正月十五；苹果中国大陆日历可能已包含；默认关闭避免重复,
TRUE,dragon-heads-raising-lunar2083,龙抬头 Dragon Heads-raising Day,2083/3/19,none,,lunar,农历2083年二月初二；传统节日；保留,
FALSE,dragon-boat-lunar2083,端午节 Dragon Boat Festival,2083/6/19,none,,apple-native-likely,农历2083年五月初五；苹果原生日历通常已包含；默认关闭避免重复,
FALSE,qixi-lunar2083,七夕节 Qixi Festival,2083/8/19,none,,apple-native-likely,农历2083年七月初七；默认关闭,
TRUE,ghost-festival-lunar2083,中元节 Ghost Festival,2083/8/27,none,,lunar,农历2083年七月十五；中国传统节日,
FALSE,mid-autumn-lunar2083,中秋节 Mid-Autumn Festival,2083/9/26,none,,apple-native-likely,农历2083年八月十五；苹果原生日历通常已包含；默认关闭避免重复,
TRUE,double-ninth-lunar2083,重阳节 Double Ninth Festival,2083/10/19,none,,lunar,农历2083年九月初九；传统节日；保留,
TRUE,black-friday-2083,黑色星期五 Black Friday,2083/11/26,none,,business,美国感恩节后的星期五；按年份计算,
FALSE,laba-lunar2083,腊八节 Laba Festival,2084/1/15,none,,apple-native-likely,农历2083年十二月初八；传统节日；默认关闭,
FALSE,xiaonian-north-lunar2083,北方小年 Northern Little New Year,2084/1/30,none,,apple-native-likely,农历2083年十二月二十三；传统节日；默认关闭,
FALSE,xiaonian-south-lunar2083,南方小年 Southern Little New Year,2084/1/31,none,,apple-native-likely,农历2083年十二月二十四；传统节日；默认关闭,
FALSE,chuxi-lunar2083,除夕 Chinese New Year’s Eve,2084/2/5,none,,apple-native-likely,农历2083年腊月最后一天；苹果原生日历通常已包含；默认关闭避免重复,
FALSE,spring-festival-lunar2084,春节 Spring Festival,2084/2/6,none,,apple-native-likely,农历2084年正月初一；苹果原生日历通常已包含；默认关闭避免重复,
FALSE,lantern-festival-lunar2084,元宵节 Lantern Festival,2084/2/20,none,,apple-native-likely,农历2084年正月十五；苹果中国大陆日历可能已包含；默认关闭避免重复,
TRUE,dragon-heads-raising-lunar2084,龙抬头 Dragon Heads-raising Day,2084/3/8,none,,lunar,农历2084年二月初二；传统节日；保留,
FALSE,dragon-boat-lunar2084,端午节 Dragon Boat Festival,2084/6/7,none,,apple-native-likely,农历2084年五月初五；苹果原生日历通常已包含；默认关闭避免重复,
FALSE,qixi-lunar2084,七夕节 Qixi Festival,2084/8/8,none,,apple-native-likely,农历2084年七月初七；默认关闭,
TRUE,ghost-festival-lunar2084,中元节 Ghost Festival,2084/8/16,none,,lunar,农历2084年七月十五；中国传统节日,
FALSE,mid-autumn-lunar2084,中秋节 Mid-Autumn Festival,2084/9/14,none,,apple-native-likely,农历2084年八月十五；苹果原生日历通常已包含；默认关闭避免重复,
TRUE,double-ninth-lunar2084,重阳节 Double Ninth Festival,2084/10/8,none,,lunar,农历2084年九月初九；传统节日；保留,
TRUE,black-friday-2084,黑色星期五 Black Friday,2084/11/24,none,,business,美国感恩节后的星期五；按年份计算,
FALSE,laba-lunar2084,腊八节 Laba Festival,2085/1/3,none,,apple-native-likely,农历2084年十二月初八；传统节日；默认关闭,
FALSE,xiaonian-north-lunar2084,北方小年 Northern Little New Year,2085/1/18,none,,apple-native-likely,农历2084年十二月二十三；传统节日；默认关闭,
FALSE,xiaonian-south-lunar2084,南方小年 Southern Little New Year,2085/1/19,none,,apple-native-likely,农历2084年十二月二十四；传统节日；默认关闭,
FALSE,chuxi-lunar2084,除夕 Chinese New Year’s Eve,2085/1/25,none,,apple-native-likely,农历2084年腊月最后一天；苹果原生日历通常已包含；默认关闭避免重复,
FALSE,spring-festival-lunar2085,春节 Spring Festival,2085/1/26,none,,apple-native-likely,农历2085年正月初一；苹果原生日历通常已包含；默认关闭避免重复,
FALSE,lantern-festival-lunar2085,元宵节 Lantern Festival,2085/2/9,none,,apple-native-likely,农历2085年正月十五；苹果中国大陆日历可能已包含；默认关闭避免重复,
TRUE,dragon-heads-raising-lunar2085,龙抬头 Dragon Heads-raising Day,2085/2/25,none,,lunar,农历2085年二月初二；传统节日；保留,
FALSE,dragon-boat-lunar2085,端午节 Dragon Boat Festival,2085/5/27,none,,apple-native-likely,农历2085年五月初五；苹果原生日历通常已包含；默认关闭避免重复,
FALSE,qixi-lunar2085,七夕节 Qixi Festival,2085/8/26,none,,apple-native-likely,农历2085年七月初七；默认关闭,
TRUE,ghost-festival-lunar2085,中元节 Ghost Festival,2085/9/3,none,,lunar,农历2085年七月十五；中国传统节日,
FALSE,mid-autumn-lunar2085,中秋节 Mid-Autumn Festival,2085/10/3,none,,apple-native-likely,农历2085年八月十五；苹果原生日历通常已包含；默认关闭避免重复,
TRUE,double-ninth-lunar2085,重阳节 Double Ninth Festival,2085/10/27,none,,lunar,农历2085年九月初九；传统节日；保留,
TRUE,black-friday-2085,黑色星期五 Black Friday,2085/11/23,none,,business,美国感恩节后的星期五；按年份计算,
FALSE,laba-lunar2085,腊八节 Laba Festival,2086/1/22,none,,apple-native-likely,农历2085年十二月初八；传统节日；默认关闭,
FALSE,xiaonian-north-lunar2085,北方小年 Northern Little New Year,2086/2/6,none,,apple-native-likely,农历2085年十二月二十三；传统节日；默认关闭,
FALSE,xiaonian-south-lunar2085,南方小年 Southern Little New Year,2086/2/7,none,,apple-native-likely,农历2085年十二月二十四；传统节日；默认关闭,
FALSE,chuxi-lunar2085,除夕 Chinese New Year’s Eve,2086/2/13,none,,apple-native-likely,农历2085年腊月最后一天；苹果原生日历通常已包含；默认关闭避免重复,
FALSE,spring-festival-lunar2086,春节 Spring Festival,2086/2/14,none,,apple-native-likely,农历2086年正月初一；苹果原生日历通常已包含；默认关闭避免重复,
FALSE,lantern-festival-lunar2086,元宵节 Lantern Festival,2086/2/28,none,,apple-native-likely,农历2086年正月十五；苹果中国大陆日历可能已包含；默认关闭避免重复,
TRUE,dragon-heads-raising-lunar2086,龙抬头 Dragon Heads-raising Day,2086/3/16,none,,lunar,农历2086年二月初二；传统节日；保留,
FALSE,dragon-boat-lunar2086,端午节 Dragon Boat Festival,2086/6/15,none,,apple-native-likely,农历2086年五月初五；苹果原生日历通常已包含；默认关闭避免重复,
FALSE,qixi-lunar2086,七夕节 Qixi Festival,2086/8/15,none,,apple-native-likely,农历2086年七月初七；默认关闭,
TRUE,ghost-festival-lunar2086,中元节 Ghost Festival,2086/8/23,none,,lunar,农历2086年七月十五；中国传统节日,
FALSE,mid-autumn-lunar2086,中秋节 Mid-Autumn Festival,2086/9/22,none,,apple-native-likely,农历2086年八月十五；苹果原生日历通常已包含；默认关闭避免重复,
TRUE,double-ninth-lunar2086,重阳节 Double Ninth Festival,2086/10/16,none,,lunar,农历2086年九月初九；传统节日；保留,
TRUE,black-friday-2086,黑色星期五 Black Friday,2086/11/29,none,,business,美国感恩节后的星期五；按年份计算,
FALSE,laba-lunar2086,腊八节 Laba Festival,2087/1/12,none,,apple-native-likely,农历2086年十二月初八；传统节日；默认关闭,
FALSE,xiaonian-north-lunar2086,北方小年 Northern Little New Year,2087/1/27,none,,apple-native-likely,农历2086年十二月二十三；传统节日；默认关闭,
FALSE,xiaonian-south-lunar2086,南方小年 Southern Little New Year,2087/1/28,none,,apple-native-likely,农历2086年十二月二十四；传统节日；默认关闭,
FALSE,chuxi-lunar2086,除夕 Chinese New Year’s Eve,2087/2/2,none,,apple-native-likely,农历2086年腊月最后一天；苹果原生日历通常已包含；默认关闭避免重复,
FALSE,spring-festival-lunar2087,春节 Spring Festival,2087/2/3,none,,apple-native-likely,农历2087年正月初一；苹果原生日历通常已包含；默认关闭避免重复,
FALSE,lantern-festival-lunar2087,元宵节 Lantern Festival,2087/2/17,none,,apple-native-likely,农历2087年正月十五；苹果中国大陆日历可能已包含；默认关闭避免重复,
TRUE,dragon-heads-raising-lunar2087,龙抬头 Dragon Heads-raising Day,2087/3/6,none,,lunar,农历2087年二月初二；传统节日；保留,
FALSE,dragon-boat-lunar2087,端午节 Dragon Boat Festival,2087/6/5,none,,apple-native-likely,农历2087年五月初五；苹果原生日历通常已包含；默认关闭避免重复,
FALSE,qixi-lunar2087,七夕节 Qixi Festival,2087/8/5,none,,apple-native-likely,农历2087年七月初七；默认关闭,
TRUE,ghost-festival-lunar2087,中元节 Ghost Festival,2087/8/13,none,,lunar,农历2087年七月十五；中国传统节日,
FALSE,mid-autumn-lunar2087,中秋节 Mid-Autumn Festival,2087/9/11,none,,apple-native-likely,农历2087年八月十五；苹果原生日历通常已包含；默认关闭避免重复,
TRUE,double-ninth-lunar2087,重阳节 Double Ninth Festival,2087/10/5,none,,lunar,农历2087年九月初九；传统节日；保留,
TRUE,black-friday-2087,黑色星期五 Black Friday,2087/11/28,none,,business,美国感恩节后的星期五；按年份计算,
FALSE,laba-lunar2087,腊八节 Laba Festival,2088/1/1,none,,apple-native-likely,农历2087年十二月初八；传统节日；默认关闭,
FALSE,xiaonian-north-lunar2087,北方小年 Northern Little New Year,2088/1/16,none,,apple-native-likely,农历2087年十二月二十三；传统节日；默认关闭,
FALSE,xiaonian-south-lunar2087,南方小年 Southern Little New Year,2088/1/17,none,,apple-native-likely,农历2087年十二月二十四；传统节日；默认关闭,
FALSE,chuxi-lunar2087,除夕 Chinese New Year’s Eve,2088/1/23,none,,apple-native-likely,农历2087年腊月最后一天；苹果原生日历通常已包含；默认关闭避免重复,
FALSE,spring-festival-lunar2088,春节 Spring Festival,2088/1/24,none,,apple-native-likely,农历2088年正月初一；苹果原生日历通常已包含；默认关闭避免重复,
FALSE,lantern-festival-lunar2088,元宵节 Lantern Festival,2088/2/7,none,,apple-native-likely,农历2088年正月十五；苹果中国大陆日历可能已包含；默认关闭避免重复,
TRUE,dragon-heads-raising-lunar2088,龙抬头 Dragon Heads-raising Day,2088/2/23,none,,lunar,农历2088年二月初二；传统节日；保留,
FALSE,dragon-boat-lunar2088,端午节 Dragon Boat Festival,2088/6/23,none,,apple-native-likely,农历2088年五月初五；苹果原生日历通常已包含；默认关闭避免重复,
FALSE,qixi-lunar2088,七夕节 Qixi Festival,2088/8/23,none,,apple-native-likely,农历2088年七月初七；默认关闭,
TRUE,ghost-festival-lunar2088,中元节 Ghost Festival,2088/8/31,none,,lunar,农历2088年七月十五；中国传统节日,
FALSE,mid-autumn-lunar2088,中秋节 Mid-Autumn Festival,2088/9/29,none,,apple-native-likely,农历2088年八月十五；苹果原生日历通常已包含；默认关闭避免重复,
TRUE,double-ninth-lunar2088,重阳节 Double Ninth Festival,2088/10/22,none,,lunar,农历2088年九月初九；传统节日；保留,
TRUE,black-friday-2088,黑色星期五 Black Friday,2088/11/26,none,,business,美国感恩节后的星期五；按年份计算,
FALSE,laba-lunar2088,腊八节 Laba Festival,2089/1/19,none,,apple-native-likely,农历2088年十二月初八；传统节日；默认关闭,
FALSE,xiaonian-north-lunar2088,北方小年 Northern Little New Year,2089/2/3,none,,apple-native-likely,农历2088年十二月二十三；传统节日；默认关闭,
FALSE,xiaonian-south-lunar2088,南方小年 Southern Little New Year,2089/2/4,none,,apple-native-likely,农历2088年十二月二十四；传统节日；默认关闭,
FALSE,chuxi-lunar2088,除夕 Chinese New Year’s Eve,2089/2/9,none,,apple-native-likely,农历2088年腊月最后一天；苹果原生日历通常已包含；默认关闭避免重复,
FALSE,spring-festival-lunar2089,春节 Spring Festival,2089/2/10,none,,apple-native-likely,农历2089年正月初一；苹果原生日历通常已包含；默认关闭避免重复,
FALSE,lantern-festival-lunar2089,元宵节 Lantern Festival,2089/2/24,none,,apple-native-likely,农历2089年正月十五；苹果中国大陆日历可能已包含；默认关闭避免重复,
TRUE,dragon-heads-raising-lunar2089,龙抬头 Dragon Heads-raising Day,2089/3/13,none,,lunar,农历2089年二月初二；传统节日；保留,
FALSE,dragon-boat-lunar2089,端午节 Dragon Boat Festival,2089/6/13,none,,apple-native-likely,农历2089年五月初五；苹果原生日历通常已包含；默认关闭避免重复,
FALSE,qixi-lunar2089,七夕节 Qixi Festival,2089/8/12,none,,apple-native-likely,农历2089年七月初七；默认关闭,
TRUE,ghost-festival-lunar2089,中元节 Ghost Festival,2089/8/20,none,,lunar,农历2089年七月十五；中国传统节日,
FALSE,mid-autumn-lunar2089,中秋节 Mid-Autumn Festival,2089/9/18,none,,apple-native-likely,农历2089年八月十五；苹果原生日历通常已包含；默认关闭避免重复,
TRUE,double-ninth-lunar2089,重阳节 Double Ninth Festival,2089/10/12,none,,lunar,农历2089年九月初九；传统节日；保留,
TRUE,black-friday-2089,黑色星期五 Black Friday,2089/11/25,none,,business,美国感恩节后的星期五；按年份计算,
FALSE,laba-lunar2089,腊八节 Laba Festival,2090/1/8,none,,apple-native-likely,农历2089年十二月初八；传统节日；默认关闭,
FALSE,xiaonian-north-lunar2089,北方小年 Northern Little New Year,2090/1/23,none,,apple-native-likely,农历2089年十二月二十三；传统节日；默认关闭,
FALSE,xiaonian-south-lunar2089,南方小年 Southern Little New Year,2090/1/24,none,,apple-native-likely,农历2089年十二月二十四；传统节日；默认关闭,
FALSE,chuxi-lunar2089,除夕 Chinese New Year’s Eve,2090/1/29,none,,apple-native-likely,农历2089年腊月最后一天；苹果原生日历通常已包含；默认关闭避免重复,
FALSE,spring-festival-lunar2090,春节 Spring Festival,2090/1/30,none,,apple-native-likely,农历2090年正月初一；苹果原生日历通常已包含；默认关闭避免重复,
FALSE,lantern-festival-lunar2090,元宵节 Lantern Festival,2090/2/13,none,,apple-native-likely,农历2090年正月十五；苹果中国大陆日历可能已包含；默认关闭避免重复,
TRUE,dragon-heads-raising-lunar2090,龙抬头 Dragon Heads-raising Day,2090/3/2,none,,lunar,农历2090年二月初二；传统节日；保留,
FALSE,dragon-boat-lunar2090,端午节 Dragon Boat Festival,2090/6/2,none,,apple-native-likely,农历2090年五月初五；苹果原生日历通常已包含；默认关闭避免重复,
FALSE,qixi-lunar2090,七夕节 Qixi Festival,2090/8/2,none,,apple-native-likely,农历2090年七月初七；默认关闭,
TRUE,ghost-festival-lunar2090,中元节 Ghost Festival,2090/8/10,none,,lunar,农历2090年七月十五；中国传统节日,
FALSE,mid-autumn-lunar2090,中秋节 Mid-Autumn Festival,2090/9/8,none,,apple-native-likely,农历2090年八月十五；苹果原生日历通常已包含；默认关闭避免重复,
TRUE,double-ninth-lunar2090,重阳节 Double Ninth Festival,2090/10/31,none,,lunar,农历2090年九月初九；传统节日；保留,
TRUE,black-friday-2090,黑色星期五 Black Friday,2090/11/24,none,,business,美国感恩节后的星期五；按年份计算,
FALSE,laba-lunar2090,腊八节 Laba Festival,2091/1/27,none,,apple-native-likely,农历2090年十二月初八；传统节日；默认关闭,
FALSE,xiaonian-north-lunar2090,北方小年 Northern Little New Year,2091/2/11,none,,apple-native-likely,农历2090年十二月二十三；传统节日；默认关闭,
FALSE,xiaonian-south-lunar2090,南方小年 Southern Little New Year,2091/2/12,none,,apple-native-likely,农历2090年十二月二十四；传统节日；默认关闭,
FALSE,chuxi-lunar2090,除夕 Chinese New Year’s Eve,2091/2/17,none,,apple-native-likely,农历2090年腊月最后一天；苹果原生日历通常已包含；默认关闭避免重复,
FALSE,spring-festival-lunar2091,春节 Spring Festival,2091/2/18,none,,apple-native-likely,农历2091年正月初一；苹果原生日历通常已包含；默认关闭避免重复,
FALSE,lantern-festival-lunar2091,元宵节 Lantern Festival,2091/3/4,none,,apple-native-likely,农历2091年正月十五；苹果中国大陆日历可能已包含；默认关闭避免重复,
TRUE,dragon-heads-raising-lunar2091,龙抬头 Dragon Heads-raising Day,2091/3/21,none,,lunar,农历2091年二月初二；传统节日；保留,
FALSE,dragon-boat-lunar2091,端午节 Dragon Boat Festival,2091/6/21,none,,apple-native-likely,农历2091年五月初五；苹果原生日历通常已包含；默认关闭避免重复,
FALSE,qixi-lunar2091,七夕节 Qixi Festival,2091/8/21,none,,apple-native-likely,农历2091年七月初七；默认关闭,
TRUE,ghost-festival-lunar2091,中元节 Ghost Festival,2091/8/29,none,,lunar,农历2091年七月十五；中国传统节日,
FALSE,mid-autumn-lunar2091,中秋节 Mid-Autumn Festival,2091/9/27,none,,apple-native-likely,农历2091年八月十五；苹果原生日历通常已包含；默认关闭避免重复,
TRUE,double-ninth-lunar2091,重阳节 Double Ninth Festival,2091/10/21,none,,lunar,农历2091年九月初九；传统节日；保留,
TRUE,black-friday-2091,黑色星期五 Black Friday,2091/11/23,none,,business,美国感恩节后的星期五；按年份计算,
FALSE,laba-lunar2091,腊八节 Laba Festival,2092/1/16,none,,apple-native-likely,农历2091年十二月初八；传统节日；默认关闭,
FALSE,xiaonian-north-lunar2091,北方小年 Northern Little New Year,2092/1/31,none,,apple-native-likely,农历2091年十二月二十三；传统节日；默认关闭,
FALSE,xiaonian-south-lunar2091,南方小年 Southern Little New Year,2092/2/1,none,,apple-native-likely,农历2091年十二月二十四；传统节日；默认关闭,
FALSE,chuxi-lunar2091,除夕 Chinese New Year’s Eve,2092/2/6,none,,apple-native-likely,农历2091年腊月最后一天；苹果原生日历通常已包含；默认关闭避免重复,
FALSE,spring-festival-lunar2092,春节 Spring Festival,2092/2/7,none,,apple-native-likely,农历2092年正月初一；苹果原生日历通常已包含；默认关闭避免重复,
FALSE,lantern-festival-lunar2092,元宵节 Lantern Festival,2092/2/21,none,,apple-native-likely,农历2092年正月十五；苹果中国大陆日历可能已包含；默认关闭避免重复,
TRUE,dragon-heads-raising-lunar2092,龙抬头 Dragon Heads-raising Day,2092/3/9,none,,lunar,农历2092年二月初二；传统节日；保留,
FALSE,dragon-boat-lunar2092,端午节 Dragon Boat Festival,2092/6/9,none,,apple-native-likely,农历2092年五月初五；苹果原生日历通常已包含；默认关闭避免重复,
FALSE,qixi-lunar2092,七夕节 Qixi Festival,2092/8/9,none,,apple-native-likely,农历2092年七月初七；默认关闭,
TRUE,ghost-festival-lunar2092,中元节 Ghost Festival,2092/8/17,none,,lunar,农历2092年七月十五；中国传统节日,
FALSE,mid-autumn-lunar2092,中秋节 Mid-Autumn Festival,2092/9/16,none,,apple-native-likely,农历2092年八月十五；苹果原生日历通常已包含；默认关闭避免重复,
TRUE,double-ninth-lunar2092,重阳节 Double Ninth Festival,2092/10/9,none,,lunar,农历2092年九月初九；传统节日；保留,
TRUE,black-friday-2092,黑色星期五 Black Friday,2092/11/28,none,,business,美国感恩节后的星期五；按年份计算,
FALSE,laba-lunar2092,腊八节 Laba Festival,2093/1/5,none,,apple-native-likely,农历2092年十二月初八；传统节日；默认关闭,
FALSE,xiaonian-north-lunar2092,北方小年 Northern Little New Year,2093/1/20,none,,apple-native-likely,农历2092年十二月二十三；传统节日；默认关闭,
FALSE,xiaonian-south-lunar2092,南方小年 Southern Little New Year,2093/1/21,none,,apple-native-likely,农历2092年十二月二十四；传统节日；默认关闭,
FALSE,chuxi-lunar2092,除夕 Chinese New Year’s Eve,2093/1/26,none,,apple-native-likely,农历2092年腊月最后一天；苹果原生日历通常已包含；默认关闭避免重复,
FALSE,spring-festival-lunar2093,春节 Spring Festival,2093/1/27,none,,apple-native-likely,农历2093年正月初一；苹果原生日历通常已包含；默认关闭避免重复,
FALSE,lantern-festival-lunar2093,元宵节 Lantern Festival,2093/2/10,none,,apple-native-likely,农历2093年正月十五；苹果中国大陆日历可能已包含；默认关闭避免重复,
TRUE,dragon-heads-raising-lunar2093,龙抬头 Dragon Heads-raising Day,2093/2/26,none,,lunar,农历2093年二月初二；传统节日；保留,
FALSE,dragon-boat-lunar2093,端午节 Dragon Boat Festival,2093/5/29,none,,apple-native-likely,农历2093年五月初五；苹果原生日历通常已包含；默认关闭避免重复,
FALSE,qixi-lunar2093,七夕节 Qixi Festival,2093/8/28,none,,apple-native-likely,农历2093年七月初七；默认关闭,
TRUE,ghost-festival-lunar2093,中元节 Ghost Festival,2093/9/5,none,,lunar,农历2093年七月十五；中国传统节日,
FALSE,mid-autumn-lunar2093,中秋节 Mid-Autumn Festival,2093/10/5,none,,apple-native-likely,农历2093年八月十五；苹果原生日历通常已包含；默认关闭避免重复,
TRUE,double-ninth-lunar2093,重阳节 Double Ninth Festival,2093/10/28,none,,lunar,农历2093年九月初九；传统节日；保留,
TRUE,black-friday-2093,黑色星期五 Black Friday,2093/11/27,none,,business,美国感恩节后的星期五；按年份计算,
FALSE,laba-lunar2093,腊八节 Laba Festival,2094/1/24,none,,apple-native-likely,农历2093年十二月初八；传统节日；默认关闭,
FALSE,xiaonian-north-lunar2093,北方小年 Northern Little New Year,2094/2/8,none,,apple-native-likely,农历2093年十二月二十三；传统节日；默认关闭,
FALSE,xiaonian-south-lunar2093,南方小年 Southern Little New Year,2094/2/9,none,,apple-native-likely,农历2093年十二月二十四；传统节日；默认关闭,
FALSE,chuxi-lunar2093,除夕 Chinese New Year’s Eve,2094/2/14,none,,apple-native-likely,农历2093年腊月最后一天；苹果原生日历通常已包含；默认关闭避免重复,
FALSE,spring-festival-lunar2094,春节 Spring Festival,2094/2/15,none,,apple-native-likely,农历2094年正月初一；苹果原生日历通常已包含；默认关闭避免重复,
FALSE,lantern-festival-lunar2094,元宵节 Lantern Festival,2094/3/1,none,,apple-native-likely,农历2094年正月十五；苹果中国大陆日历可能已包含；默认关闭避免重复,
TRUE,dragon-heads-raising-lunar2094,龙抬头 Dragon Heads-raising Day,2094/3/17,none,,lunar,农历2094年二月初二；传统节日；保留,
FALSE,dragon-boat-lunar2094,端午节 Dragon Boat Festival,2094/6/17,none,,apple-native-likely,农历2094年五月初五；苹果原生日历通常已包含；默认关闭避免重复,
FALSE,qixi-lunar2094,七夕节 Qixi Festival,2094/8/17,none,,apple-native-likely,农历2094年七月初七；默认关闭,
TRUE,ghost-festival-lunar2094,中元节 Ghost Festival,2094/8/25,none,,lunar,农历2094年七月十五；中国传统节日,
FALSE,mid-autumn-lunar2094,中秋节 Mid-Autumn Festival,2094/9/24,none,,apple-native-likely,农历2094年八月十五；苹果原生日历通常已包含；默认关闭避免重复,
TRUE,double-ninth-lunar2094,重阳节 Double Ninth Festival,2094/10/17,none,,lunar,农历2094年九月初九；传统节日；保留,
TRUE,black-friday-2094,黑色星期五 Black Friday,2094/11/26,none,,business,美国感恩节后的星期五；按年份计算,
FALSE,laba-lunar2094,腊八节 Laba Festival,2095/1/13,none,,apple-native-likely,农历2094年十二月初八；传统节日；默认关闭,
FALSE,xiaonian-north-lunar2094,北方小年 Northern Little New Year,2095/1/28,none,,apple-native-likely,农历2094年十二月二十三；传统节日；默认关闭,
FALSE,xiaonian-south-lunar2094,南方小年 Southern Little New Year,2095/1/29,none,,apple-native-likely,农历2094年十二月二十四；传统节日；默认关闭,
FALSE,chuxi-lunar2094,除夕 Chinese New Year’s Eve,2095/2/4,none,,apple-native-likely,农历2094年腊月最后一天；苹果原生日历通常已包含；默认关闭避免重复,
FALSE,spring-festival-lunar2095,春节 Spring Festival,2095/2/5,none,,apple-native-likely,农历2095年正月初一；苹果原生日历通常已包含；默认关闭避免重复,
FALSE,lantern-festival-lunar2095,元宵节 Lantern Festival,2095/2/19,none,,apple-native-likely,农历2095年正月十五；苹果中国大陆日历可能已包含；默认关闭避免重复,
TRUE,dragon-heads-raising-lunar2095,龙抬头 Dragon Heads-raising Day,2095/3/7,none,,lunar,农历2095年二月初二；传统节日；保留,
FALSE,dragon-boat-lunar2095,端午节 Dragon Boat Festival,2095/6/6,none,,apple-native-likely,农历2095年五月初五；苹果原生日历通常已包含；默认关闭避免重复,
FALSE,qixi-lunar2095,七夕节 Qixi Festival,2095/8/6,none,,apple-native-likely,农历2095年七月初七；默认关闭,
TRUE,ghost-festival-lunar2095,中元节 Ghost Festival,2095/8/14,none,,lunar,农历2095年七月十五；中国传统节日,
FALSE,mid-autumn-lunar2095,中秋节 Mid-Autumn Festival,2095/9/13,none,,apple-native-likely,农历2095年八月十五；苹果原生日历通常已包含；默认关闭避免重复,
TRUE,double-ninth-lunar2095,重阳节 Double Ninth Festival,2095/10/6,none,,lunar,农历2095年九月初九；传统节日；保留,
TRUE,black-friday-2095,黑色星期五 Black Friday,2095/11/25,none,,business,美国感恩节后的星期五；按年份计算,
FALSE,laba-lunar2095,腊八节 Laba Festival,2096/1/3,none,,apple-native-likely,农历2095年十二月初八；传统节日；默认关闭,
FALSE,xiaonian-north-lunar2095,北方小年 Northern Little New Year,2096/1/18,none,,apple-native-likely,农历2095年十二月二十三；传统节日；默认关闭,
FALSE,xiaonian-south-lunar2095,南方小年 Southern Little New Year,2096/1/19,none,,apple-native-likely,农历2095年十二月二十四；传统节日；默认关闭,
FALSE,chuxi-lunar2095,除夕 Chinese New Year’s Eve,2096/1/24,none,,apple-native-likely,农历2095年腊月最后一天；苹果原生日历通常已包含；默认关闭避免重复,
FALSE,spring-festival-lunar2096,春节 Spring Festival,2096/1/25,none,,apple-native-likely,农历2096年正月初一；苹果原生日历通常已包含；默认关闭避免重复,
FALSE,lantern-festival-lunar2096,元宵节 Lantern Festival,2096/2/8,none,,apple-native-likely,农历2096年正月十五；苹果中国大陆日历可能已包含；默认关闭避免重复,
TRUE,dragon-heads-raising-lunar2096,龙抬头 Dragon Heads-raising Day,2096/2/25,none,,lunar,农历2096年二月初二；传统节日；保留,
FALSE,dragon-boat-lunar2096,端午节 Dragon Boat Festival,2096/6/24,none,,apple-native-likely,农历2096年五月初五；苹果原生日历通常已包含；默认关闭避免重复,
FALSE,qixi-lunar2096,七夕节 Qixi Festival,2096/8/24,none,,apple-native-likely,农历2096年七月初七；默认关闭,
TRUE,ghost-festival-lunar2096,中元节 Ghost Festival,2096/9/1,none,,lunar,农历2096年七月十五；中国传统节日,
FALSE,mid-autumn-lunar2096,中秋节 Mid-Autumn Festival,2096/9/30,none,,apple-native-likely,农历2096年八月十五；苹果原生日历通常已包含；默认关闭避免重复,
TRUE,double-ninth-lunar2096,重阳节 Double Ninth Festival,2096/10/24,none,,lunar,农历2096年九月初九；传统节日；保留,
TRUE,black-friday-2096,黑色星期五 Black Friday,2096/11/23,none,,business,美国感恩节后的星期五；按年份计算,
FALSE,laba-lunar2096,腊八节 Laba Festival,2097/1/20,none,,apple-native-likely,农历2096年十二月初八；传统节日；默认关闭,
FALSE,xiaonian-north-lunar2096,北方小年 Northern Little New Year,2097/2/4,none,,apple-native-likely,农历2096年十二月二十三；传统节日；默认关闭,
FALSE,xiaonian-south-lunar2096,南方小年 Southern Little New Year,2097/2/5,none,,apple-native-likely,农历2096年十二月二十四；传统节日；默认关闭,
FALSE,chuxi-lunar2096,除夕 Chinese New Year’s Eve,2097/2/11,none,,apple-native-likely,农历2096年腊月最后一天；苹果原生日历通常已包含；默认关闭避免重复,
FALSE,spring-festival-lunar2097,春节 Spring Festival,2097/2/12,none,,apple-native-likely,农历2097年正月初一；苹果原生日历通常已包含；默认关闭避免重复,
FALSE,lantern-festival-lunar2097,元宵节 Lantern Festival,2097/2/26,none,,apple-native-likely,农历2097年正月十五；苹果中国大陆日历可能已包含；默认关闭避免重复,
TRUE,dragon-heads-raising-lunar2097,龙抬头 Dragon Heads-raising Day,2097/3/15,none,,lunar,农历2097年二月初二；传统节日；保留,
FALSE,dragon-boat-lunar2097,端午节 Dragon Boat Festival,2097/6/14,none,,apple-native-likely,农历2097年五月初五；苹果原生日历通常已包含；默认关闭避免重复,
FALSE,qixi-lunar2097,七夕节 Qixi Festival,2097/8/13,none,,apple-native-likely,农历2097年七月初七；默认关闭,
TRUE,ghost-festival-lunar2097,中元节 Ghost Festival,2097/8/21,none,,lunar,农历2097年七月十五；中国传统节日,
FALSE,mid-autumn-lunar2097,中秋节 Mid-Autumn Festival,2097/9/20,none,,apple-native-likely,农历2097年八月十五；苹果原生日历通常已包含；默认关闭避免重复,
TRUE,double-ninth-lunar2097,重阳节 Double Ninth Festival,2097/10/13,none,,lunar,农历2097年九月初九；传统节日；保留,
TRUE,black-friday-2097,黑色星期五 Black Friday,2097/11/29,none,,business,美国感恩节后的星期五；按年份计算,
FALSE,laba-lunar2097,腊八节 Laba Festival,2098/1/9,none,,apple-native-likely,农历2097年十二月初八；传统节日；默认关闭,
FALSE,xiaonian-north-lunar2097,北方小年 Northern Little New Year,2098/1/24,none,,apple-native-likely,农历2097年十二月二十三；传统节日；默认关闭,
FALSE,xiaonian-south-lunar2097,南方小年 Southern Little New Year,2098/1/25,none,,apple-native-likely,农历2097年十二月二十四；传统节日；默认关闭,
FALSE,chuxi-lunar2097,除夕 Chinese New Year’s Eve,2098/1/31,none,,apple-native-likely,农历2097年腊月最后一天；苹果原生日历通常已包含；默认关闭避免重复,
FALSE,spring-festival-lunar2098,春节 Spring Festival,2098/2/1,none,,apple-native-likely,农历2098年正月初一；苹果原生日历通常已包含；默认关闭避免重复,
FALSE,lantern-festival-lunar2098,元宵节 Lantern Festival,2098/2/15,none,,apple-native-likely,农历2098年正月十五；苹果中国大陆日历可能已包含；默认关闭避免重复,
TRUE,dragon-heads-raising-lunar2098,龙抬头 Dragon Heads-raising Day,2098/3/4,none,,lunar,农历2098年二月初二；传统节日；保留,
FALSE,dragon-boat-lunar2098,端午节 Dragon Boat Festival,2098/6/4,none,,apple-native-likely,农历2098年五月初五；苹果原生日历通常已包含；默认关闭避免重复,
FALSE,qixi-lunar2098,七夕节 Qixi Festival,2098/8/3,none,,apple-native-likely,农历2098年七月初七；默认关闭,
TRUE,ghost-festival-lunar2098,中元节 Ghost Festival,2098/8/11,none,,lunar,农历2098年七月十五；中国传统节日,
FALSE,mid-autumn-lunar2098,中秋节 Mid-Autumn Festival,2098/9/9,none,,apple-native-likely,农历2098年八月十五；苹果原生日历通常已包含；默认关闭避免重复,
TRUE,double-ninth-lunar2098,重阳节 Double Ninth Festival,2098/10/3,none,,lunar,农历2098年九月初九；传统节日；保留,
TRUE,black-friday-2098,黑色星期五 Black Friday,2098/11/28,none,,business,美国感恩节后的星期五；按年份计算,
FALSE,laba-lunar2098,腊八节 Laba Festival,2098/12/29,none,,apple-native-likely,农历2098年十二月初八；传统节日；默认关闭,
FALSE,xiaonian-north-lunar2098,北方小年 Northern Little New Year,2099/1/13,none,,apple-native-likely,农历2098年十二月二十三；传统节日；默认关闭,
FALSE,xiaonian-south-lunar2098,南方小年 Southern Little New Year,2099/1/14,none,,apple-native-likely,农历2098年十二月二十四；传统节日；默认关闭,
FALSE,chuxi-lunar2098,除夕 Chinese New Year’s Eve,2099/1/20,none,,apple-native-likely,农历2098年腊月最后一天；苹果原生日历通常已包含；默认关闭避免重复,
FALSE,spring-festival-lunar2099,春节 Spring Festival,2099/1/21,none,,apple-native-likely,农历2099年正月初一；苹果原生日历通常已包含；默认关闭避免重复,
FALSE,lantern-festival-lunar2099,元宵节 Lantern Festival,2099/2/4,none,,apple-native-likely,农历2099年正月十五；苹果中国大陆日历可能已包含；默认关闭避免重复,
TRUE,dragon-heads-raising-lunar2099,龙抬头 Dragon Heads-raising Day,2099/2/21,none,,lunar,农历2099年二月初二；传统节日；保留,
FALSE,dragon-boat-lunar2099,端午节 Dragon Boat Festival,2099/6/23,none,,apple-native-likely,农历2099年五月初五；苹果原生日历通常已包含；默认关闭避免重复,
FALSE,qixi-lunar2099,七夕节 Qixi Festival,2099/8/22,none,,apple-native-likely,农历2099年七月初七；默认关闭,
TRUE,ghost-festival-lunar2099,中元节 Ghost Festival,2099/8/30,none,,lunar,农历2099年七月十五；中国传统节日,
FALSE,mid-autumn-lunar2099,中秋节 Mid-Autumn Festival,2099/9/29,none,,apple-native-likely,农历2099年八月十五；苹果原生日历通常已包含；默认关闭避免重复,
TRUE,double-ninth-lunar2099,重阳节 Double Ninth Festival,2099/10/22,none,,lunar,农历2099年九月初九；传统节日；保留,
TRUE,black-friday-2099,黑色星期五 Black Friday,2099/11/27,none,,business,美国感恩节后的星期五；按年份计算,
FALSE,laba-lunar2099,腊八节 Laba Festival,2100/1/17,none,,apple-native-likely,农历2099年十二月初八；传统节日；默认关闭,
FALSE,xiaonian-north-lunar2099,北方小年 Northern Little New Year,2100/2/1,none,,apple-native-likely,农历2099年十二月二十三；传统节日；默认关闭,
FALSE,xiaonian-south-lunar2099,南方小年 Southern Little New Year,2100/2/2,none,,apple-native-likely,农历2099年十二月二十四；传统节日；默认关闭,
FALSE,chuxi-lunar2099,除夕 Chinese New Year’s Eve,2100/2/8,none,,apple-native-likely,农历2099年腊月最后一天；苹果原生日历通常已包含；默认关闭避免重复,
FALSE,spring-festival-lunar2100,春节 Spring Festival,2100/2/9,none,,apple-native-likely,农历2100年正月初一；苹果原生日历通常已包含；默认关闭避免重复,
FALSE,lantern-festival-lunar2100,元宵节 Lantern Festival,2100/2/23,none,,apple-native-likely,农历2100年正月十五；苹果中国大陆日历可能已包含；默认关闭避免重复,
TRUE,dragon-heads-raising-lunar2100,龙抬头 Dragon Heads-raising Day,2100/3/12,none,,lunar,农历2100年二月初二；传统节日；保留,
FALSE,dragon-boat-lunar2100,端午节 Dragon Boat Festival,2100/6/12,none,,apple-native-likely,农历2100年五月初五；苹果原生日历通常已包含；默认关闭避免重复,
FALSE,qixi-lunar2100,七夕节 Qixi Festival,2100/8/12,none,,apple-native-likely,农历2100年七月初七；默认关闭,
TRUE,ghost-festival-lunar2100,中元节 Ghost Festival,2100/8/20,none,,lunar,农历2100年七月十五；中国传统节日,
FALSE,mid-autumn-lunar2100,中秋节 Mid-Autumn Festival,2100/9/18,none,,apple-native-likely,农历2100年八月十五；苹果原生日历通常已包含；默认关闭避免重复,
TRUE,double-ninth-lunar2100,重阳节 Double Ninth Festival,2100/10/12,none,,lunar,农历2100年九月初九；传统节日；保留,
TRUE,black-friday-2100,黑色星期五 Black Friday,2100/11/26,none,,business,美国感恩节后的星期五；按年份计算,
FALSE,laba-lunar2100,腊八节 Laba Festival,2101/1/7,none,,apple-native-likely,农历2100年十二月初八；传统节日；默认关闭,
FALSE,xiaonian-north-lunar2100,北方小年 Northern Little New Year,2101/1/22,none,,apple-native-likely,农历2100年十二月二十三；传统节日；默认关闭,
FALSE,xiaonian-south-lunar2100,南方小年 Southern Little New Year,2101/1/23,none,,apple-native-likely,农历2100年十二月二十四；传统节日；默认关闭,
FALSE,chuxi-lunar2100,除夕 Chinese New Year’s Eve,2101/1/28,none,,apple-native-likely,农历2100年腊月最后一天；苹果原生日历通常已包含；默认关闭避免重复,
FALSE,spring-festival-lunar2101,春节 Spring Festival,2101/1/29,none,,apple-native-likely,农历2101年正月初一；苹果原生日历通常已包含；默认关闭避免重复,
FALSE,lantern-festival-lunar2101,元宵节 Lantern Festival,2101/2/12,none,,apple-native-likely,农历2101年正月十五；苹果中国大陆日历可能已包含；默认关闭避免重复,
TRUE,dragon-heads-raising-lunar2101,龙抬头 Dragon Heads-raising Day,2101/3/1,none,,lunar,农历2101年二月初二；传统节日；保留,
FALSE,dragon-boat-lunar2101,端午节 Dragon Boat Festival,2101/6/1,none,,apple-native-likely,农历2101年五月初五；苹果原生日历通常已包含；默认关闭避免重复,
FALSE,qixi-lunar2101,七夕节 Qixi Festival,2101/8/1,none,,apple-native-likely,农历2101年七月初七；默认关闭,
TRUE,ghost-festival-lunar2101,中元节 Ghost Festival,2101/8/9,none,,lunar,农历2101年七月十五；中国传统节日,
FALSE,mid-autumn-lunar2101,中秋节 Mid-Autumn Festival,2101/10/7,none,,apple-native-likely,农历2101年八月十五；苹果原生日历通常已包含；默认关闭避免重复,
TRUE,double-ninth-lunar2101,重阳节 Double Ninth Festival,2101/10/31,none,,lunar,农历2101年九月初九；传统节日；保留,
TRUE,black-friday-2101,黑色星期五 Black Friday,2101/11/25,none,,business,美国感恩节后的星期五；按年份计算,
FALSE,laba-lunar2101,腊八节 Laba Festival,2102/1/26,none,,apple-native-likely,农历2101年十二月初八；传统节日；默认关闭,
FALSE,xiaonian-north-lunar2101,北方小年 Northern Little New Year,2102/2/10,none,,apple-native-likely,农历2101年十二月二十三；传统节日；默认关闭,
FALSE,xiaonian-south-lunar2101,南方小年 Southern Little New Year,2102/2/11,none,,apple-native-likely,农历2101年十二月二十四；传统节日；默认关闭,
FALSE,chuxi-lunar2101,除夕 Chinese New Year’s Eve,2102/2/16,none,,apple-native-likely,农历2101年腊月最后一天；苹果原生日历通常已包含；默认关闭避免重复,
FALSE,spring-festival-lunar2102,春节 Spring Festival,2102/2/17,none,,apple-native-likely,农历2102年正月初一；苹果原生日历通常已包含；默认关闭避免重复,
FALSE,lantern-festival-lunar2102,元宵节 Lantern Festival,2102/3/3,none,,apple-native-likely,农历2102年正月十五；苹果中国大陆日历可能已包含；默认关闭避免重复,
TRUE,dragon-heads-raising-lunar2102,龙抬头 Dragon Heads-raising Day,2102/3/20,none,,lunar,农历2102年二月初二；传统节日；保留,
FALSE,dragon-boat-lunar2102,端午节 Dragon Boat Festival,2102/6/20,none,,apple-native-likely,农历2102年五月初五；苹果原生日历通常已包含；默认关闭避免重复,
FALSE,qixi-lunar2102,七夕节 Qixi Festival,2102/8/20,none,,apple-native-likely,农历2102年七月初七；默认关闭,
TRUE,ghost-festival-lunar2102,中元节 Ghost Festival,2102/8/28,none,,lunar,农历2102年七月十五；中国传统节日,
FALSE,mid-autumn-lunar2102,中秋节 Mid-Autumn Festival,2102/9/26,none,,apple-native-likely,农历2102年八月十五；苹果原生日历通常已包含；默认关闭避免重复,
TRUE,double-ninth-lunar2102,重阳节 Double Ninth Festival,2102/10/20,none,,lunar,农历2102年九月初九；传统节日；保留,
TRUE,black-friday-2102,黑色星期五 Black Friday,2102/11/24,none,,business,美国感恩节后的星期五；按年份计算,
FALSE,laba-lunar2102,腊八节 Laba Festival,2103/1/16,none,,apple-native-likely,农历2102年十二月初八；传统节日；默认关闭,
FALSE,xiaonian-north-lunar2102,北方小年 Northern Little New Year,2103/1/31,none,,apple-native-likely,农历2102年十二月二十三；传统节日；默认关闭,
FALSE,xiaonian-south-lunar2102,南方小年 Southern Little New Year,2103/2/1,none,,apple-native-likely,农历2102年十二月二十四；传统节日；默认关闭,
FALSE,chuxi-lunar2102,除夕 Chinese New Year’s Eve,2103/2/6,none,,apple-native-likely,农历2102年腊月最后一天；苹果原生日历通常已包含；默认关闭避免重复,
FALSE,spring-festival-lunar2103,春节 Spring Festival,2103/2/7,none,,apple-native-likely,农历2103年正月初一；苹果原生日历通常已包含；默认关闭避免重复,
FALSE,lantern-festival-lunar2103,元宵节 Lantern Festival,2103/2/21,none,,apple-native-likely,农历2103年正月十五；苹果中国大陆日历可能已包含；默认关闭避免重复,
TRUE,dragon-heads-raising-lunar2103,龙抬头 Dragon Heads-raising Day,2103/3/9,none,,lunar,农历2103年二月初二；传统节日；保留,
FALSE,dragon-boat-lunar2103,端午节 Dragon Boat Festival,2103/6/9,none,,apple-native-likely,农历2103年五月初五；苹果原生日历通常已包含；默认关闭避免重复,
FALSE,qixi-lunar2103,七夕节 Qixi Festival,2103/8/9,none,,apple-native-likely,农历2103年七月初七；默认关闭,
TRUE,ghost-festival-lunar2103,中元节 Ghost Festival,2103/8/17,none,,lunar,农历2103年七月十五；中国传统节日,
FALSE,mid-autumn-lunar2103,中秋节 Mid-Autumn Festival,2103/9/15,none,,apple-native-likely,农历2103年八月十五；苹果原生日历通常已包含；默认关闭避免重复,
TRUE,double-ninth-lunar2103,重阳节 Double Ninth Festival,2103/10/9,none,,lunar,农历2103年九月初九；传统节日；保留,
TRUE,black-friday-2103,黑色星期五 Black Friday,2103/11/23,none,,business,美国感恩节后的星期五；按年份计算,
FALSE,laba-lunar2103,腊八节 Laba Festival,2104/1/5,none,,apple-native-likely,农历2103年十二月初八；传统节日；默认关闭,
FALSE,xiaonian-north-lunar2103,北方小年 Northern Little New Year,2104/1/20,none,,apple-native-likely,农历2103年十二月二十三；传统节日；默认关闭,
FALSE,xiaonian-south-lunar2103,南方小年 Southern Little New Year,2104/1/21,none,,apple-native-likely,农历2103年十二月二十四；传统节日；默认关闭,
FALSE,chuxi-lunar2103,除夕 Chinese New Year’s Eve,2104/1/27,none,,apple-native-likely,农历2103年腊月最后一天；苹果原生日历通常已包含；默认关闭避免重复,
FALSE,spring-festival-lunar2104,春节 Spring Festival,2104/1/28,none,,apple-native-likely,农历2104年正月初一；苹果原生日历通常已包含；默认关闭避免重复,
FALSE,lantern-festival-lunar2104,元宵节 Lantern Festival,2104/2/11,none,,apple-native-likely,农历2104年正月十五；苹果中国大陆日历可能已包含；默认关闭避免重复,
TRUE,dragon-heads-raising-lunar2104,龙抬头 Dragon Heads-raising Day,2104/2/27,none,,lunar,农历2104年二月初二；传统节日；保留,
FALSE,dragon-boat-lunar2104,端午节 Dragon Boat Festival,2104/5/28,none,,apple-native-likely,农历2104年五月初五；苹果原生日历通常已包含；默认关闭避免重复,
FALSE,qixi-lunar2104,七夕节 Qixi Festival,2104/8/27,none,,apple-native-likely,农历2104年七月初七；默认关闭,
TRUE,ghost-festival-lunar2104,中元节 Ghost Festival,2104/9/4,none,,lunar,农历2104年七月十五；中国传统节日,
FALSE,mid-autumn-lunar2104,中秋节 Mid-Autumn Festival,2104/10/3,none,,apple-native-likely,农历2104年八月十五；苹果原生日历通常已包含；默认关闭避免重复,
TRUE,double-ninth-lunar2104,重阳节 Double Ninth Festival,2104/10/27,none,,lunar,农历2104年九月初九；传统节日；保留,
TRUE,black-friday-2104,黑色星期五 Black Friday,2104/11/28,none,,business,美国感恩节后的星期五；按年份计算,
FALSE,laba-lunar2104,腊八节 Laba Festival,2105/1/23,none,,apple-native-likely,农历2104年十二月初八；传统节日；默认关闭,
FALSE,xiaonian-north-lunar2104,北方小年 Northern Little New Year,2105/2/7,none,,apple-native-likely,农历2104年十二月二十三；传统节日；默认关闭,
FALSE,xiaonian-south-lunar2104,南方小年 Southern Little New Year,2105/2/8,none,,apple-native-likely,农历2104年十二月二十四；传统节日；默认关闭,
FALSE,chuxi-lunar2104,除夕 Chinese New Year’s Eve,2105/2/14,none,,apple-native-likely,农历2104年腊月最后一天；苹果原生日历通常已包含；默认关闭避免重复,
FALSE,spring-festival-lunar2105,春节 Spring Festival,2105/2/15,none,,apple-native-likely,农历2105年正月初一；苹果原生日历通常已包含；默认关闭避免重复,
FALSE,lantern-festival-lunar2105,元宵节 Lantern Festival,2105/3/1,none,,apple-native-likely,农历2105年正月十五；苹果中国大陆日历可能已包含；默认关闭避免重复,
TRUE,dragon-heads-raising-lunar2105,龙抬头 Dragon Heads-raising Day,2105/3/17,none,,lunar,农历2105年二月初二；传统节日；保留,
FALSE,dragon-boat-lunar2105,端午节 Dragon Boat Festival,2105/6/16,none,,apple-native-likely,农历2105年五月初五；苹果原生日历通常已包含；默认关闭避免重复,
FALSE,qixi-lunar2105,七夕节 Qixi Festival,2105/8/16,none,,apple-native-likely,农历2105年七月初七；默认关闭,
TRUE,ghost-festival-lunar2105,中元节 Ghost Festival,2105/8/24,none,,lunar,农历2105年七月十五；中国传统节日,
FALSE,mid-autumn-lunar2105,中秋节 Mid-Autumn Festival,2105/9/22,none,,apple-native-likely,农历2105年八月十五；苹果原生日历通常已包含；默认关闭避免重复,
TRUE,double-ninth-lunar2105,重阳节 Double Ninth Festival,2105/10/16,none,,lunar,农历2105年九月初九；传统节日；保留,
TRUE,black-friday-2105,黑色星期五 Black Friday,2105/11/27,none,,business,美国感恩节后的星期五；按年份计算,
FALSE,laba-lunar2105,腊八节 Laba Festival,2106/1/12,none,,apple-native-likely,农历2105年十二月初八；传统节日；默认关闭,
FALSE,xiaonian-north-lunar2105,北方小年 Northern Little New Year,2106/1/27,none,,apple-native-likely,农历2105年十二月二十三；传统节日；默认关闭,
FALSE,xiaonian-south-lunar2105,南方小年 Southern Little New Year,2106/1/28,none,,apple-native-likely,农历2105年十二月二十四；传统节日；默认关闭,
FALSE,chuxi-lunar2105,除夕 Chinese New Year’s Eve,2106/2/3,none,,apple-native-likely,农历2105年腊月最后一天；苹果原生日历通常已包含；默认关闭避免重复,
FALSE,spring-festival-lunar2106,春节 Spring Festival,2106/2/4,none,,apple-native-likely,农历2106年正月初一；苹果原生日历通常已包含；默认关闭避免重复,
FALSE,lantern-festival-lunar2106,元宵节 Lantern Festival,2106/2/18,none,,apple-native-likely,农历2106年正月十五；苹果中国大陆日历可能已包含；默认关闭避免重复,
TRUE,dragon-heads-raising-lunar2106,龙抬头 Dragon Heads-raising Day,2106/3/7,none,,lunar,农历2106年二月初二；传统节日；保留,
FALSE,dragon-boat-lunar2106,端午节 Dragon Boat Festival,2106/6/6,none,,apple-native-likely,农历2106年五月初五；苹果原生日历通常已包含；默认关闭避免重复,
FALSE,qixi-lunar2106,七夕节 Qixi Festival,2106/8/6,none,,apple-native-likely,农历2106年七月初七；默认关闭,
TRUE,ghost-festival-lunar2106,中元节 Ghost Festival,2106/8/14,none,,lunar,农历2106年七月十五；中国传统节日,
FALSE,mid-autumn-lunar2106,中秋节 Mid-Autumn Festival,2106/9/12,none,,apple-native-likely,农历2106年八月十五；苹果原生日历通常已包含；默认关闭避免重复,
TRUE,double-ninth-lunar2106,重阳节 Double Ninth Festival,2106/10/5,none,,lunar,农历2106年九月初九；传统节日；保留,
TRUE,black-friday-2106,黑色星期五 Black Friday,2106/11/26,none,,business,美国感恩节后的星期五；按年份计算,
FALSE,laba-lunar2106,腊八节 Laba Festival,2107/1/1,none,,apple-native-likely,农历2106年十二月初八；传统节日；默认关闭,
FALSE,xiaonian-north-lunar2106,北方小年 Northern Little New Year,2107/1/16,none,,apple-native-likely,农历2106年十二月二十三；传统节日；默认关闭,
FALSE,xiaonian-south-lunar2106,南方小年 Southern Little New Year,2107/1/17,none,,apple-native-likely,农历2106年十二月二十四；传统节日；默认关闭,
FALSE,chuxi-lunar2106,除夕 Chinese New Year’s Eve,2107/1/23,none,,apple-native-likely,农历2106年腊月最后一天；苹果原生日历通常已包含；默认关闭避免重复,
FALSE,spring-festival-lunar2107,春节 Spring Festival,2107/1/24,none,,apple-native-likely,农历2107年正月初一；苹果原生日历通常已包含；默认关闭避免重复,
FALSE,lantern-festival-lunar2107,元宵节 Lantern Festival,2107/2/7,none,,apple-native-likely,农历2107年正月十五；苹果中国大陆日历可能已包含；默认关闭避免重复,
TRUE,dragon-heads-raising-lunar2107,龙抬头 Dragon Heads-raising Day,2107/2/24,none,,lunar,农历2107年二月初二；传统节日；保留,
FALSE,dragon-boat-lunar2107,端午节 Dragon Boat Festival,2107/6/25,none,,apple-native-likely,农历2107年五月初五；苹果原生日历通常已包含；默认关闭避免重复,
FALSE,qixi-lunar2107,七夕节 Qixi Festival,2107/8/25,none,,apple-native-likely,农历2107年七月初七；默认关闭,
TRUE,ghost-festival-lunar2107,中元节 Ghost Festival,2107/9/2,none,,lunar,农历2107年七月十五；中国传统节日,
FALSE,mid-autumn-lunar2107,中秋节 Mid-Autumn Festival,2107/10/1,none,,apple-native-likely,农历2107年八月十五；苹果原生日历通常已包含；默认关闭避免重复,
TRUE,double-ninth-lunar2107,重阳节 Double Ninth Festival,2107/10/24,none,,lunar,农历2107年九月初九；传统节日；保留,
TRUE,black-friday-2107,黑色星期五 Black Friday,2107/11/25,none,,business,美国感恩节后的星期五；按年份计算,
FALSE,laba-lunar2107,腊八节 Laba Festival,2108/1/20,none,,apple-native-likely,农历2107年十二月初八；传统节日；默认关闭,
FALSE,xiaonian-north-lunar2107,北方小年 Northern Little New Year,2108/2/4,none,,apple-native-likely,农历2107年十二月二十三；传统节日；默认关闭,
FALSE,xiaonian-south-lunar2107,南方小年 Southern Little New Year,2108/2/5,none,,apple-native-likely,农历2107年十二月二十四；传统节日；默认关闭,
FALSE,chuxi-lunar2107,除夕 Chinese New Year’s Eve,2108/2/11,none,,apple-native-likely,农历2107年腊月最后一天；苹果原生日历通常已包含；默认关闭避免重复,
FALSE,spring-festival-lunar2108,春节 Spring Festival,2108/2/12,none,,apple-native-likely,农历2108年正月初一；苹果原生日历通常已包含；默认关闭避免重复,
FALSE,lantern-festival-lunar2108,元宵节 Lantern Festival,2108/2/26,none,,apple-native-likely,农历2108年正月十五；苹果中国大陆日历可能已包含；默认关闭避免重复,
TRUE,dragon-heads-raising-lunar2108,龙抬头 Dragon Heads-raising Day,2108/3/14,none,,lunar,农历2108年二月初二；传统节日；保留,
FALSE,dragon-boat-lunar2108,端午节 Dragon Boat Festival,2108/6/13,none,,apple-native-likely,农历2108年五月初五；苹果原生日历通常已包含；默认关闭避免重复,
FALSE,qixi-lunar2108,七夕节 Qixi Festival,2108/8/13,none,,apple-native-likely,农历2108年七月初七；默认关闭,
TRUE,ghost-festival-lunar2108,中元节 Ghost Festival,2108/8/21,none,,lunar,农历2108年七月十五；中国传统节日,
FALSE,mid-autumn-lunar2108,中秋节 Mid-Autumn Festival,2108/9/20,none,,apple-native-likely,农历2108年八月十五；苹果原生日历通常已包含；默认关闭避免重复,
TRUE,double-ninth-lunar2108,重阳节 Double Ninth Festival,2108/10/13,none,,lunar,农历2108年九月初九；传统节日；保留,
TRUE,black-friday-2108,黑色星期五 Black Friday,2108/11/23,none,,business,美国感恩节后的星期五；按年份计算,
FALSE,laba-lunar2108,腊八节 Laba Festival,2109/1/8,none,,apple-native-likely,农历2108年十二月初八；传统节日；默认关闭,
FALSE,xiaonian-north-lunar2108,北方小年 Northern Little New Year,2109/1/23,none,,apple-native-likely,农历2108年十二月二十三；传统节日；默认关闭,
FALSE,xiaonian-south-lunar2108,南方小年 Southern Little New Year,2109/1/24,none,,apple-native-likely,农历2108年十二月二十四；传统节日；默认关闭,
FALSE,chuxi-lunar2108,除夕 Chinese New Year’s Eve,2109/1/30,none,,apple-native-likely,农历2108年腊月最后一天；苹果原生日历通常已包含；默认关闭避免重复,
FALSE,spring-festival-lunar2109,春节 Spring Festival,2109/1/31,none,,apple-native-likely,农历2109年正月初一；苹果原生日历通常已包含；默认关闭避免重复,
FALSE,lantern-festival-lunar2109,元宵节 Lantern Festival,2109/2/14,none,,apple-native-likely,农历2109年正月十五；苹果中国大陆日历可能已包含；默认关闭避免重复,
TRUE,dragon-heads-raising-lunar2109,龙抬头 Dragon Heads-raising Day,2109/3/3,none,,lunar,农历2109年二月初二；传统节日；保留,
FALSE,dragon-boat-lunar2109,端午节 Dragon Boat Festival,2109/6/3,none,,apple-native-likely,农历2109年五月初五；苹果原生日历通常已包含；默认关闭避免重复,
FALSE,qixi-lunar2109,七夕节 Qixi Festival,2109/8/3,none,,apple-native-likely,农历2109年七月初七；默认关闭,
TRUE,ghost-festival-lunar2109,中元节 Ghost Festival,2109/8/11,none,,lunar,农历2109年七月十五；中国传统节日,
FALSE,mid-autumn-lunar2109,中秋节 Mid-Autumn Festival,2109/9/9,none,,apple-native-likely,农历2109年八月十五；苹果原生日历通常已包含；默认关闭避免重复,
TRUE,double-ninth-lunar2109,重阳节 Double Ninth Festival,2109/10/3,none,,lunar,农历2109年九月初九；传统节日；保留,
TRUE,black-friday-2109,黑色星期五 Black Friday,2109/11/29,none,,business,美国感恩节后的星期五；按年份计算,
FALSE,laba-lunar2109,腊八节 Laba Festival,2110/1/27,none,,apple-native-likely,农历2109年十二月初八；传统节日；默认关闭,
FALSE,xiaonian-north-lunar2109,北方小年 Northern Little New Year,2110/2/11,none,,apple-native-likely,农历2109年十二月二十三；传统节日；默认关闭,
FALSE,xiaonian-south-lunar2109,南方小年 Southern Little New Year,2110/2/12,none,,apple-native-likely,农历2109年十二月二十四；传统节日；默认关闭,
FALSE,chuxi-lunar2109,除夕 Chinese New Year’s Eve,2110/2/18,none,,apple-native-likely,农历2109年腊月最后一天；苹果原生日历通常已包含；默认关闭避免重复,
FALSE,spring-festival-lunar2110,春节 Spring Festival,2110/2/19,none,,apple-native-likely,农历2110年正月初一；苹果原生日历通常已包含；默认关闭避免重复,
FALSE,lantern-festival-lunar2110,元宵节 Lantern Festival,2110/3/5,none,,apple-native-likely,农历2110年正月十五；苹果中国大陆日历可能已包含；默认关闭避免重复,
TRUE,dragon-heads-raising-lunar2110,龙抬头 Dragon Heads-raising Day,2110/3/21,none,,lunar,农历2110年二月初二；传统节日；保留,
FALSE,dragon-boat-lunar2110,端午节 Dragon Boat Festival,2110/6/21,none,,apple-native-likely,农历2110年五月初五；苹果原生日历通常已包含；默认关闭避免重复,
FALSE,qixi-lunar2110,七夕节 Qixi Festival,2110/8/22,none,,apple-native-likely,农历2110年七月初七；默认关闭,
TRUE,ghost-festival-lunar2110,中元节 Ghost Festival,2110/8/30,none,,lunar,农历2110年七月十五；中国传统节日,
FALSE,mid-autumn-lunar2110,中秋节 Mid-Autumn Festival,2110/9/28,none,,apple-native-likely,农历2110年八月十五；苹果原生日历通常已包含；默认关闭避免重复,
TRUE,double-ninth-lunar2110,重阳节 Double Ninth Festival,2110/10/22,none,,lunar,农历2110年九月初九；传统节日；保留,
TRUE,black-friday-2110,黑色星期五 Black Friday,2110/11/28,none,,business,美国感恩节后的星期五；按年份计算,
FALSE,laba-lunar2110,腊八节 Laba Festival,2111/1/17,none,,apple-native-likely,农历2110年十二月初八；传统节日；默认关闭,
FALSE,xiaonian-north-lunar2110,北方小年 Northern Little New Year,2111/2/1,none,,apple-native-likely,农历2110年十二月二十三；传统节日；默认关闭,
FALSE,xiaonian-south-lunar2110,南方小年 Southern Little New Year,2111/2/2,none,,apple-native-likely,农历2110年十二月二十四；传统节日；默认关闭,
FALSE,chuxi-lunar2110,除夕 Chinese New Year’s Eve,2111/2/7,none,,apple-native-likely,农历2110年腊月最后一天；苹果原生日历通常已包含；默认关闭避免重复,
FALSE,spring-festival-lunar2111,春节 Spring Festival,2111/2/8,none,,apple-native-likely,农历2111年正月初一；苹果原生日历通常已包含；默认关闭避免重复,
FALSE,lantern-festival-lunar2111,元宵节 Lantern Festival,2111/2/22,none,,apple-native-likely,农历2111年正月十五；苹果中国大陆日历可能已包含；默认关闭避免重复,
TRUE,dragon-heads-raising-lunar2111,龙抬头 Dragon Heads-raising Day,2111/3/11,none,,lunar,农历2111年二月初二；传统节日；保留,
FALSE,dragon-boat-lunar2111,端午节 Dragon Boat Festival,2111/6/10,none,,apple-native-likely,农历2111年五月初五；苹果原生日历通常已包含；默认关闭避免重复,
FALSE,qixi-lunar2111,七夕节 Qixi Festival,2111/8/11,none,,apple-native-likely,农历2111年七月初七；默认关闭,
TRUE,ghost-festival-lunar2111,中元节 Ghost Festival,2111/8/19,none,,lunar,农历2111年七月十五；中国传统节日,
FALSE,mid-autumn-lunar2111,中秋节 Mid-Autumn Festival,2111/9/17,none,,apple-native-likely,农历2111年八月十五；苹果原生日历通常已包含；默认关闭避免重复,
TRUE,double-ninth-lunar2111,重阳节 Double Ninth Festival,2111/10/11,none,,lunar,农历2111年九月初九；传统节日；保留,
TRUE,black-friday-2111,黑色星期五 Black Friday,2111/11/27,none,,business,美国感恩节后的星期五；按年份计算,
FALSE,laba-lunar2111,腊八节 Laba Festival,2112/1/7,none,,apple-native-likely,农历2111年十二月初八；传统节日；默认关闭,
FALSE,xiaonian-north-lunar2111,北方小年 Northern Little New Year,2112/1/22,none,,apple-native-likely,农历2111年十二月二十三；传统节日；默认关闭,
FALSE,xiaonian-south-lunar2111,南方小年 Southern Little New Year,2112/1/23,none,,apple-native-likely,农历2111年十二月二十四；传统节日；默认关闭,
FALSE,chuxi-lunar2111,除夕 Chinese New Year’s Eve,2112/1/28,none,,apple-native-likely,农历2111年腊月最后一天；苹果原生日历通常已包含；默认关闭避免重复,
FALSE,spring-festival-lunar2112,春节 Spring Festival,2112/1/29,none,,apple-native-likely,农历2112年正月初一；苹果原生日历通常已包含；默认关闭避免重复,
FALSE,lantern-festival-lunar2112,元宵节 Lantern Festival,2112/2/12,none,,apple-native-likely,农历2112年正月十五；苹果中国大陆日历可能已包含；默认关闭避免重复,
TRUE,dragon-heads-raising-lunar2112,龙抬头 Dragon Heads-raising Day,2112/2/28,none,,lunar,农历2112年二月初二；传统节日；保留,
FALSE,dragon-boat-lunar2112,端午节 Dragon Boat Festival,2112/5/30,none,,apple-native-likely,农历2112年五月初五；苹果原生日历通常已包含；默认关闭避免重复,
FALSE,qixi-lunar2112,七夕节 Qixi Festival,2112/8/28,none,,apple-native-likely,农历2112年七月初七；默认关闭,
TRUE,ghost-festival-lunar2112,中元节 Ghost Festival,2112/9/5,none,,lunar,农历2112年七月十五；中国传统节日,
FALSE,mid-autumn-lunar2112,中秋节 Mid-Autumn Festival,2112/10/5,none,,apple-native-likely,农历2112年八月十五；苹果原生日历通常已包含；默认关闭避免重复,
TRUE,double-ninth-lunar2112,重阳节 Double Ninth Festival,2112/10/29,none,,lunar,农历2112年九月初九；传统节日；保留,
TRUE,black-friday-2112,黑色星期五 Black Friday,2112/11/25,none,,business,美国感恩节后的星期五；按年份计算,
FALSE,laba-lunar2112,腊八节 Laba Festival,2113/1/25,none,,apple-native-likely,农历2112年十二月初八；传统节日；默认关闭,
FALSE,xiaonian-north-lunar2112,北方小年 Northern Little New Year,2113/2/9,none,,apple-native-likely,农历2112年十二月二十三；传统节日；默认关闭,
FALSE,xiaonian-south-lunar2112,南方小年 Southern Little New Year,2113/2/10,none,,apple-native-likely,农历2112年十二月二十四；传统节日；默认关闭,
FALSE,chuxi-lunar2112,除夕 Chinese New Year’s Eve,2113/2/15,none,,apple-native-likely,农历2112年腊月最后一天；苹果原生日历通常已包含；默认关闭避免重复,
FALSE,spring-festival-lunar2113,春节 Spring Festival,2113/2/16,none,,apple-native-likely,农历2113年正月初一；苹果原生日历通常已包含；默认关闭避免重复,
FALSE,lantern-festival-lunar2113,元宵节 Lantern Festival,2113/3/2,none,,apple-native-likely,农历2113年正月十五；苹果中国大陆日历可能已包含；默认关闭避免重复,
TRUE,dragon-heads-raising-lunar2113,龙抬头 Dragon Heads-raising Day,2113/3/19,none,,lunar,农历2113年二月初二；传统节日；保留,
FALSE,dragon-boat-lunar2113,端午节 Dragon Boat Festival,2113/6/18,none,,apple-native-likely,农历2113年五月初五；苹果原生日历通常已包含；默认关闭避免重复,
FALSE,qixi-lunar2113,七夕节 Qixi Festival,2113/8/17,none,,apple-native-likely,农历2113年七月初七；默认关闭,
TRUE,ghost-festival-lunar2113,中元节 Ghost Festival,2113/8/25,none,,lunar,农历2113年七月十五；中国传统节日,
FALSE,mid-autumn-lunar2113,中秋节 Mid-Autumn Festival,2113/9/24,none,,apple-native-likely,农历2113年八月十五；苹果原生日历通常已包含；默认关闭避免重复,
TRUE,double-ninth-lunar2113,重阳节 Double Ninth Festival,2113/10/18,none,,lunar,农历2113年九月初九；传统节日；保留,
TRUE,black-friday-2113,黑色星期五 Black Friday,2113/11/24,none,,business,美国感恩节后的星期五；按年份计算,
FALSE,laba-lunar2113,腊八节 Laba Festival,2114/1/14,none,,apple-native-likely,农历2113年十二月初八；传统节日；默认关闭,
FALSE,xiaonian-north-lunar2113,北方小年 Northern Little New Year,2114/1/29,none,,apple-native-likely,农历2113年十二月二十三；传统节日；默认关闭,
FALSE,xiaonian-south-lunar2113,南方小年 Southern Little New Year,2114/1/30,none,,apple-native-likely,农历2113年十二月二十四；传统节日；默认关闭,
FALSE,chuxi-lunar2113,除夕 Chinese New Year’s Eve,2114/2/5,none,,apple-native-likely,农历2113年腊月最后一天；苹果原生日历通常已包含；默认关闭避免重复,
FALSE,spring-festival-lunar2114,春节 Spring Festival,2114/2/6,none,,apple-native-likely,农历2114年正月初一；苹果原生日历通常已包含；默认关闭避免重复,
FALSE,lantern-festival-lunar2114,元宵节 Lantern Festival,2114/2/20,none,,apple-native-likely,农历2114年正月十五；苹果中国大陆日历可能已包含；默认关闭避免重复,
TRUE,dragon-heads-raising-lunar2114,龙抬头 Dragon Heads-raising Day,2114/3/8,none,,lunar,农历2114年二月初二；传统节日；保留,
FALSE,dragon-boat-lunar2114,端午节 Dragon Boat Festival,2114/6/7,none,,apple-native-likely,农历2114年五月初五；苹果原生日历通常已包含；默认关闭避免重复,
FALSE,qixi-lunar2114,七夕节 Qixi Festival,2114/8/7,none,,apple-native-likely,农历2114年七月初七；默认关闭,
TRUE,ghost-festival-lunar2114,中元节 Ghost Festival,2114/8/15,none,,lunar,农历2114年七月十五；中国传统节日,
FALSE,mid-autumn-lunar2114,中秋节 Mid-Autumn Festival,2114/9/13,none,,apple-native-likely,农历2114年八月十五；苹果原生日历通常已包含；默认关闭避免重复,
TRUE,double-ninth-lunar2114,重阳节 Double Ninth Festival,2114/10/7,none,,lunar,农历2114年九月初九；传统节日；保留,
TRUE,black-friday-2114,黑色星期五 Black Friday,2114/11/23,none,,business,美国感恩节后的星期五；按年份计算,
FALSE,laba-lunar2114,腊八节 Laba Festival,2115/1/3,none,,apple-native-likely,农历2114年十二月初八；传统节日；默认关闭,
FALSE,xiaonian-north-lunar2114,北方小年 Northern Little New Year,2115/1/18,none,,apple-native-likely,农历2114年十二月二十三；传统节日；默认关闭,
FALSE,xiaonian-south-lunar2114,南方小年 Southern Little New Year,2115/1/19,none,,apple-native-likely,农历2114年十二月二十四；传统节日；默认关闭,
FALSE,chuxi-lunar2114,除夕 Chinese New Year’s Eve,2115/1/25,none,,apple-native-likely,农历2114年腊月最后一天；苹果原生日历通常已包含；默认关闭避免重复,
FALSE,spring-festival-lunar2115,春节 Spring Festival,2115/1/26,none,,apple-native-likely,农历2115年正月初一；苹果原生日历通常已包含；默认关闭避免重复,
FALSE,lantern-festival-lunar2115,元宵节 Lantern Festival,2115/2/9,none,,apple-native-likely,农历2115年正月十五；苹果中国大陆日历可能已包含；默认关闭避免重复,
TRUE,dragon-heads-raising-lunar2115,龙抬头 Dragon Heads-raising Day,2115/2/25,none,,lunar,农历2115年二月初二；传统节日；保留,
FALSE,dragon-boat-lunar2115,端午节 Dragon Boat Festival,2115/6/26,none,,apple-native-likely,农历2115年五月初五；苹果原生日历通常已包含；默认关闭避免重复,
FALSE,qixi-lunar2115,七夕节 Qixi Festival,2115/8/26,none,,apple-native-likely,农历2115年七月初七；默认关闭,
TRUE,ghost-festival-lunar2115,中元节 Ghost Festival,2115/9/3,none,,lunar,农历2115年七月十五；中国传统节日,
FALSE,mid-autumn-lunar2115,中秋节 Mid-Autumn Festival,2115/10/2,none,,apple-native-likely,农历2115年八月十五；苹果原生日历通常已包含；默认关闭避免重复,
TRUE,double-ninth-lunar2115,重阳节 Double Ninth Festival,2115/10/26,none,,lunar,农历2115年九月初九；传统节日；保留,
TRUE,black-friday-2115,黑色星期五 Black Friday,2115/11/29,none,,business,美国感恩节后的星期五；按年份计算,
FALSE,laba-lunar2115,腊八节 Laba Festival,2116/1/22,none,,apple-native-likely,农历2115年十二月初八；传统节日；默认关闭,
FALSE,xiaonian-north-lunar2115,北方小年 Northern Little New Year,2116/2/6,none,,apple-native-likely,农历2115年十二月二十三；传统节日；默认关闭,
FALSE,xiaonian-south-lunar2115,南方小年 Southern Little New Year,2116/2/7,none,,apple-native-likely,农历2115年十二月二十四；传统节日；默认关闭,
FALSE,chuxi-lunar2115,除夕 Chinese New Year’s Eve,2116/2/13,none,,apple-native-likely,农历2115年腊月最后一天；苹果原生日历通常已包含；默认关闭避免重复,
FALSE,spring-festival-lunar2116,春节 Spring Festival,2116/2/14,none,,apple-native-likely,农历2116年正月初一；苹果原生日历通常已包含；默认关闭避免重复,
FALSE,lantern-festival-lunar2116,元宵节 Lantern Festival,2116/2/28,none,,apple-native-likely,农历2116年正月十五；苹果中国大陆日历可能已包含；默认关闭避免重复,
TRUE,dragon-heads-raising-lunar2116,龙抬头 Dragon Heads-raising Day,2116/3/15,none,,lunar,农历2116年二月初二；传统节日；保留,
FALSE,dragon-boat-lunar2116,端午节 Dragon Boat Festival,2116/6/15,none,,apple-native-likely,农历2116年五月初五；苹果原生日历通常已包含；默认关闭避免重复,
FALSE,qixi-lunar2116,七夕节 Qixi Festival,2116/8/15,none,,apple-native-likely,农历2116年七月初七；默认关闭,
TRUE,ghost-festival-lunar2116,中元节 Ghost Festival,2116/8/23,none,,lunar,农历2116年七月十五；中国传统节日,
FALSE,mid-autumn-lunar2116,中秋节 Mid-Autumn Festival,2116/9/21,none,,apple-native-likely,农历2116年八月十五；苹果原生日历通常已包含；默认关闭避免重复,
TRUE,double-ninth-lunar2116,重阳节 Double Ninth Festival,2116/10/14,none,,lunar,农历2116年九月初九；传统节日；保留,
TRUE,black-friday-2116,黑色星期五 Black Friday,2116/11/27,none,,business,美国感恩节后的星期五；按年份计算,
FALSE,laba-lunar2116,腊八节 Laba Festival,2117/1/10,none,,apple-native-likely,农历2116年十二月初八；传统节日；默认关闭,
FALSE,xiaonian-north-lunar2116,北方小年 Northern Little New Year,2117/1/25,none,,apple-native-likely,农历2116年十二月二十三；传统节日；默认关闭,
FALSE,xiaonian-south-lunar2116,南方小年 Southern Little New Year,2117/1/26,none,,apple-native-likely,农历2116年十二月二十四；传统节日；默认关闭,
FALSE,chuxi-lunar2116,除夕 Chinese New Year’s Eve,2117/2/1,none,,apple-native-likely,农历2116年腊月最后一天；苹果原生日历通常已包含；默认关闭避免重复,
FALSE,spring-festival-lunar2117,春节 Spring Festival,2117/2/2,none,,apple-native-likely,农历2117年正月初一；苹果原生日历通常已包含；默认关闭避免重复,
FALSE,lantern-festival-lunar2117,元宵节 Lantern Festival,2117/2/16,none,,apple-native-likely,农历2117年正月十五；苹果中国大陆日历可能已包含；默认关闭避免重复,
TRUE,dragon-heads-raising-lunar2117,龙抬头 Dragon Heads-raising Day,2117/3/4,none,,lunar,农历2117年二月初二；传统节日；保留,
FALSE,dragon-boat-lunar2117,端午节 Dragon Boat Festival,2117/6/4,none,,apple-native-likely,农历2117年五月初五；苹果原生日历通常已包含；默认关闭避免重复,
FALSE,qixi-lunar2117,七夕节 Qixi Festival,2117/8/4,none,,apple-native-likely,农历2117年七月初七；默认关闭,
TRUE,ghost-festival-lunar2117,中元节 Ghost Festival,2117/8/12,none,,lunar,农历2117年七月十五；中国传统节日,
FALSE,mid-autumn-lunar2117,中秋节 Mid-Autumn Festival,2117/9/11,none,,apple-native-likely,农历2117年八月十五；苹果原生日历通常已包含；默认关闭避免重复,
TRUE,double-ninth-lunar2117,重阳节 Double Ninth Festival,2117/10/4,none,,lunar,农历2117年九月初九；传统节日；保留,
TRUE,black-friday-2117,黑色星期五 Black Friday,2117/11/26,none,,business,美国感恩节后的星期五；按年份计算,
FALSE,laba-lunar2117,腊八节 Laba Festival,2117/12/30,none,,apple-native-likely,农历2117年十二月初八；传统节日；默认关闭,
FALSE,xiaonian-north-lunar2117,北方小年 Northern Little New Year,2118/1/14,none,,apple-native-likely,农历2117年十二月二十三；传统节日；默认关闭,
FALSE,xiaonian-south-lunar2117,南方小年 Southern Little New Year,2118/1/15,none,,apple-native-likely,农历2117年十二月二十四；传统节日；默认关闭,
FALSE,chuxi-lunar2117,除夕 Chinese New Year’s Eve,2118/1/21,none,,apple-native-likely,农历2117年腊月最后一天；苹果原生日历通常已包含；默认关闭避免重复,
FALSE,spring-festival-lunar2118,春节 Spring Festival,2118/1/22,none,,apple-native-likely,农历2118年正月初一；苹果原生日历通常已包含；默认关闭避免重复,
FALSE,lantern-festival-lunar2118,元宵节 Lantern Festival,2118/2/5,none,,apple-native-likely,农历2118年正月十五；苹果中国大陆日历可能已包含；默认关闭避免重复,
TRUE,dragon-heads-raising-lunar2118,龙抬头 Dragon Heads-raising Day,2118/2/21,none,,lunar,农历2118年二月初二；传统节日；保留,
FALSE,dragon-boat-lunar2118,端午节 Dragon Boat Festival,2118/6/23,none,,apple-native-likely,农历2118年五月初五；苹果原生日历通常已包含；默认关闭避免重复,
FALSE,qixi-lunar2118,七夕节 Qixi Festival,2118/8/23,none,,apple-native-likely,农历2118年七月初七；默认关闭,
TRUE,ghost-festival-lunar2118,中元节 Ghost Festival,2118/8/31,none,,lunar,农历2118年七月十五；中国传统节日,
FALSE,mid-autumn-lunar2118,中秋节 Mid-Autumn Festival,2118/9/30,none,,apple-native-likely,农历2118年八月十五；苹果原生日历通常已包含；默认关闭避免重复,
TRUE,double-ninth-lunar2118,重阳节 Double Ninth Festival,2118/10/23,none,,lunar,农历2118年九月初九；传统节日；保留,
TRUE,black-friday-2118,黑色星期五 Black Friday,2118/11/25,none,,business,美国感恩节后的星期五；按年份计算,
FALSE,laba-lunar2118,腊八节 Laba Festival,2119/1/18,none,,apple-native-likely,农历2118年十二月初八；传统节日；默认关闭,
FALSE,xiaonian-north-lunar2118,北方小年 Northern Little New Year,2119/2/2,none,,apple-native-likely,农历2118年十二月二十三；传统节日；默认关闭,
FALSE,xiaonian-south-lunar2118,南方小年 Southern Little New Year,2119/2/3,none,,apple-native-likely,农历2118年十二月二十四；传统节日；默认关闭,
FALSE,chuxi-lunar2118,除夕 Chinese New Year’s Eve,2119/2/9,none,,apple-native-likely,农历2118年腊月最后一天；苹果原生日历通常已包含；默认关闭避免重复,
FALSE,spring-festival-lunar2119,春节 Spring Festival,2119/2/10,none,,apple-native-likely,农历2119年正月初一；苹果原生日历通常已包含；默认关闭避免重复,
FALSE,lantern-festival-lunar2119,元宵节 Lantern Festival,2119/2/24,none,,apple-native-likely,农历2119年正月十五；苹果中国大陆日历可能已包含；默认关闭避免重复,
TRUE,dragon-heads-raising-lunar2119,龙抬头 Dragon Heads-raising Day,2119/3/12,none,,lunar,农历2119年二月初二；传统节日；保留,
FALSE,dragon-boat-lunar2119,端午节 Dragon Boat Festival,2119/6/12,none,,apple-native-likely,农历2119年五月初五；苹果原生日历通常已包含；默认关闭避免重复,
FALSE,qixi-lunar2119,七夕节 Qixi Festival,2119/8/12,none,,apple-native-likely,农历2119年七月初七；默认关闭,
TRUE,ghost-festival-lunar2119,中元节 Ghost Festival,2119/8/20,none,,lunar,农历2119年七月十五；中国传统节日,
FALSE,mid-autumn-lunar2119,中秋节 Mid-Autumn Festival,2119/9/19,none,,apple-native-likely,农历2119年八月十五；苹果原生日历通常已包含；默认关闭避免重复,
TRUE,double-ninth-lunar2119,重阳节 Double Ninth Festival,2119/10/12,none,,lunar,农历2119年九月初九；传统节日；保留,
TRUE,black-friday-2119,黑色星期五 Black Friday,2119/11/24,none,,business,美国感恩节后的星期五；按年份计算,
FALSE,laba-lunar2119,腊八节 Laba Festival,2120/1/8,none,,apple-native-likely,农历2119年十二月初八；传统节日；默认关闭,
FALSE,xiaonian-north-lunar2119,北方小年 Northern Little New Year,2120/1/23,none,,apple-native-likely,农历2119年十二月二十三；传统节日；默认关闭,
FALSE,xiaonian-south-lunar2119,南方小年 Southern Little New Year,2120/1/24,none,,apple-native-likely,农历2119年十二月二十四；传统节日；默认关闭,
FALSE,chuxi-lunar2119,除夕 Chinese New Year’s Eve,2120/1/29,none,,apple-native-likely,农历2119年腊月最后一天；苹果原生日历通常已包含；默认关闭避免重复,
FALSE,spring-festival-lunar2120,春节 Spring Festival,2120/1/30,none,,apple-native-likely,农历2120年正月初一；苹果原生日历通常已包含；默认关闭避免重复,
FALSE,lantern-festival-lunar2120,元宵节 Lantern Festival,2120/2/13,none,,apple-native-likely,农历2120年正月十五；苹果中国大陆日历可能已包含；默认关闭避免重复,
TRUE,dragon-heads-raising-lunar2120,龙抬头 Dragon Heads-raising Day,2120/3/1,none,,lunar,农历2120年二月初二；传统节日；保留,
FALSE,dragon-boat-lunar2120,端午节 Dragon Boat Festival,2120/5/31,none,,apple-native-likely,农历2120年五月初五；苹果原生日历通常已包含；默认关闭避免重复,
FALSE,qixi-lunar2120,七夕节 Qixi Festival,2120/7/31,none,,apple-native-likely,农历2120年七月初七；默认关闭,
TRUE,ghost-festival-lunar2120,中元节 Ghost Festival,2120/8/8,none,,lunar,农历2120年七月十五；中国传统节日,
FALSE,mid-autumn-lunar2120,中秋节 Mid-Autumn Festival,2120/10/7,none,,apple-native-likely,农历2120年八月十五；苹果原生日历通常已包含；默认关闭避免重复,
TRUE,double-ninth-lunar2120,重阳节 Double Ninth Festival,2120/10/30,none,,lunar,农历2120年九月初九；传统节日；保留,
TRUE,black-friday-2120,黑色星期五 Black Friday,2120/11/29,none,,business,美国感恩节后的星期五；按年份计算,
FALSE,laba-lunar2120,腊八节 Laba Festival,2121/1/26,none,,apple-native-likely,农历2120年十二月初八；传统节日；默认关闭,
FALSE,xiaonian-north-lunar2120,北方小年 Northern Little New Year,2121/2/10,none,,apple-native-likely,农历2120年十二月二十三；传统节日；默认关闭,
FALSE,xiaonian-south-lunar2120,南方小年 Southern Little New Year,2121/2/11,none,,apple-native-likely,农历2120年十二月二十四；传统节日；默认关闭,
FALSE,chuxi-lunar2120,除夕 Chinese New Year’s Eve,2121/2/16,none,,apple-native-likely,农历2120年腊月最后一天；苹果原生日历通常已包含；默认关闭避免重复,
FALSE,spring-festival-lunar2121,春节 Spring Festival,2121/2/17,none,,apple-native-likely,农历2121年正月初一；苹果原生日历通常已包含；默认关闭避免重复,
FALSE,lantern-festival-lunar2121,元宵节 Lantern Festival,2121/3/3,none,,apple-native-likely,农历2121年正月十五；苹果中国大陆日历可能已包含；默认关闭避免重复,
TRUE,dragon-heads-raising-lunar2121,龙抬头 Dragon Heads-raising Day,2121/3/20,none,,lunar,农历2121年二月初二；传统节日；保留,
FALSE,dragon-boat-lunar2121,端午节 Dragon Boat Festival,2121/6/19,none,,apple-native-likely,农历2121年五月初五；苹果原生日历通常已包含；默认关闭避免重复,
FALSE,qixi-lunar2121,七夕节 Qixi Festival,2121/8/19,none,,apple-native-likely,农历2121年七月初七；默认关闭,
TRUE,ghost-festival-lunar2121,中元节 Ghost Festival,2121/8/27,none,,lunar,农历2121年七月十五；中国传统节日,
FALSE,mid-autumn-lunar2121,中秋节 Mid-Autumn Festival,2121/9/26,none,,apple-native-likely,农历2121年八月十五；苹果原生日历通常已包含；默认关闭避免重复,
TRUE,double-ninth-lunar2121,重阳节 Double Ninth Festival,2121/10/19,none,,lunar,农历2121年九月初九；传统节日；保留,
TRUE,black-friday-2121,黑色星期五 Black Friday,2121/11/28,none,,business,美国感恩节后的星期五；按年份计算,
FALSE,laba-lunar2121,腊八节 Laba Festival,2122/1/15,none,,apple-native-likely,农历2121年十二月初八；传统节日；默认关闭,
FALSE,xiaonian-north-lunar2121,北方小年 Northern Little New Year,2122/1/30,none,,apple-native-likely,农历2121年十二月二十三；传统节日；默认关闭,
FALSE,xiaonian-south-lunar2121,南方小年 Southern Little New Year,2122/1/31,none,,apple-native-likely,农历2121年十二月二十四；传统节日；默认关闭,
FALSE,chuxi-lunar2121,除夕 Chinese New Year’s Eve,2122/2/6,none,,apple-native-likely,农历2121年腊月最后一天；苹果原生日历通常已包含；默认关闭避免重复,
FALSE,spring-festival-lunar2122,春节 Spring Festival,2122/2/7,none,,apple-native-likely,农历2122年正月初一；苹果原生日历通常已包含；默认关闭避免重复,
FALSE,lantern-festival-lunar2122,元宵节 Lantern Festival,2122/2/21,none,,apple-native-likely,农历2122年正月十五；苹果中国大陆日历可能已包含；默认关闭避免重复,
TRUE,dragon-heads-raising-lunar2122,龙抬头 Dragon Heads-raising Day,2122/3/9,none,,lunar,农历2122年二月初二；传统节日；保留,
FALSE,dragon-boat-lunar2122,端午节 Dragon Boat Festival,2122/6/9,none,,apple-native-likely,农历2122年五月初五；苹果原生日历通常已包含；默认关闭避免重复,
FALSE,qixi-lunar2122,七夕节 Qixi Festival,2122/8/8,none,,apple-native-likely,农历2122年七月初七；默认关闭,
TRUE,ghost-festival-lunar2122,中元节 Ghost Festival,2122/8/16,none,,lunar,农历2122年七月十五；中国传统节日,
FALSE,mid-autumn-lunar2122,中秋节 Mid-Autumn Festival,2122/9/15,none,,apple-native-likely,农历2122年八月十五；苹果原生日历通常已包含；默认关闭避免重复,
TRUE,double-ninth-lunar2122,重阳节 Double Ninth Festival,2122/10/8,none,,lunar,农历2122年九月初九；传统节日；保留,
TRUE,black-friday-2122,黑色星期五 Black Friday,2122/11/27,none,,business,美国感恩节后的星期五；按年份计算,
FALSE,laba-lunar2122,腊八节 Laba Festival,2123/1/5,none,,apple-native-likely,农历2122年十二月初八；传统节日；默认关闭,
FALSE,xiaonian-north-lunar2122,北方小年 Northern Little New Year,2123/1/20,none,,apple-native-likely,农历2122年十二月二十三；传统节日；默认关闭,
FALSE,xiaonian-south-lunar2122,南方小年 Southern Little New Year,2123/1/21,none,,apple-native-likely,农历2122年十二月二十四；传统节日；默认关闭,
FALSE,chuxi-lunar2122,除夕 Chinese New Year’s Eve,2123/1/26,none,,apple-native-likely,农历2122年腊月最后一天；苹果原生日历通常已包含；默认关闭避免重复,
FALSE,spring-festival-lunar2123,春节 Spring Festival,2123/1/27,none,,apple-native-likely,农历2123年正月初一；苹果原生日历通常已包含；默认关闭避免重复,
FALSE,lantern-festival-lunar2123,元宵节 Lantern Festival,2123/2/10,none,,apple-native-likely,农历2123年正月十五；苹果中国大陆日历可能已包含；默认关闭避免重复,
TRUE,dragon-heads-raising-lunar2123,龙抬头 Dragon Heads-raising Day,2123/2/27,none,,lunar,农历2123年二月初二；传统节日；保留,
FALSE,dragon-boat-lunar2123,端午节 Dragon Boat Festival,2123/5/29,none,,apple-native-likely,农历2123年五月初五；苹果原生日历通常已包含；默认关闭避免重复,
FALSE,qixi-lunar2123,七夕节 Qixi Festival,2123/8/27,none,,apple-native-likely,农历2123年七月初七；默认关闭,
TRUE,ghost-festival-lunar2123,中元节 Ghost Festival,2123/9/4,none,,lunar,农历2123年七月十五；中国传统节日,
FALSE,mid-autumn-lunar2123,中秋节 Mid-Autumn Festival,2123/10/4,none,,apple-native-likely,农历2123年八月十五；苹果原生日历通常已包含；默认关闭避免重复,
TRUE,double-ninth-lunar2123,重阳节 Double Ninth Festival,2123/10/27,none,,lunar,农历2123年九月初九；传统节日；保留,
TRUE,black-friday-2123,黑色星期五 Black Friday,2123/11/26,none,,business,美国感恩节后的星期五；按年份计算,
FALSE,laba-lunar2123,腊八节 Laba Festival,2124/1/24,none,,apple-native-likely,农历2123年十二月初八；传统节日；默认关闭,
FALSE,xiaonian-north-lunar2123,北方小年 Northern Little New Year,2124/2/8,none,,apple-native-likely,农历2123年十二月二十三；传统节日；默认关闭,
FALSE,xiaonian-south-lunar2123,南方小年 Southern Little New Year,2124/2/9,none,,apple-native-likely,农历2123年十二月二十四；传统节日；默认关闭,
FALSE,chuxi-lunar2123,除夕 Chinese New Year’s Eve,2124/2/14,none,,apple-native-likely,农历2123年腊月最后一天；苹果原生日历通常已包含；默认关闭避免重复,
FALSE,spring-festival-lunar2124,春节 Spring Festival,2124/2/15,none,,apple-native-likely,农历2124年正月初一；苹果原生日历通常已包含；默认关闭避免重复,
FALSE,lantern-festival-lunar2124,元宵节 Lantern Festival,2124/2/29,none,,apple-native-likely,农历2124年正月十五；苹果中国大陆日历可能已包含；默认关闭避免重复,
TRUE,dragon-heads-raising-lunar2124,龙抬头 Dragon Heads-raising Day,2124/3/17,none,,lunar,农历2124年二月初二；传统节日；保留,
FALSE,dragon-boat-lunar2124,端午节 Dragon Boat Festival,2124/6/16,none,,apple-native-likely,农历2124年五月初五；苹果原生日历通常已包含；默认关闭避免重复,
FALSE,qixi-lunar2124,七夕节 Qixi Festival,2124/8/16,none,,apple-native-likely,农历2124年七月初七；默认关闭,
TRUE,ghost-festival-lunar2124,中元节 Ghost Festival,2124/8/24,none,,lunar,农历2124年七月十五；中国传统节日,
FALSE,mid-autumn-lunar2124,中秋节 Mid-Autumn Festival,2124/9/22,none,,apple-native-likely,农历2124年八月十五；苹果原生日历通常已包含；默认关闭避免重复,
TRUE,double-ninth-lunar2124,重阳节 Double Ninth Festival,2124/10/16,none,,lunar,农历2124年九月初九；传统节日；保留,
TRUE,black-friday-2124,黑色星期五 Black Friday,2124/11/24,none,,business,美国感恩节后的星期五；按年份计算,
FALSE,laba-lunar2124,腊八节 Laba Festival,2125/1/12,none,,apple-native-likely,农历2124年十二月初八；传统节日；默认关闭,
FALSE,xiaonian-north-lunar2124,北方小年 Northern Little New Year,2125/1/27,none,,apple-native-likely,农历2124年十二月二十三；传统节日；默认关闭,
FALSE,xiaonian-south-lunar2124,南方小年 Southern Little New Year,2125/1/28,none,,apple-native-likely,农历2124年十二月二十四；传统节日；默认关闭,
FALSE,chuxi-lunar2124,除夕 Chinese New Year’s Eve,2125/2/2,none,,apple-native-likely,农历2124年腊月最后一天；苹果原生日历通常已包含；默认关闭避免重复,
FALSE,spring-festival-lunar2125,春节 Spring Festival,2125/2/3,none,,apple-native-likely,农历2125年正月初一；苹果原生日历通常已包含；默认关闭避免重复,
FALSE,lantern-festival-lunar2125,元宵节 Lantern Festival,2125/2/17,none,,apple-native-likely,农历2125年正月十五；苹果中国大陆日历可能已包含；默认关闭避免重复,
TRUE,dragon-heads-raising-lunar2125,龙抬头 Dragon Heads-raising Day,2125/3/6,none,,lunar,农历2125年二月初二；传统节日；保留,
FALSE,dragon-boat-lunar2125,端午节 Dragon Boat Festival,2125/6/6,none,,apple-native-likely,农历2125年五月初五；苹果原生日历通常已包含；默认关闭避免重复,
FALSE,qixi-lunar2125,七夕节 Qixi Festival,2125/8/6,none,,apple-native-likely,农历2125年七月初七；默认关闭,
TRUE,ghost-festival-lunar2125,中元节 Ghost Festival,2125/8/14,none,,lunar,农历2125年七月十五；中国传统节日,
FALSE,mid-autumn-lunar2125,中秋节 Mid-Autumn Festival,2125/9/12,none,,apple-native-likely,农历2125年八月十五；苹果原生日历通常已包含；默认关闭避免重复,
TRUE,double-ninth-lunar2125,重阳节 Double Ninth Festival,2125/10/5,none,,lunar,农历2125年九月初九；传统节日；保留,
TRUE,black-friday-2125,黑色星期五 Black Friday,2125/11/23,none,,business,美国感恩节后的星期五；按年份计算,
FALSE,laba-lunar2125,腊八节 Laba Festival,2126/1/1,none,,apple-native-likely,农历2125年十二月初八；传统节日；默认关闭,
FALSE,xiaonian-north-lunar2125,北方小年 Northern Little New Year,2126/1/16,none,,apple-native-likely,农历2125年十二月二十三；传统节日；默认关闭,
FALSE,xiaonian-south-lunar2125,南方小年 Southern Little New Year,2126/1/17,none,,apple-native-likely,农历2125年十二月二十四；传统节日；默认关闭,
FALSE,chuxi-lunar2125,除夕 Chinese New Year’s Eve,2126/1/22,none,,apple-native-likely,农历2125年腊月最后一天；苹果原生日历通常已包含；默认关闭避免重复,
FALSE,spring-festival-lunar2126,春节 Spring Festival,2126/1/23,none,,apple-native-likely,农历2126年正月初一；苹果原生日历通常已包含；默认关闭避免重复,
FALSE,lantern-festival-lunar2126,元宵节 Lantern Festival,2126/2/6,none,,apple-native-likely,农历2126年正月十五；苹果中国大陆日历可能已包含；默认关闭避免重复,
TRUE,dragon-heads-raising-lunar2126,龙抬头 Dragon Heads-raising Day,2126/2/23,none,,lunar,农历2126年二月初二；传统节日；保留,
FALSE,dragon-boat-lunar2126,端午节 Dragon Boat Festival,2126/6/25,none,,apple-native-likely,农历2126年五月初五；苹果原生日历通常已包含；默认关闭避免重复,
FALSE,qixi-lunar2126,七夕节 Qixi Festival,2126/8/25,none,,apple-native-likely,农历2126年七月初七；默认关闭,
TRUE,ghost-festival-lunar2126,中元节 Ghost Festival,2126/9/2,none,,lunar,农历2126年七月十五；中国传统节日,
FALSE,mid-autumn-lunar2126,中秋节 Mid-Autumn Festival,2126/10/1,none,,apple-native-likely,农历2126年八月十五；苹果原生日历通常已包含；默认关闭避免重复,
TRUE,double-ninth-lunar2126,重阳节 Double Ninth Festival,2126/10/24,none,,lunar,农历2126年九月初九；传统节日；保留,
TRUE,black-friday-2126,黑色星期五 Black Friday,2126/11/29,none,,business,美国感恩节后的星期五；按年份计算,
FALSE,laba-lunar2126,腊八节 Laba Festival,2127/1/20,none,,apple-native-likely,农历2126年十二月初八；传统节日；默认关闭,
FALSE,xiaonian-north-lunar2126,北方小年 Northern Little New Year,2127/2/4,none,,apple-native-likely,农历2126年十二月二十三；传统节日；默认关闭,
FALSE,xiaonian-south-lunar2126,南方小年 Southern Little New Year,2127/2/5,none,,apple-native-likely,农历2126年十二月二十四；传统节日；默认关闭,
FALSE,chuxi-lunar2126,除夕 Chinese New Year’s Eve,2127/2/10,none,,apple-native-likely,农历2126年腊月最后一天；苹果原生日历通常已包含；默认关闭避免重复,
FALSE,spring-festival-lunar2127,春节 Spring Festival,2127/2/11,none,,apple-native-likely,农历2127年正月初一；苹果原生日历通常已包含；默认关闭避免重复,
FALSE,lantern-festival-lunar2127,元宵节 Lantern Festival,2127/2/25,none,,apple-native-likely,农历2127年正月十五；苹果中国大陆日历可能已包含；默认关闭避免重复,
TRUE,dragon-heads-raising-lunar2127,龙抬头 Dragon Heads-raising Day,2127/3/14,none,,lunar,农历2127年二月初二；传统节日；保留,
FALSE,dragon-boat-lunar2127,端午节 Dragon Boat Festival,2127/6/14,none,,apple-native-likely,农历2127年五月初五；苹果原生日历通常已包含；默认关闭避免重复,
FALSE,qixi-lunar2127,七夕节 Qixi Festival,2127/8/14,none,,apple-native-likely,农历2127年七月初七；默认关闭,
TRUE,ghost-festival-lunar2127,中元节 Ghost Festival,2127/8/22,none,,lunar,农历2127年七月十五；中国传统节日,
FALSE,mid-autumn-lunar2127,中秋节 Mid-Autumn Festival,2127/9/20,none,,apple-native-likely,农历2127年八月十五；苹果原生日历通常已包含；默认关闭避免重复,
TRUE,double-ninth-lunar2127,重阳节 Double Ninth Festival,2127/10/14,none,,lunar,农历2127年九月初九；传统节日；保留,
TRUE,black-friday-2127,黑色星期五 Black Friday,2127/11/28,none,,business,美国感恩节后的星期五；按年份计算,
FALSE,laba-lunar2127,腊八节 Laba Festival,2128/1/9,none,,apple-native-likely,农历2127年十二月初八；传统节日；默认关闭,
FALSE,xiaonian-north-lunar2127,北方小年 Northern Little New Year,2128/1/24,none,,apple-native-likely,农历2127年十二月二十三；传统节日；默认关闭,
FALSE,xiaonian-south-lunar2127,南方小年 Southern Little New Year,2128/1/25,none,,apple-native-likely,农历2127年十二月二十四；传统节日；默认关闭,
FALSE,chuxi-lunar2127,除夕 Chinese New Year’s Eve,2128/1/31,none,,apple-native-likely,农历2127年腊月最后一天；苹果原生日历通常已包含；默认关闭避免重复,
FALSE,spring-festival-lunar2128,春节 Spring Festival,2128/2/1,none,,apple-native-likely,农历2128年正月初一；苹果原生日历通常已包含；默认关闭避免重复,
FALSE,lantern-festival-lunar2128,元宵节 Lantern Festival,2128/2/15,none,,apple-native-likely,农历2128年正月十五；苹果中国大陆日历可能已包含；默认关闭避免重复,
TRUE,dragon-heads-raising-lunar2128,龙抬头 Dragon Heads-raising Day,2128/3/2,none,,lunar,农历2128年二月初二；传统节日；保留,
FALSE,dragon-boat-lunar2128,端午节 Dragon Boat Festival,2128/6/2,none,,apple-native-likely,农历2128年五月初五；苹果原生日历通常已包含；默认关闭避免重复,
FALSE,qixi-lunar2128,七夕节 Qixi Festival,2128/8/2,none,,apple-native-likely,农历2128年七月初七；默认关闭,
TRUE,ghost-festival-lunar2128,中元节 Ghost Festival,2128/8/10,none,,lunar,农历2128年七月十五；中国传统节日,
FALSE,mid-autumn-lunar2128,中秋节 Mid-Autumn Festival,2128/9/9,none,,apple-native-likely,农历2128年八月十五；苹果原生日历通常已包含；默认关闭避免重复,
TRUE,double-ninth-lunar2128,重阳节 Double Ninth Festival,2128/10/2,none,,lunar,农历2128年九月初九；传统节日；保留,
TRUE,black-friday-2128,黑色星期五 Black Friday,2128/11/26,none,,business,美国感恩节后的星期五；按年份计算,
FALSE,laba-lunar2128,腊八节 Laba Festival,2129/1/27,none,,apple-native-likely,农历2128年十二月初八；传统节日；默认关闭,
FALSE,xiaonian-north-lunar2128,北方小年 Northern Little New Year,2129/2/11,none,,apple-native-likely,农历2128年十二月二十三；传统节日；默认关闭,
FALSE,xiaonian-south-lunar2128,南方小年 Southern Little New Year,2129/2/12,none,,apple-native-likely,农历2128年十二月二十四；传统节日；默认关闭,
FALSE,chuxi-lunar2128,除夕 Chinese New Year’s Eve,2129/2/18,none,,apple-native-likely,农历2128年腊月最后一天；苹果原生日历通常已包含；默认关闭避免重复,
FALSE,spring-festival-lunar2129,春节 Spring Festival,2129/2/19,none,,apple-native-likely,农历2129年正月初一；苹果原生日历通常已包含；默认关闭避免重复,
FALSE,lantern-festival-lunar2129,元宵节 Lantern Festival,2129/3/5,none,,apple-native-likely,农历2129年正月十五；苹果中国大陆日历可能已包含；默认关闭避免重复,
TRUE,dragon-heads-raising-lunar2129,龙抬头 Dragon Heads-raising Day,2129/3/21,none,,lunar,农历2129年二月初二；传统节日；保留,
FALSE,dragon-boat-lunar2129,端午节 Dragon Boat Festival,2129/6/21,none,,apple-native-likely,农历2129年五月初五；苹果原生日历通常已包含；默认关闭避免重复,
FALSE,qixi-lunar2129,七夕节 Qixi Festival,2129/8/21,none,,apple-native-likely,农历2129年七月初七；默认关闭,
TRUE,ghost-festival-lunar2129,中元节 Ghost Festival,2129/8/29,none,,lunar,农历2129年七月十五；中国传统节日,
FALSE,mid-autumn-lunar2129,中秋节 Mid-Autumn Festival,2129/9/28,none,,apple-native-likely,农历2129年八月十五；苹果原生日历通常已包含；默认关闭避免重复,
TRUE,double-ninth-lunar2129,重阳节 Double Ninth Festival,2129/10/21,none,,lunar,农历2129年九月初九；传统节日；保留,
TRUE,black-friday-2129,黑色星期五 Black Friday,2129/11/25,none,,business,美国感恩节后的星期五；按年份计算,
FALSE,laba-lunar2129,腊八节 Laba Festival,2130/1/17,none,,apple-native-likely,农历2129年十二月初八；传统节日；默认关闭,
FALSE,xiaonian-north-lunar2129,北方小年 Northern Little New Year,2130/2/1,none,,apple-native-likely,农历2129年十二月二十三；传统节日；默认关闭,
FALSE,xiaonian-south-lunar2129,南方小年 Southern Little New Year,2130/2/2,none,,apple-native-likely,农历2129年十二月二十四；传统节日；默认关闭,
FALSE,chuxi-lunar2129,除夕 Chinese New Year’s Eve,2130/2/7,none,,apple-native-likely,农历2129年腊月最后一天；苹果原生日历通常已包含；默认关闭避免重复,
FALSE,spring-festival-lunar2130,春节 Spring Festival,2130/2/8,none,,apple-native-likely,农历2130年正月初一；苹果原生日历通常已包含；默认关闭避免重复,
FALSE,lantern-festival-lunar2130,元宵节 Lantern Festival,2130/2/22,none,,apple-native-likely,农历2130年正月十五；苹果中国大陆日历可能已包含；默认关闭避免重复,
TRUE,dragon-heads-raising-lunar2130,龙抬头 Dragon Heads-raising Day,2130/3/11,none,,lunar,农历2130年二月初二；传统节日；保留,
FALSE,dragon-boat-lunar2130,端午节 Dragon Boat Festival,2130/6/10,none,,apple-native-likely,农历2130年五月初五；苹果原生日历通常已包含；默认关闭避免重复,
FALSE,qixi-lunar2130,七夕节 Qixi Festival,2130/8/10,none,,apple-native-likely,农历2130年七月初七；默认关闭,
TRUE,ghost-festival-lunar2130,中元节 Ghost Festival,2130/8/18,none,,lunar,农历2130年七月十五；中国传统节日,
FALSE,mid-autumn-lunar2130,中秋节 Mid-Autumn Festival,2130/9/17,none,,apple-native-likely,农历2130年八月十五；苹果原生日历通常已包含；默认关闭避免重复,
TRUE,double-ninth-lunar2130,重阳节 Double Ninth Festival,2130/10/10,none,,lunar,农历2130年九月初九；传统节日；保留,
TRUE,black-friday-2130,黑色星期五 Black Friday,2130/11/24,none,,business,美国感恩节后的星期五；按年份计算,
FALSE,laba-lunar2130,腊八节 Laba Festival,2131/1/6,none,,apple-native-likely,农历2130年十二月初八；传统节日；默认关闭,
FALSE,xiaonian-north-lunar2130,北方小年 Northern Little New Year,2131/1/21,none,,apple-native-likely,农历2130年十二月二十三；传统节日；默认关闭,
FALSE,xiaonian-south-lunar2130,南方小年 Southern Little New Year,2131/1/22,none,,apple-native-likely,农历2130年十二月二十四；传统节日；默认关闭,
FALSE,chuxi-lunar2130,除夕 Chinese New Year’s Eve,2131/1/28,none,,apple-native-likely,农历2130年腊月最后一天；苹果原生日历通常已包含；默认关闭避免重复,
FALSE,spring-festival-lunar2131,春节 Spring Festival,2131/1/29,none,,apple-native-likely,农历2131年正月初一；苹果原生日历通常已包含；默认关闭避免重复,
FALSE,lantern-festival-lunar2131,元宵节 Lantern Festival,2131/2/12,none,,apple-native-likely,农历2131年正月十五；苹果中国大陆日历可能已包含；默认关闭避免重复,
TRUE,dragon-heads-raising-lunar2131,龙抬头 Dragon Heads-raising Day,2131/2/28,none,,lunar,农历2131年二月初二；传统节日；保留,
FALSE,dragon-boat-lunar2131,端午节 Dragon Boat Festival,2131/5/31,none,,apple-native-likely,农历2131年五月初五；苹果原生日历通常已包含；默认关闭避免重复,
FALSE,qixi-lunar2131,七夕节 Qixi Festival,2131/8/29,none,,apple-native-likely,农历2131年七月初七；默认关闭,
TRUE,ghost-festival-lunar2131,中元节 Ghost Festival,2131/9/6,none,,lunar,农历2131年七月十五；中国传统节日,
FALSE,mid-autumn-lunar2131,中秋节 Mid-Autumn Festival,2131/10/5,none,,apple-native-likely,农历2131年八月十五；苹果原生日历通常已包含；默认关闭避免重复,
TRUE,double-ninth-lunar2131,重阳节 Double Ninth Festival,2131/10/29,none,,lunar,农历2131年九月初九；传统节日；保留,
TRUE,black-friday-2131,黑色星期五 Black Friday,2131/11/23,none,,business,美国感恩节后的星期五；按年份计算,
FALSE,laba-lunar2131,腊八节 Laba Festival,2132/1/25,none,,apple-native-likely,农历2131年十二月初八；传统节日；默认关闭,
FALSE,xiaonian-north-lunar2131,北方小年 Northern Little New Year,2132/2/9,none,,apple-native-likely,农历2131年十二月二十三；传统节日；默认关闭,
FALSE,xiaonian-south-lunar2131,南方小年 Southern Little New Year,2132/2/10,none,,apple-native-likely,农历2131年十二月二十四；传统节日；默认关闭,
FALSE,chuxi-lunar2131,除夕 Chinese New Year’s Eve,2132/2/16,none,,apple-native-likely,农历2131年腊月最后一天；苹果原生日历通常已包含；默认关闭避免重复,
FALSE,spring-festival-lunar2132,春节 Spring Festival,2132/2/17,none,,apple-native-likely,农历2132年正月初一；苹果原生日历通常已包含；默认关闭避免重复,
FALSE,lantern-festival-lunar2132,元宵节 Lantern Festival,2132/3/2,none,,apple-native-likely,农历2132年正月十五；苹果中国大陆日历可能已包含；默认关闭避免重复,
TRUE,dragon-heads-raising-lunar2132,龙抬头 Dragon Heads-raising Day,2132/3/18,none,,lunar,农历2132年二月初二；传统节日；保留,
FALSE,dragon-boat-lunar2132,端午节 Dragon Boat Festival,2132/6/18,none,,apple-native-likely,农历2132年五月初五；苹果原生日历通常已包含；默认关闭避免重复,
FALSE,qixi-lunar2132,七夕节 Qixi Festival,2132/8/17,none,,apple-native-likely,农历2132年七月初七；默认关闭,
TRUE,ghost-festival-lunar2132,中元节 Ghost Festival,2132/8/25,none,,lunar,农历2132年七月十五；中国传统节日,
FALSE,mid-autumn-lunar2132,中秋节 Mid-Autumn Festival,2132/9/24,none,,apple-native-likely,农历2132年八月十五；苹果原生日历通常已包含；默认关闭避免重复,
TRUE,double-ninth-lunar2132,重阳节 Double Ninth Festival,2132/10/17,none,,lunar,农历2132年九月初九；传统节日；保留,
TRUE,black-friday-2132,黑色星期五 Black Friday,2132/11/28,none,,business,美国感恩节后的星期五；按年份计算,
FALSE,laba-lunar2132,腊八节 Laba Festival,2133/1/13,none,,apple-native-likely,农历2132年十二月初八；传统节日；默认关闭,
FALSE,xiaonian-north-lunar2132,北方小年 Northern Little New Year,2133/1/28,none,,apple-native-likely,农历2132年十二月二十三；传统节日；默认关闭,
FALSE,xiaonian-south-lunar2132,南方小年 Southern Little New Year,2133/1/29,none,,apple-native-likely,农历2132年十二月二十四；传统节日；默认关闭,
FALSE,chuxi-lunar2132,除夕 Chinese New Year’s Eve,2133/2/4,none,,apple-native-likely,农历2132年腊月最后一天；苹果原生日历通常已包含；默认关闭避免重复,
FALSE,spring-festival-lunar2133,春节 Spring Festival,2133/2/5,none,,apple-native-likely,农历2133年正月初一；苹果原生日历通常已包含；默认关闭避免重复,
FALSE,lantern-festival-lunar2133,元宵节 Lantern Festival,2133/2/19,none,,apple-native-likely,农历2133年正月十五；苹果中国大陆日历可能已包含；默认关闭避免重复,
TRUE,dragon-heads-raising-lunar2133,龙抬头 Dragon Heads-raising Day,2133/3/8,none,,lunar,农历2133年二月初二；传统节日；保留,
FALSE,dragon-boat-lunar2133,端午节 Dragon Boat Festival,2133/6/7,none,,apple-native-likely,农历2133年五月初五；苹果原生日历通常已包含；默认关闭避免重复,
FALSE,qixi-lunar2133,七夕节 Qixi Festival,2133/8/7,none,,apple-native-likely,农历2133年七月初七；默认关闭,
TRUE,ghost-festival-lunar2133,中元节 Ghost Festival,2133/8/15,none,,lunar,农历2133年七月十五；中国传统节日,
FALSE,mid-autumn-lunar2133,中秋节 Mid-Autumn Festival,2133/9/13,none,,apple-native-likely,农历2133年八月十五；苹果原生日历通常已包含；默认关闭避免重复,
TRUE,double-ninth-lunar2133,重阳节 Double Ninth Festival,2133/10/6,none,,lunar,农历2133年九月初九；传统节日；保留,
TRUE,black-friday-2133,黑色星期五 Black Friday,2133/11/27,none,,business,美国感恩节后的星期五；按年份计算,
FALSE,laba-lunar2133,腊八节 Laba Festival,2134/1/2,none,,apple-native-likely,农历2133年十二月初八；传统节日；默认关闭,
FALSE,xiaonian-north-lunar2133,北方小年 Northern Little New Year,2134/1/17,none,,apple-native-likely,农历2133年十二月二十三；传统节日；默认关闭,
FALSE,xiaonian-south-lunar2133,南方小年 Southern Little New Year,2134/1/18,none,,apple-native-likely,农历2133年十二月二十四；传统节日；默认关闭,
FALSE,chuxi-lunar2133,除夕 Chinese New Year’s Eve,2134/1/24,none,,apple-native-likely,农历2133年腊月最后一天；苹果原生日历通常已包含；默认关闭避免重复,
FALSE,spring-festival-lunar2134,春节 Spring Festival,2134/1/25,none,,apple-native-likely,农历2134年正月初一；苹果原生日历通常已包含；默认关闭避免重复,
FALSE,lantern-festival-lunar2134,元宵节 Lantern Festival,2134/2/8,none,,apple-native-likely,农历2134年正月十五；苹果中国大陆日历可能已包含；默认关闭避免重复,
TRUE,dragon-heads-raising-lunar2134,龙抬头 Dragon Heads-raising Day,2134/2/25,none,,lunar,农历2134年二月初二；传统节日；保留,
FALSE,dragon-boat-lunar2134,端午节 Dragon Boat Festival,2134/5/28,none,,apple-native-likely,农历2134年五月初五；苹果原生日历通常已包含；默认关闭避免重复,
FALSE,qixi-lunar2134,七夕节 Qixi Festival,2134/8/26,none,,apple-native-likely,农历2134年七月初七；默认关闭,
TRUE,ghost-festival-lunar2134,中元节 Ghost Festival,2134/9/3,none,,lunar,农历2134年七月十五；中国传统节日,
FALSE,mid-autumn-lunar2134,中秋节 Mid-Autumn Festival,2134/10/2,none,,apple-native-likely,农历2134年八月十五；苹果原生日历通常已包含；默认关闭避免重复,
TRUE,double-ninth-lunar2134,重阳节 Double Ninth Festival,2134/10/26,none,,lunar,农历2134年九月初九；传统节日；保留,
TRUE,black-friday-2134,黑色星期五 Black Friday,2134/11/26,none,,business,美国感恩节后的星期五；按年份计算,
FALSE,laba-lunar2134,腊八节 Laba Festival,2135/1/21,none,,apple-native-likely,农历2134年十二月初八；传统节日；默认关闭,
FALSE,xiaonian-north-lunar2134,北方小年 Northern Little New Year,2135/2/5,none,,apple-native-likely,农历2134年十二月二十三；传统节日；默认关闭,
FALSE,xiaonian-south-lunar2134,南方小年 Southern Little New Year,2135/2/6,none,,apple-native-likely,农历2134年十二月二十四；传统节日；默认关闭,
FALSE,chuxi-lunar2134,除夕 Chinese New Year’s Eve,2135/2/12,none,,apple-native-likely,农历2134年腊月最后一天；苹果原生日历通常已包含；默认关闭避免重复,
FALSE,spring-festival-lunar2135,春节 Spring Festival,2135/2/13,none,,apple-native-likely,农历2135年正月初一；苹果原生日历通常已包含；默认关闭避免重复,
FALSE,lantern-festival-lunar2135,元宵节 Lantern Festival,2135/2/27,none,,apple-native-likely,农历2135年正月十五；苹果中国大陆日历可能已包含；默认关闭避免重复,
TRUE,dragon-heads-raising-lunar2135,龙抬头 Dragon Heads-raising Day,2135/3/16,none,,lunar,农历2135年二月初二；传统节日；保留,
FALSE,dragon-boat-lunar2135,端午节 Dragon Boat Festival,2135/6/16,none,,apple-native-likely,农历2135年五月初五；苹果原生日历通常已包含；默认关闭避免重复,
FALSE,qixi-lunar2135,七夕节 Qixi Festival,2135/8/15,none,,apple-native-likely,农历2135年七月初七；默认关闭,
TRUE,ghost-festival-lunar2135,中元节 Ghost Festival,2135/8/23,none,,lunar,农历2135年七月十五；中国传统节日,
FALSE,mid-autumn-lunar2135,中秋节 Mid-Autumn Festival,2135/9/22,none,,apple-native-likely,农历2135年八月十五；苹果原生日历通常已包含；默认关闭避免重复,
TRUE,double-ninth-lunar2135,重阳节 Double Ninth Festival,2135/10/15,none,,lunar,农历2135年九月初九；传统节日；保留,
TRUE,black-friday-2135,黑色星期五 Black Friday,2135/11/25,none,,business,美国感恩节后的星期五；按年份计算,
FALSE,laba-lunar2135,腊八节 Laba Festival,2136/1/11,none,,apple-native-likely,农历2135年十二月初八；传统节日；默认关闭,
FALSE,xiaonian-north-lunar2135,北方小年 Northern Little New Year,2136/1/26,none,,apple-native-likely,农历2135年十二月二十三；传统节日；默认关闭,
FALSE,xiaonian-south-lunar2135,南方小年 Southern Little New Year,2136/1/27,none,,apple-native-likely,农历2135年十二月二十四；传统节日；默认关闭,
FALSE,chuxi-lunar2135,除夕 Chinese New Year’s Eve,2136/2/1,none,,apple-native-likely,农历2135年腊月最后一天；苹果原生日历通常已包含；默认关闭避免重复,
FALSE,spring-festival-lunar2136,春节 Spring Festival,2136/2/2,none,,apple-native-likely,农历2136年正月初一；苹果原生日历通常已包含；默认关闭避免重复,
FALSE,lantern-festival-lunar2136,元宵节 Lantern Festival,2136/2/16,none,,apple-native-likely,农历2136年正月十五；苹果中国大陆日历可能已包含；默认关闭避免重复,
TRUE,dragon-heads-raising-lunar2136,龙抬头 Dragon Heads-raising Day,2136/3/4,none,,lunar,农历2136年二月初二；传统节日；保留,
FALSE,dragon-boat-lunar2136,端午节 Dragon Boat Festival,2136/6/4,none,,apple-native-likely,农历2136年五月初五；苹果原生日历通常已包含；默认关闭避免重复,
FALSE,qixi-lunar2136,七夕节 Qixi Festival,2136/8/4,none,,apple-native-likely,农历2136年七月初七；默认关闭,
TRUE,ghost-festival-lunar2136,中元节 Ghost Festival,2136/8/12,none,,lunar,农历2136年七月十五；中国传统节日,
FALSE,mid-autumn-lunar2136,中秋节 Mid-Autumn Festival,2136/9/10,none,,apple-native-likely,农历2136年八月十五；苹果原生日历通常已包含；默认关闭避免重复,
TRUE,double-ninth-lunar2136,重阳节 Double Ninth Festival,2136/10/4,none,,lunar,农历2136年九月初九；传统节日；保留,
TRUE,black-friday-2136,黑色星期五 Black Friday,2136/11/23,none,,business,美国感恩节后的星期五；按年份计算,
FALSE,laba-lunar2136,腊八节 Laba Festival,2136/12/30,none,,apple-native-likely,农历2136年十二月初八；传统节日；默认关闭,
FALSE,xiaonian-north-lunar2136,北方小年 Northern Little New Year,2137/1/14,none,,apple-native-likely,农历2136年十二月二十三；传统节日；默认关闭,
FALSE,xiaonian-south-lunar2136,南方小年 Southern Little New Year,2137/1/15,none,,apple-native-likely,农历2136年十二月二十四；传统节日；默认关闭,
FALSE,chuxi-lunar2136,除夕 Chinese New Year’s Eve,2137/1/21,none,,apple-native-likely,农历2136年腊月最后一天；苹果原生日历通常已包含；默认关闭避免重复,
FALSE,spring-festival-lunar2137,春节 Spring Festival,2137/1/22,none,,apple-native-likely,农历2137年正月初一；苹果原生日历通常已包含；默认关闭避免重复,
FALSE,lantern-festival-lunar2137,元宵节 Lantern Festival,2137/2/5,none,,apple-native-likely,农历2137年正月十五；苹果中国大陆日历可能已包含；默认关闭避免重复,
TRUE,dragon-heads-raising-lunar2137,龙抬头 Dragon Heads-raising Day,2137/2/21,none,,lunar,农历2137年二月初二；传统节日；保留,
FALSE,dragon-boat-lunar2137,端午节 Dragon Boat Festival,2137/6/22,none,,apple-native-likely,农历2137年五月初五；苹果原生日历通常已包含；默认关闭避免重复,
FALSE,qixi-lunar2137,七夕节 Qixi Festival,2137/8/23,none,,apple-native-likely,农历2137年七月初七；默认关闭,
TRUE,ghost-festival-lunar2137,中元节 Ghost Festival,2137/8/31,none,,lunar,农历2137年七月十五；中国传统节日,
FALSE,mid-autumn-lunar2137,中秋节 Mid-Autumn Festival,2137/9/29,none,,apple-native-likely,农历2137年八月十五；苹果原生日历通常已包含；默认关闭避免重复,
TRUE,double-ninth-lunar2137,重阳节 Double Ninth Festival,2137/10/23,none,,lunar,农历2137年九月初九；传统节日；保留,
TRUE,black-friday-2137,黑色星期五 Black Friday,2137/11/29,none,,business,美国感恩节后的星期五；按年份计算,
FALSE,laba-lunar2137,腊八节 Laba Festival,2138/1/18,none,,apple-native-likely,农历2137年十二月初八；传统节日；默认关闭,
FALSE,xiaonian-north-lunar2137,北方小年 Northern Little New Year,2138/2/2,none,,apple-native-likely,农历2137年十二月二十三；传统节日；默认关闭,
FALSE,xiaonian-south-lunar2137,南方小年 Southern Little New Year,2138/2/3,none,,apple-native-likely,农历2137年十二月二十四；传统节日；默认关闭,
FALSE,chuxi-lunar2137,除夕 Chinese New Year’s Eve,2138/2/9,none,,apple-native-likely,农历2137年腊月最后一天；苹果原生日历通常已包含；默认关闭避免重复,
FALSE,spring-festival-lunar2138,春节 Spring Festival,2138/2/10,none,,apple-native-likely,农历2138年正月初一；苹果原生日历通常已包含；默认关闭避免重复,
FALSE,lantern-festival-lunar2138,元宵节 Lantern Festival,2138/2/24,none,,apple-native-likely,农历2138年正月十五；苹果中国大陆日历可能已包含；默认关闭避免重复,
TRUE,dragon-heads-raising-lunar2138,龙抬头 Dragon Heads-raising Day,2138/3/12,none,,lunar,农历2138年二月初二；传统节日；保留,
FALSE,dragon-boat-lunar2138,端午节 Dragon Boat Festival,2138/6/12,none,,apple-native-likely,农历2138年五月初五；苹果原生日历通常已包含；默认关闭避免重复,
FALSE,qixi-lunar2138,七夕节 Qixi Festival,2138/8/12,none,,apple-native-likely,农历2138年七月初七；默认关闭,
TRUE,ghost-festival-lunar2138,中元节 Ghost Festival,2138/8/20,none,,lunar,农历2138年七月十五；中国传统节日,
FALSE,mid-autumn-lunar2138,中秋节 Mid-Autumn Festival,2138/9/18,none,,apple-native-likely,农历2138年八月十五；苹果原生日历通常已包含；默认关闭避免重复,
TRUE,double-ninth-lunar2138,重阳节 Double Ninth Festival,2138/10/12,none,,lunar,农历2138年九月初九；传统节日；保留,
TRUE,black-friday-2138,黑色星期五 Black Friday,2138/11/28,none,,business,美国感恩节后的星期五；按年份计算,
FALSE,laba-lunar2138,腊八节 Laba Festival,2139/1/8,none,,apple-native-likely,农历2138年十二月初八；传统节日；默认关闭,
FALSE,xiaonian-north-lunar2138,北方小年 Northern Little New Year,2139/1/23,none,,apple-native-likely,农历2138年十二月二十三；传统节日；默认关闭,
FALSE,xiaonian-south-lunar2138,南方小年 Southern Little New Year,2139/1/24,none,,apple-native-likely,农历2138年十二月二十四；传统节日；默认关闭,
FALSE,chuxi-lunar2138,除夕 Chinese New Year’s Eve,2139/1/29,none,,apple-native-likely,农历2138年腊月最后一天；苹果原生日历通常已包含；默认关闭避免重复,
FALSE,spring-festival-lunar2139,春节 Spring Festival,2139/1/30,none,,apple-native-likely,农历2139年正月初一；苹果原生日历通常已包含；默认关闭避免重复,
FALSE,lantern-festival-lunar2139,元宵节 Lantern Festival,2139/2/13,none,,apple-native-likely,农历2139年正月十五；苹果中国大陆日历可能已包含；默认关闭避免重复,
TRUE,dragon-heads-raising-lunar2139,龙抬头 Dragon Heads-raising Day,2139/3/2,none,,lunar,农历2139年二月初二；传统节日；保留,
FALSE,dragon-boat-lunar2139,端午节 Dragon Boat Festival,2139/6/1,none,,apple-native-likely,农历2139年五月初五；苹果原生日历通常已包含；默认关闭避免重复,
FALSE,qixi-lunar2139,七夕节 Qixi Festival,2139/8/1,none,,apple-native-likely,农历2139年七月初七；默认关闭,
TRUE,ghost-festival-lunar2139,中元节 Ghost Festival,2139/8/9,none,,lunar,农历2139年七月十五；中国传统节日,
FALSE,mid-autumn-lunar2139,中秋节 Mid-Autumn Festival,2139/10/7,none,,apple-native-likely,农历2139年八月十五；苹果原生日历通常已包含；默认关闭避免重复,
TRUE,double-ninth-lunar2139,重阳节 Double Ninth Festival,2139/10/31,none,,lunar,农历2139年九月初九；传统节日；保留,
TRUE,black-friday-2139,黑色星期五 Black Friday,2139/11/27,none,,business,美国感恩节后的星期五；按年份计算,
FALSE,laba-lunar2139,腊八节 Laba Festival,2140/1/27,none,,apple-native-likely,农历2139年十二月初八；传统节日；默认关闭,
FALSE,xiaonian-north-lunar2139,北方小年 Northern Little New Year,2140/2/11,none,,apple-native-likely,农历2139年十二月二十三；传统节日；默认关闭,
FALSE,xiaonian-south-lunar2139,南方小年 Southern Little New Year,2140/2/12,none,,apple-native-likely,农历2139年十二月二十四；传统节日；默认关闭,
FALSE,chuxi-lunar2139,除夕 Chinese New Year’s Eve,2140/2/17,none,,apple-native-likely,农历2139年腊月最后一天；苹果原生日历通常已包含；默认关闭避免重复,
FALSE,spring-festival-lunar2140,春节 Spring Festival,2140/2/18,none,,apple-native-likely,农历2140年正月初一；苹果原生日历通常已包含；默认关闭避免重复,
FALSE,lantern-festival-lunar2140,元宵节 Lantern Festival,2140/3/3,none,,apple-native-likely,农历2140年正月十五；苹果中国大陆日历可能已包含；默认关闭避免重复,
TRUE,dragon-heads-raising-lunar2140,龙抬头 Dragon Heads-raising Day,2140/3/20,none,,lunar,农历2140年二月初二；传统节日；保留,
FALSE,dragon-boat-lunar2140,端午节 Dragon Boat Festival,2140/6/19,none,,apple-native-likely,农历2140年五月初五；苹果原生日历通常已包含；默认关闭避免重复,
FALSE,qixi-lunar2140,七夕节 Qixi Festival,2140/8/19,none,,apple-native-likely,农历2140年七月初七；默认关闭,
TRUE,ghost-festival-lunar2140,中元节 Ghost Festival,2140/8/27,none,,lunar,农历2140年七月十五；中国传统节日,
FALSE,mid-autumn-lunar2140,中秋节 Mid-Autumn Festival,2140/9/25,none,,apple-native-likely,农历2140年八月十五；苹果原生日历通常已包含；默认关闭避免重复,
TRUE,double-ninth-lunar2140,重阳节 Double Ninth Festival,2140/10/19,none,,lunar,农历2140年九月初九；传统节日；保留,
TRUE,black-friday-2140,黑色星期五 Black Friday,2140/11/25,none,,business,美国感恩节后的星期五；按年份计算,
FALSE,laba-lunar2140,腊八节 Laba Festival,2141/1/15,none,,apple-native-likely,农历2140年十二月初八；传统节日；默认关闭,
FALSE,xiaonian-north-lunar2140,北方小年 Northern Little New Year,2141/1/30,none,,apple-native-likely,农历2140年十二月二十三；传统节日；默认关闭,
FALSE,xiaonian-south-lunar2140,南方小年 Southern Little New Year,2141/1/31,none,,apple-native-likely,农历2140年十二月二十四；传统节日；默认关闭,
FALSE,chuxi-lunar2140,除夕 Chinese New Year’s Eve,2141/2/6,none,,apple-native-likely,农历2140年腊月最后一天；苹果原生日历通常已包含；默认关闭避免重复,
FALSE,spring-festival-lunar2141,春节 Spring Festival,2141/2/7,none,,apple-native-likely,农历2141年正月初一；苹果原生日历通常已包含；默认关闭避免重复,
FALSE,lantern-festival-lunar2141,元宵节 Lantern Festival,2141/2/21,none,,apple-native-likely,农历2141年正月十五；苹果中国大陆日历可能已包含；默认关闭避免重复,
TRUE,dragon-heads-raising-lunar2141,龙抬头 Dragon Heads-raising Day,2141/3/9,none,,lunar,农历2141年二月初二；传统节日；保留,
FALSE,dragon-boat-lunar2141,端午节 Dragon Boat Festival,2141/6/9,none,,apple-native-likely,农历2141年五月初五；苹果原生日历通常已包含；默认关闭避免重复,
FALSE,qixi-lunar2141,七夕节 Qixi Festival,2141/8/8,none,,apple-native-likely,农历2141年七月初七；默认关闭,
TRUE,ghost-festival-lunar2141,中元节 Ghost Festival,2141/8/16,none,,lunar,农历2141年七月十五；中国传统节日,
FALSE,mid-autumn-lunar2141,中秋节 Mid-Autumn Festival,2141/9/15,none,,apple-native-likely,农历2141年八月十五；苹果原生日历通常已包含；默认关闭避免重复,
TRUE,double-ninth-lunar2141,重阳节 Double Ninth Festival,2141/10/8,none,,lunar,农历2141年九月初九；传统节日；保留,
TRUE,black-friday-2141,黑色星期五 Black Friday,2141/11/24,none,,business,美国感恩节后的星期五；按年份计算,
FALSE,laba-lunar2141,腊八节 Laba Festival,2142/1/4,none,,apple-native-likely,农历2141年十二月初八；传统节日；默认关闭,
FALSE,xiaonian-north-lunar2141,北方小年 Northern Little New Year,2142/1/19,none,,apple-native-likely,农历2141年十二月二十三；传统节日；默认关闭,
FALSE,xiaonian-south-lunar2141,南方小年 Southern Little New Year,2142/1/20,none,,apple-native-likely,农历2141年十二月二十四；传统节日；默认关闭,
FALSE,chuxi-lunar2141,除夕 Chinese New Year’s Eve,2142/1/26,none,,apple-native-likely,农历2141年腊月最后一天；苹果原生日历通常已包含；默认关闭避免重复,
FALSE,spring-festival-lunar2142,春节 Spring Festival,2142/1/27,none,,apple-native-likely,农历2142年正月初一；苹果原生日历通常已包含；默认关闭避免重复,
FALSE,lantern-festival-lunar2142,元宵节 Lantern Festival,2142/2/10,none,,apple-native-likely,农历2142年正月十五；苹果中国大陆日历可能已包含；默认关闭避免重复,
TRUE,dragon-heads-raising-lunar2142,龙抬头 Dragon Heads-raising Day,2142/2/27,none,,lunar,农历2142年二月初二；传统节日；保留,
FALSE,dragon-boat-lunar2142,端午节 Dragon Boat Festival,2142/5/29,none,,apple-native-likely,农历2142年五月初五；苹果原生日历通常已包含；默认关闭避免重复,
FALSE,qixi-lunar2142,七夕节 Qixi Festival,2142/8/27,none,,apple-native-likely,农历2142年七月初七；默认关闭,
TRUE,ghost-festival-lunar2142,中元节 Ghost Festival,2142/9/4,none,,lunar,农历2142年七月十五；中国传统节日,
FALSE,mid-autumn-lunar2142,中秋节 Mid-Autumn Festival,2142/10/3,none,,apple-native-likely,农历2142年八月十五；苹果原生日历通常已包含；默认关闭避免重复,
TRUE,double-ninth-lunar2142,重阳节 Double Ninth Festival,2142/10/27,none,,lunar,农历2142年九月初九；传统节日；保留,
TRUE,black-friday-2142,黑色星期五 Black Friday,2142/11/23,none,,business,美国感恩节后的星期五；按年份计算,
FALSE,laba-lunar2142,腊八节 Laba Festival,2143/1/23,none,,apple-native-likely,农历2142年十二月初八；传统节日；默认关闭,
FALSE,xiaonian-north-lunar2142,北方小年 Northern Little New Year,2143/2/7,none,,apple-native-likely,农历2142年十二月二十三；传统节日；默认关闭,
FALSE,xiaonian-south-lunar2142,南方小年 Southern Little New Year,2143/2/8,none,,apple-native-likely,农历2142年十二月二十四；传统节日；默认关闭,
FALSE,chuxi-lunar2142,除夕 Chinese New Year’s Eve,2143/2/14,none,,apple-native-likely,农历2142年腊月最后一天；苹果原生日历通常已包含；默认关闭避免重复,
FALSE,spring-festival-lunar2143,春节 Spring Festival,2143/2/15,none,,apple-native-likely,农历2143年正月初一；苹果原生日历通常已包含；默认关闭避免重复,
FALSE,lantern-festival-lunar2143,元宵节 Lantern Festival,2143/3/1,none,,apple-native-likely,农历2143年正月十五；苹果中国大陆日历可能已包含；默认关闭避免重复,
TRUE,dragon-heads-raising-lunar2143,龙抬头 Dragon Heads-raising Day,2143/3/17,none,,lunar,农历2143年二月初二；传统节日；保留,
FALSE,dragon-boat-lunar2143,端午节 Dragon Boat Festival,2143/6/17,none,,apple-native-likely,农历2143年五月初五；苹果原生日历通常已包含；默认关闭避免重复,
FALSE,qixi-lunar2143,七夕节 Qixi Festival,2143/8/17,none,,apple-native-likely,农历2143年七月初七；默认关闭,
TRUE,ghost-festival-lunar2143,中元节 Ghost Festival,2143/8/25,none,,lunar,农历2143年七月十五；中国传统节日,
FALSE,mid-autumn-lunar2143,中秋节 Mid-Autumn Festival,2143/9/23,none,,apple-native-likely,农历2143年八月十五；苹果原生日历通常已包含；默认关闭避免重复,
TRUE,double-ninth-lunar2143,重阳节 Double Ninth Festival,2143/10/16,none,,lunar,农历2143年九月初九；传统节日；保留,
TRUE,black-friday-2143,黑色星期五 Black Friday,2143/11/29,none,,business,美国感恩节后的星期五；按年份计算,
FALSE,laba-lunar2143,腊八节 Laba Festival,2144/1/12,none,,apple-native-likely,农历2143年十二月初八；传统节日；默认关闭,
FALSE,xiaonian-north-lunar2143,北方小年 Northern Little New Year,2144/1/27,none,,apple-native-likely,农历2143年十二月二十三；传统节日；默认关闭,
FALSE,xiaonian-south-lunar2143,南方小年 Southern Little New Year,2144/1/28,none,,apple-native-likely,农历2143年十二月二十四；传统节日；默认关闭,
FALSE,chuxi-lunar2143,除夕 Chinese New Year’s Eve,2144/2/3,none,,apple-native-likely,农历2143年腊月最后一天；苹果原生日历通常已包含；默认关闭避免重复,
FALSE,spring-festival-lunar2144,春节 Spring Festival,2144/2/4,none,,apple-native-likely,农历2144年正月初一；苹果原生日历通常已包含；默认关闭避免重复,
FALSE,lantern-festival-lunar2144,元宵节 Lantern Festival,2144/2/18,none,,apple-native-likely,农历2144年正月十五；苹果中国大陆日历可能已包含；默认关闭避免重复,
TRUE,dragon-heads-raising-lunar2144,龙抬头 Dragon Heads-raising Day,2144/3/5,none,,lunar,农历2144年二月初二；传统节日；保留,
FALSE,dragon-boat-lunar2144,端午节 Dragon Boat Festival,2144/6/6,none,,apple-native-likely,农历2144年五月初五；苹果原生日历通常已包含；默认关闭避免重复,
FALSE,qixi-lunar2144,七夕节 Qixi Festival,2144/8/5,none,,apple-native-likely,农历2144年七月初七；默认关闭,
TRUE,ghost-festival-lunar2144,中元节 Ghost Festival,2144/8/13,none,,lunar,农历2144年七月十五；中国传统节日,
FALSE,mid-autumn-lunar2144,中秋节 Mid-Autumn Festival,2144/9/12,none,,apple-native-likely,农历2144年八月十五；苹果原生日历通常已包含；默认关闭避免重复,
TRUE,double-ninth-lunar2144,重阳节 Double Ninth Festival,2144/10/5,none,,lunar,农历2144年九月初九；传统节日；保留,
TRUE,black-friday-2144,黑色星期五 Black Friday,2144/11/27,none,,business,美国感恩节后的星期五；按年份计算,
FALSE,laba-lunar2144,腊八节 Laba Festival,2144/12/31,none,,apple-native-likely,农历2144年十二月初八；传统节日；默认关闭,
FALSE,xiaonian-north-lunar2144,北方小年 Northern Little New Year,2145/1/15,none,,apple-native-likely,农历2144年十二月二十三；传统节日；默认关闭,
FALSE,xiaonian-south-lunar2144,南方小年 Southern Little New Year,2145/1/16,none,,apple-native-likely,农历2144年十二月二十四；传统节日；默认关闭,
FALSE,chuxi-lunar2144,除夕 Chinese New Year’s Eve,2145/1/22,none,,apple-native-likely,农历2144年腊月最后一天；苹果原生日历通常已包含；默认关闭避免重复,
FALSE,spring-festival-lunar2145,春节 Spring Festival,2145/1/23,none,,apple-native-likely,农历2145年正月初一；苹果原生日历通常已包含；默认关闭避免重复,
FALSE,lantern-festival-lunar2145,元宵节 Lantern Festival,2145/2/6,none,,apple-native-likely,农历2145年正月十五；苹果中国大陆日历可能已包含；默认关闭避免重复,
TRUE,dragon-heads-raising-lunar2145,龙抬头 Dragon Heads-raising Day,2145/2/23,none,,lunar,农历2145年二月初二；传统节日；保留,
FALSE,dragon-boat-lunar2145,端午节 Dragon Boat Festival,2145/6/24,none,,apple-native-likely,农历2145年五月初五；苹果原生日历通常已包含；默认关闭避免重复,
FALSE,qixi-lunar2145,七夕节 Qixi Festival,2145/8/24,none,,apple-native-likely,农历2145年七月初七；默认关闭,
TRUE,ghost-festival-lunar2145,中元节 Ghost Festival,2145/9/1,none,,lunar,农历2145年七月十五；中国传统节日,
FALSE,mid-autumn-lunar2145,中秋节 Mid-Autumn Festival,2145/10/1,none,,apple-native-likely,农历2145年八月十五；苹果原生日历通常已包含；默认关闭避免重复,
TRUE,double-ninth-lunar2145,重阳节 Double Ninth Festival,2145/10/24,none,,lunar,农历2145年九月初九；传统节日；保留,
TRUE,black-friday-2145,黑色星期五 Black Friday,2145/11/26,none,,business,美国感恩节后的星期五；按年份计算,
FALSE,laba-lunar2145,腊八节 Laba Festival,2146/1/20,none,,apple-native-likely,农历2145年十二月初八；传统节日；默认关闭,
FALSE,xiaonian-north-lunar2145,北方小年 Northern Little New Year,2146/2/4,none,,apple-native-likely,农历2145年十二月二十三；传统节日；默认关闭,
FALSE,xiaonian-south-lunar2145,南方小年 Southern Little New Year,2146/2/5,none,,apple-native-likely,农历2145年十二月二十四；传统节日；默认关闭,
FALSE,chuxi-lunar2145,除夕 Chinese New Year’s Eve,2146/2/10,none,,apple-native-likely,农历2145年腊月最后一天；苹果原生日历通常已包含；默认关闭避免重复,
FALSE,spring-festival-lunar2146,春节 Spring Festival,2146/2/11,none,,apple-native-likely,农历2146年正月初一；苹果原生日历通常已包含；默认关闭避免重复,
FALSE,lantern-festival-lunar2146,元宵节 Lantern Festival,2146/2/25,none,,apple-native-likely,农历2146年正月十五；苹果中国大陆日历可能已包含；默认关闭避免重复,
TRUE,dragon-heads-raising-lunar2146,龙抬头 Dragon Heads-raising Day,2146/3/13,none,,lunar,农历2146年二月初二；传统节日；保留,
FALSE,dragon-boat-lunar2146,端午节 Dragon Boat Festival,2146/6/13,none,,apple-native-likely,农历2146年五月初五；苹果原生日历通常已包含；默认关闭避免重复,
FALSE,qixi-lunar2146,七夕节 Qixi Festival,2146/8/13,none,,apple-native-likely,农历2146年七月初七；默认关闭,
TRUE,ghost-festival-lunar2146,中元节 Ghost Festival,2146/8/21,none,,lunar,农历2146年七月十五；中国传统节日,
FALSE,mid-autumn-lunar2146,中秋节 Mid-Autumn Festival,2146/9/20,none,,apple-native-likely,农历2146年八月十五；苹果原生日历通常已包含；默认关闭避免重复,
TRUE,double-ninth-lunar2146,重阳节 Double Ninth Festival,2146/10/14,none,,lunar,农历2146年九月初九；传统节日；保留,
TRUE,black-friday-2146,黑色星期五 Black Friday,2146/11/25,none,,business,美国感恩节后的星期五；按年份计算,
FALSE,laba-lunar2146,腊八节 Laba Festival,2147/1/9,none,,apple-native-likely,农历2146年十二月初八；传统节日；默认关闭,
FALSE,xiaonian-north-lunar2146,北方小年 Northern Little New Year,2147/1/24,none,,apple-native-likely,农历2146年十二月二十三；传统节日；默认关闭,
FALSE,xiaonian-south-lunar2146,南方小年 Southern Little New Year,2147/1/25,none,,apple-native-likely,农历2146年十二月二十四；传统节日；默认关闭,
FALSE,chuxi-lunar2146,除夕 Chinese New Year’s Eve,2147/1/31,none,,apple-native-likely,农历2146年腊月最后一天；苹果原生日历通常已包含；默认关闭避免重复,
FALSE,spring-festival-lunar2147,春节 Spring Festival,2147/2/1,none,,apple-native-likely,农历2147年正月初一；苹果原生日历通常已包含；默认关闭避免重复,
FALSE,lantern-festival-lunar2147,元宵节 Lantern Festival,2147/2/15,none,,apple-native-likely,农历2147年正月十五；苹果中国大陆日历可能已包含；默认关闭避免重复,
TRUE,dragon-heads-raising-lunar2147,龙抬头 Dragon Heads-raising Day,2147/3/3,none,,lunar,农历2147年二月初二；传统节日；保留,
FALSE,dragon-boat-lunar2147,端午节 Dragon Boat Festival,2147/6/2,none,,apple-native-likely,农历2147年五月初五；苹果原生日历通常已包含；默认关闭避免重复,
FALSE,qixi-lunar2147,七夕节 Qixi Festival,2147/8/3,none,,apple-native-likely,农历2147年七月初七；默认关闭,
TRUE,ghost-festival-lunar2147,中元节 Ghost Festival,2147/8/11,none,,lunar,农历2147年七月十五；中国传统节日,
FALSE,mid-autumn-lunar2147,中秋节 Mid-Autumn Festival,2147/9/9,none,,apple-native-likely,农历2147年八月十五；苹果原生日历通常已包含；默认关闭避免重复,
TRUE,double-ninth-lunar2147,重阳节 Double Ninth Festival,2147/10/3,none,,lunar,农历2147年九月初九；传统节日；保留,
TRUE,black-friday-2147,黑色星期五 Black Friday,2147/11/24,none,,business,美国感恩节后的星期五；按年份计算,
FALSE,laba-lunar2147,腊八节 Laba Festival,2148/1/28,none,,apple-native-likely,农历2147年十二月初八；传统节日；默认关闭,
FALSE,xiaonian-north-lunar2147,北方小年 Northern Little New Year,2148/2/12,none,,apple-native-likely,农历2147年十二月二十三；传统节日；默认关闭,
FALSE,xiaonian-south-lunar2147,南方小年 Southern Little New Year,2148/2/13,none,,apple-native-likely,农历2147年十二月二十四；传统节日；默认关闭,
FALSE,chuxi-lunar2147,除夕 Chinese New Year’s Eve,2148/2/19,none,,apple-native-likely,农历2147年腊月最后一天；苹果原生日历通常已包含；默认关闭避免重复,
FALSE,spring-festival-lunar2148,春节 Spring Festival,2148/2/20,none,,apple-native-likely,农历2148年正月初一；苹果原生日历通常已包含；默认关闭避免重复,
FALSE,lantern-festival-lunar2148,元宵节 Lantern Festival,2148/3/5,none,,apple-native-likely,农历2148年正月十五；苹果中国大陆日历可能已包含；默认关闭避免重复,
TRUE,dragon-heads-raising-lunar2148,龙抬头 Dragon Heads-raising Day,2148/3/21,none,,lunar,农历2148年二月初二；传统节日；保留,
FALSE,dragon-boat-lunar2148,端午节 Dragon Boat Festival,2148/6/20,none,,apple-native-likely,农历2148年五月初五；苹果原生日历通常已包含；默认关闭避免重复,
FALSE,qixi-lunar2148,七夕节 Qixi Festival,2148/8/20,none,,apple-native-likely,农历2148年七月初七；默认关闭,
TRUE,ghost-festival-lunar2148,中元节 Ghost Festival,2148/8/28,none,,lunar,农历2148年七月十五；中国传统节日,
FALSE,mid-autumn-lunar2148,中秋节 Mid-Autumn Festival,2148/9/27,none,,apple-native-likely,农历2148年八月十五；苹果原生日历通常已包含；默认关闭避免重复,
TRUE,double-ninth-lunar2148,重阳节 Double Ninth Festival,2148/10/21,none,,lunar,农历2148年九月初九；传统节日；保留,
TRUE,black-friday-2148,黑色星期五 Black Friday,2148/11/29,none,,business,美国感恩节后的星期五；按年份计算,
FALSE,laba-lunar2148,腊八节 Laba Festival,2149/1/17,none,,apple-native-likely,农历2148年十二月初八；传统节日；默认关闭,
FALSE,xiaonian-north-lunar2148,北方小年 Northern Little New Year,2149/2/1,none,,apple-native-likely,农历2148年十二月二十三；传统节日；默认关闭,
FALSE,xiaonian-south-lunar2148,南方小年 Southern Little New Year,2149/2/2,none,,apple-native-likely,农历2148年十二月二十四；传统节日；默认关闭,
FALSE,chuxi-lunar2148,除夕 Chinese New Year’s Eve,2149/2/7,none,,apple-native-likely,农历2148年腊月最后一天；苹果原生日历通常已包含；默认关闭避免重复,
FALSE,spring-festival-lunar2149,春节 Spring Festival,2149/2/8,none,,apple-native-likely,农历2149年正月初一；苹果原生日历通常已包含；默认关闭避免重复,
FALSE,lantern-festival-lunar2149,元宵节 Lantern Festival,2149/2/22,none,,apple-native-likely,农历2149年正月十五；苹果中国大陆日历可能已包含；默认关闭避免重复,
TRUE,dragon-heads-raising-lunar2149,龙抬头 Dragon Heads-raising Day,2149/3/11,none,,lunar,农历2149年二月初二；传统节日；保留,
FALSE,dragon-boat-lunar2149,端午节 Dragon Boat Festival,2149/6/10,none,,apple-native-likely,农历2149年五月初五；苹果原生日历通常已包含；默认关闭避免重复,
FALSE,qixi-lunar2149,七夕节 Qixi Festival,2149/8/10,none,,apple-native-likely,农历2149年七月初七；默认关闭,
TRUE,ghost-festival-lunar2149,中元节 Ghost Festival,2149/8/18,none,,lunar,农历2149年七月十五；中国传统节日,
FALSE,mid-autumn-lunar2149,中秋节 Mid-Autumn Festival,2149/9/16,none,,apple-native-likely,农历2149年八月十五；苹果原生日历通常已包含；默认关闭避免重复,
TRUE,double-ninth-lunar2149,重阳节 Double Ninth Festival,2149/10/10,none,,lunar,农历2149年九月初九；传统节日；保留,
TRUE,black-friday-2149,黑色星期五 Black Friday,2149/11/28,none,,business,美国感恩节后的星期五；按年份计算,
FALSE,laba-lunar2149,腊八节 Laba Festival,2150/1/6,none,,apple-native-likely,农历2149年十二月初八；传统节日；默认关闭,
FALSE,xiaonian-north-lunar2149,北方小年 Northern Little New Year,2150/1/21,none,,apple-native-likely,农历2149年十二月二十三；传统节日；默认关闭,
FALSE,xiaonian-south-lunar2149,南方小年 Southern Little New Year,2150/1/22,none,,apple-native-likely,农历2149年十二月二十四；传统节日；默认关闭,
FALSE,chuxi-lunar2149,除夕 Chinese New Year’s Eve,2150/1/28,none,,apple-native-likely,农历2149年腊月最后一天；苹果原生日历通常已包含；默认关闭避免重复,
FALSE,spring-festival-lunar2150,春节 Spring Festival,2150/1/29,none,,apple-native-likely,农历2150年正月初一；苹果原生日历通常已包含；默认关闭避免重复,
FALSE,lantern-festival-lunar2150,元宵节 Lantern Festival,2150/2/12,none,,apple-native-likely,农历2150年正月十五；苹果中国大陆日历可能已包含；默认关闭避免重复,
TRUE,dragon-heads-raising-lunar2150,龙抬头 Dragon Heads-raising Day,2150/2/28,none,,lunar,农历2150年二月初二；传统节日；保留,
FALSE,dragon-boat-lunar2150,端午节 Dragon Boat Festival,2150/5/31,none,,apple-native-likely,农历2150年五月初五；苹果原生日历通常已包含；默认关闭避免重复,
FALSE,qixi-lunar2150,七夕节 Qixi Festival,2150/8/28,none,,apple-native-likely,农历2150年七月初七；默认关闭,
TRUE,ghost-festival-lunar2150,中元节 Ghost Festival,2150/9/5,none,,lunar,农历2150年七月十五；中国传统节日,
FALSE,mid-autumn-lunar2150,中秋节 Mid-Autumn Festival,2150/10/5,none,,apple-native-likely,农历2150年八月十五；苹果原生日历通常已包含；默认关闭避免重复,
TRUE,double-ninth-lunar2150,重阳节 Double Ninth Festival,2150/10/28,none,,lunar,农历2150年九月初九；传统节日；保留,
TRUE,black-friday-2150,黑色星期五 Black Friday,2150/11/27,none,,business,美国感恩节后的星期五；按年份计算,
FALSE,laba-lunar2150,腊八节 Laba Festival,2151/1/25,none,,apple-native-likely,农历2150年十二月初八；传统节日；默认关闭,
FALSE,xiaonian-north-lunar2150,北方小年 Northern Little New Year,2151/2/9,none,,apple-native-likely,农历2150年十二月二十三；传统节日；默认关闭,
FALSE,xiaonian-south-lunar2150,南方小年 Southern Little New Year,2151/2/10,none,,apple-native-likely,农历2150年十二月二十四；传统节日；默认关闭,
FALSE,chuxi-lunar2150,除夕 Chinese New Year’s Eve,2151/2/15,none,,apple-native-likely,农历2150年腊月最后一天；苹果原生日历通常已包含；默认关闭避免重复,
FALSE,spring-festival-lunar2151,春节 Spring Festival,2151/2/16,none,,apple-native-likely,农历2151年正月初一；苹果原生日历通常已包含；默认关闭避免重复,
FALSE,lantern-festival-lunar2151,元宵节 Lantern Festival,2151/3/2,none,,apple-native-likely,农历2151年正月十五；苹果中国大陆日历可能已包含；默认关闭避免重复,
TRUE,dragon-heads-raising-lunar2151,龙抬头 Dragon Heads-raising Day,2151/3/19,none,,lunar,农历2151年二月初二；传统节日；保留,
FALSE,dragon-boat-lunar2151,端午节 Dragon Boat Festival,2151/6/19,none,,apple-native-likely,农历2151年五月初五；苹果原生日历通常已包含；默认关闭避免重复,
FALSE,qixi-lunar2151,七夕节 Qixi Festival,2151/8/18,none,,apple-native-likely,农历2151年七月初七；默认关闭,
TRUE,ghost-festival-lunar2151,中元节 Ghost Festival,2151/8/26,none,,lunar,农历2151年七月十五；中国传统节日,
FALSE,mid-autumn-lunar2151,中秋节 Mid-Autumn Festival,2151/9/24,none,,apple-native-likely,农历2151年八月十五；苹果原生日历通常已包含；默认关闭避免重复,
TRUE,double-ninth-lunar2151,重阳节 Double Ninth Festival,2151/10/18,none,,lunar,农历2151年九月初九；传统节日；保留,
TRUE,black-friday-2151,黑色星期五 Black Friday,2151/11/26,none,,business,美国感恩节后的星期五；按年份计算,
FALSE,laba-lunar2151,腊八节 Laba Festival,2152/1/14,none,,apple-native-likely,农历2151年十二月初八；传统节日；默认关闭,
FALSE,xiaonian-north-lunar2151,北方小年 Northern Little New Year,2152/1/29,none,,apple-native-likely,农历2151年十二月二十三；传统节日；默认关闭,
FALSE,xiaonian-south-lunar2151,南方小年 Southern Little New Year,2152/1/30,none,,apple-native-likely,农历2151年十二月二十四；传统节日；默认关闭,
FALSE,chuxi-lunar2151,除夕 Chinese New Year’s Eve,2152/2/4,none,,apple-native-likely,农历2151年腊月最后一天；苹果原生日历通常已包含；默认关闭避免重复,
FALSE,spring-festival-lunar2152,春节 Spring Festival,2152/2/5,none,,apple-native-likely,农历2152年正月初一；苹果原生日历通常已包含；默认关闭避免重复,
FALSE,lantern-festival-lunar2152,元宵节 Lantern Festival,2152/2/19,none,,apple-native-likely,农历2152年正月十五；苹果中国大陆日历可能已包含；默认关闭避免重复,
TRUE,dragon-heads-raising-lunar2152,龙抬头 Dragon Heads-raising Day,2152/3/7,none,,lunar,农历2152年二月初二；传统节日；保留,
FALSE,dragon-boat-lunar2152,端午节 Dragon Boat Festival,2152/6/7,none,,apple-native-likely,农历2152年五月初五；苹果原生日历通常已包含；默认关闭避免重复,
FALSE,qixi-lunar2152,七夕节 Qixi Festival,2152/8/7,none,,apple-native-likely,农历2152年七月初七；默认关闭,
TRUE,ghost-festival-lunar2152,中元节 Ghost Festival,2152/8/15,none,,lunar,农历2152年七月十五；中国传统节日,
FALSE,mid-autumn-lunar2152,中秋节 Mid-Autumn Festival,2152/9/13,none,,apple-native-likely,农历2152年八月十五；苹果原生日历通常已包含；默认关闭避免重复,
TRUE,double-ninth-lunar2152,重阳节 Double Ninth Festival,2152/10/6,none,,lunar,农历2152年九月初九；传统节日；保留,
TRUE,black-friday-2152,黑色星期五 Black Friday,2152/11/24,none,,business,美国感恩节后的星期五；按年份计算,
FALSE,laba-lunar2152,腊八节 Laba Festival,2153/1/2,none,,apple-native-likely,农历2152年十二月初八；传统节日；默认关闭,
FALSE,xiaonian-north-lunar2152,北方小年 Northern Little New Year,2153/1/17,none,,apple-native-likely,农历2152年十二月二十三；传统节日；默认关闭,
FALSE,xiaonian-south-lunar2152,南方小年 Southern Little New Year,2153/1/18,none,,apple-native-likely,农历2152年十二月二十四；传统节日；默认关闭,
FALSE,chuxi-lunar2152,除夕 Chinese New Year’s Eve,2153/1/24,none,,apple-native-likely,农历2152年腊月最后一天；苹果原生日历通常已包含；默认关闭避免重复,
FALSE,spring-festival-lunar2153,春节 Spring Festival,2153/1/25,none,,apple-native-likely,农历2153年正月初一；苹果原生日历通常已包含；默认关闭避免重复,
FALSE,lantern-festival-lunar2153,元宵节 Lantern Festival,2153/2/8,none,,apple-native-likely,农历2153年正月十五；苹果中国大陆日历可能已包含；默认关闭避免重复,
TRUE,dragon-heads-raising-lunar2153,龙抬头 Dragon Heads-raising Day,2153/2/24,none,,lunar,农历2153年二月初二；传统节日；保留,
FALSE,dragon-boat-lunar2153,端午节 Dragon Boat Festival,2153/5/27,none,,apple-native-likely,农历2153年五月初五；苹果原生日历通常已包含；默认关闭避免重复,
FALSE,qixi-lunar2153,七夕节 Qixi Festival,2153/8/26,none,,apple-native-likely,农历2153年七月初七；默认关闭,
TRUE,ghost-festival-lunar2153,中元节 Ghost Festival,2153/9/3,none,,lunar,农历2153年七月十五；中国传统节日,
FALSE,mid-autumn-lunar2153,中秋节 Mid-Autumn Festival,2153/10/2,none,,apple-native-likely,农历2153年八月十五；苹果原生日历通常已包含；默认关闭避免重复,
TRUE,double-ninth-lunar2153,重阳节 Double Ninth Festival,2153/10/26,none,,lunar,农历2153年九月初九；传统节日；保留,
TRUE,black-friday-2153,黑色星期五 Black Friday,2153/11/23,none,,business,美国感恩节后的星期五；按年份计算,
FALSE,laba-lunar2153,腊八节 Laba Festival,2154/1/21,none,,apple-native-likely,农历2153年十二月初八；传统节日；默认关闭,
FALSE,xiaonian-north-lunar2153,北方小年 Northern Little New Year,2154/2/5,none,,apple-native-likely,农历2153年十二月二十三；传统节日；默认关闭,
FALSE,xiaonian-south-lunar2153,南方小年 Southern Little New Year,2154/2/6,none,,apple-native-likely,农历2153年十二月二十四；传统节日；默认关闭,
FALSE,chuxi-lunar2153,除夕 Chinese New Year’s Eve,2154/2/11,none,,apple-native-likely,农历2153年腊月最后一天；苹果原生日历通常已包含；默认关闭避免重复,
FALSE,spring-festival-lunar2154,春节 Spring Festival,2154/2/12,none,,apple-native-likely,农历2154年正月初一；苹果原生日历通常已包含；默认关闭避免重复,
FALSE,lantern-festival-lunar2154,元宵节 Lantern Festival,2154/2/26,none,,apple-native-likely,农历2154年正月十五；苹果中国大陆日历可能已包含；默认关闭避免重复,
TRUE,dragon-heads-raising-lunar2154,龙抬头 Dragon Heads-raising Day,2154/3/15,none,,lunar,农历2154年二月初二；传统节日；保留,
FALSE,dragon-boat-lunar2154,端午节 Dragon Boat Festival,2154/6/15,none,,apple-native-likely,农历2154年五月初五；苹果原生日历通常已包含；默认关闭避免重复,
FALSE,qixi-lunar2154,七夕节 Qixi Festival,2154/8/15,none,,apple-native-likely,农历2154年七月初七；默认关闭,
TRUE,ghost-festival-lunar2154,中元节 Ghost Festival,2154/8/23,none,,lunar,农历2154年七月十五；中国传统节日,
FALSE,mid-autumn-lunar2154,中秋节 Mid-Autumn Festival,2154/9/22,none,,apple-native-likely,农历2154年八月十五；苹果原生日历通常已包含；默认关闭避免重复,
TRUE,double-ninth-lunar2154,重阳节 Double Ninth Festival,2154/10/15,none,,lunar,农历2154年九月初九；传统节日；保留,
TRUE,black-friday-2154,黑色星期五 Black Friday,2154/11/29,none,,business,美国感恩节后的星期五；按年份计算,
FALSE,laba-lunar2154,腊八节 Laba Festival,2155/1/10,none,,apple-native-likely,农历2154年十二月初八；传统节日；默认关闭,
FALSE,xiaonian-north-lunar2154,北方小年 Northern Little New Year,2155/1/25,none,,apple-native-likely,农历2154年十二月二十三；传统节日；默认关闭,
FALSE,xiaonian-south-lunar2154,南方小年 Southern Little New Year,2155/1/26,none,,apple-native-likely,农历2154年十二月二十四；传统节日；默认关闭,
FALSE,chuxi-lunar2154,除夕 Chinese New Year’s Eve,2155/2/1,none,,apple-native-likely,农历2154年腊月最后一天；苹果原生日历通常已包含；默认关闭避免重复,
FALSE,spring-festival-lunar2155,春节 Spring Festival,2155/2/2,none,,apple-native-likely,农历2155年正月初一；苹果原生日历通常已包含；默认关闭避免重复,
FALSE,lantern-festival-lunar2155,元宵节 Lantern Festival,2155/2/16,none,,apple-native-likely,农历2155年正月十五；苹果中国大陆日历可能已包含；默认关闭避免重复,
TRUE,dragon-heads-raising-lunar2155,龙抬头 Dragon Heads-raising Day,2155/3/4,none,,lunar,农历2155年二月初二；传统节日；保留,
FALSE,dragon-boat-lunar2155,端午节 Dragon Boat Festival,2155/6/4,none,,apple-native-likely,农历2155年五月初五；苹果原生日历通常已包含；默认关闭避免重复,
FALSE,qixi-lunar2155,七夕节 Qixi Festival,2155/8/4,none,,apple-native-likely,农历2155年七月初七；默认关闭,
TRUE,ghost-festival-lunar2155,中元节 Ghost Festival,2155/8/12,none,,lunar,农历2155年七月十五；中国传统节日,
FALSE,mid-autumn-lunar2155,中秋节 Mid-Autumn Festival,2155/9/11,none,,apple-native-likely,农历2155年八月十五；苹果原生日历通常已包含；默认关闭避免重复,
TRUE,double-ninth-lunar2155,重阳节 Double Ninth Festival,2155/10/5,none,,lunar,农历2155年九月初九；传统节日；保留,
TRUE,black-friday-2155,黑色星期五 Black Friday,2155/11/28,none,,business,美国感恩节后的星期五；按年份计算,
FALSE,laba-lunar2155,腊八节 Laba Festival,2155/12/31,none,,apple-native-likely,农历2155年十二月初八；传统节日；默认关闭,
FALSE,xiaonian-north-lunar2155,北方小年 Northern Little New Year,2156/1/15,none,,apple-native-likely,农历2155年十二月二十三；传统节日；默认关闭,
FALSE,xiaonian-south-lunar2155,南方小年 Southern Little New Year,2156/1/16,none,,apple-native-likely,农历2155年十二月二十四；传统节日；默认关闭,
FALSE,chuxi-lunar2155,除夕 Chinese New Year’s Eve,2156/1/22,none,,apple-native-likely,农历2155年腊月最后一天；苹果原生日历通常已包含；默认关闭避免重复,
FALSE,spring-festival-lunar2156,春节 Spring Festival,2156/1/23,none,,apple-native-likely,农历2156年正月初一；苹果原生日历通常已包含；默认关闭避免重复,
FALSE,lantern-festival-lunar2156,元宵节 Lantern Festival,2156/2/6,none,,apple-native-likely,农历2156年正月十五；苹果中国大陆日历可能已包含；默认关闭避免重复,
TRUE,dragon-heads-raising-lunar2156,龙抬头 Dragon Heads-raising Day,2156/2/22,none,,lunar,农历2156年二月初二；传统节日；保留,
FALSE,dragon-boat-lunar2156,端午节 Dragon Boat Festival,2156/6/22,none,,apple-native-likely,农历2156年五月初五；苹果原生日历通常已包含；默认关闭避免重复,
FALSE,qixi-lunar2156,七夕节 Qixi Festival,2156/8/22,none,,apple-native-likely,农历2156年七月初七；默认关闭,
TRUE,ghost-festival-lunar2156,中元节 Ghost Festival,2156/8/30,none,,lunar,农历2156年七月十五；中国传统节日,
FALSE,mid-autumn-lunar2156,中秋节 Mid-Autumn Festival,2156/9/29,none,,apple-native-likely,农历2156年八月十五；苹果原生日历通常已包含；默认关闭避免重复,
TRUE,double-ninth-lunar2156,重阳节 Double Ninth Festival,2156/10/22,none,,lunar,农历2156年九月初九；传统节日；保留,
TRUE,black-friday-2156,黑色星期五 Black Friday,2156/11/26,none,,business,美国感恩节后的星期五；按年份计算,
FALSE,laba-lunar2156,腊八节 Laba Festival,2157/1/18,none,,apple-native-likely,农历2156年十二月初八；传统节日；默认关闭,
FALSE,xiaonian-north-lunar2156,北方小年 Northern Little New Year,2157/2/2,none,,apple-native-likely,农历2156年十二月二十三；传统节日；默认关闭,
FALSE,xiaonian-south-lunar2156,南方小年 Southern Little New Year,2157/2/3,none,,apple-native-likely,农历2156年十二月二十四；传统节日；默认关闭,
FALSE,chuxi-lunar2156,除夕 Chinese New Year’s Eve,2157/2/9,none,,apple-native-likely,农历2156年腊月最后一天；苹果原生日历通常已包含；默认关闭避免重复,
FALSE,spring-festival-lunar2157,春节 Spring Festival,2157/2/10,none,,apple-native-likely,农历2157年正月初一；苹果原生日历通常已包含；默认关闭避免重复,
FALSE,lantern-festival-lunar2157,元宵节 Lantern Festival,2157/2/24,none,,apple-native-likely,农历2157年正月十五；苹果中国大陆日历可能已包含；默认关闭避免重复,
TRUE,dragon-heads-raising-lunar2157,龙抬头 Dragon Heads-raising Day,2157/3/12,none,,lunar,农历2157年二月初二；传统节日；保留,
FALSE,dragon-boat-lunar2157,端午节 Dragon Boat Festival,2157/6/11,none,,apple-native-likely,农历2157年五月初五；苹果原生日历通常已包含；默认关闭避免重复,
FALSE,qixi-lunar2157,七夕节 Qixi Festival,2157/8/11,none,,apple-native-likely,农历2157年七月初七；默认关闭,
TRUE,ghost-festival-lunar2157,中元节 Ghost Festival,2157/8/19,none,,lunar,农历2157年七月十五；中国传统节日,
FALSE,mid-autumn-lunar2157,中秋节 Mid-Autumn Festival,2157/9/18,none,,apple-native-likely,农历2157年八月十五；苹果原生日历通常已包含；默认关闭避免重复,
TRUE,double-ninth-lunar2157,重阳节 Double Ninth Festival,2157/10/11,none,,lunar,农历2157年九月初九；传统节日；保留,
TRUE,black-friday-2157,黑色星期五 Black Friday,2157/11/25,none,,business,美国感恩节后的星期五；按年份计算,
FALSE,laba-lunar2157,腊八节 Laba Festival,2158/1/8,none,,apple-native-likely,农历2157年十二月初八；传统节日；默认关闭,
FALSE,xiaonian-north-lunar2157,北方小年 Northern Little New Year,2158/1/23,none,,apple-native-likely,农历2157年十二月二十三；传统节日；默认关闭,
FALSE,xiaonian-south-lunar2157,南方小年 Southern Little New Year,2158/1/24,none,,apple-native-likely,农历2157年十二月二十四；传统节日；默认关闭,
FALSE,chuxi-lunar2157,除夕 Chinese New Year’s Eve,2158/1/29,none,,apple-native-likely,农历2157年腊月最后一天；苹果原生日历通常已包含；默认关闭避免重复,
FALSE,spring-festival-lunar2158,春节 Spring Festival,2158/1/30,none,,apple-native-likely,农历2158年正月初一；苹果原生日历通常已包含；默认关闭避免重复,
FALSE,lantern-festival-lunar2158,元宵节 Lantern Festival,2158/2/13,none,,apple-native-likely,农历2158年正月十五；苹果中国大陆日历可能已包含；默认关闭避免重复,
TRUE,dragon-heads-raising-lunar2158,龙抬头 Dragon Heads-raising Day,2158/3/2,none,,lunar,农历2158年二月初二；传统节日；保留,
FALSE,dragon-boat-lunar2158,端午节 Dragon Boat Festival,2158/6/1,none,,apple-native-likely,农历2158年五月初五；苹果原生日历通常已包含；默认关闭避免重复,
FALSE,qixi-lunar2158,七夕节 Qixi Festival,2158/7/31,none,,apple-native-likely,农历2158年七月初七；默认关闭,
TRUE,ghost-festival-lunar2158,中元节 Ghost Festival,2158/8/8,none,,lunar,农历2158年七月十五；中国传统节日,
FALSE,mid-autumn-lunar2158,中秋节 Mid-Autumn Festival,2158/10/6,none,,apple-native-likely,农历2158年八月十五；苹果原生日历通常已包含；默认关闭避免重复,
TRUE,double-ninth-lunar2158,重阳节 Double Ninth Festival,2158/10/30,none,,lunar,农历2158年九月初九；传统节日；保留,
TRUE,black-friday-2158,黑色星期五 Black Friday,2158/11/24,none,,business,美国感恩节后的星期五；按年份计算,
FALSE,laba-lunar2158,腊八节 Laba Festival,2159/1/26,none,,apple-native-likely,农历2158年十二月初八；传统节日；默认关闭,
FALSE,xiaonian-north-lunar2158,北方小年 Northern Little New Year,2159/2/10,none,,apple-native-likely,农历2158年十二月二十三；传统节日；默认关闭,
FALSE,xiaonian-south-lunar2158,南方小年 Southern Little New Year,2159/2/11,none,,apple-native-likely,农历2158年十二月二十四；传统节日；默认关闭,
FALSE,chuxi-lunar2158,除夕 Chinese New Year’s Eve,2159/2/17,none,,apple-native-likely,农历2158年腊月最后一天；苹果原生日历通常已包含；默认关闭避免重复,
FALSE,spring-festival-lunar2159,春节 Spring Festival,2159/2/18,none,,apple-native-likely,农历2159年正月初一；苹果原生日历通常已包含；默认关闭避免重复,
FALSE,lantern-festival-lunar2159,元宵节 Lantern Festival,2159/3/4,none,,apple-native-likely,农历2159年正月十五；苹果中国大陆日历可能已包含；默认关闭避免重复,
TRUE,dragon-heads-raising-lunar2159,龙抬头 Dragon Heads-raising Day,2159/3/21,none,,lunar,农历2159年二月初二；传统节日；保留,
FALSE,dragon-boat-lunar2159,端午节 Dragon Boat Festival,2159/6/20,none,,apple-native-likely,农历2159年五月初五；苹果原生日历通常已包含；默认关闭避免重复,
FALSE,qixi-lunar2159,七夕节 Qixi Festival,2159/8/19,none,,apple-native-likely,农历2159年七月初七；默认关闭,
TRUE,ghost-festival-lunar2159,中元节 Ghost Festival,2159/8/27,none,,lunar,农历2159年七月十五；中国传统节日,
FALSE,mid-autumn-lunar2159,中秋节 Mid-Autumn Festival,2159/9/26,none,,apple-native-likely,农历2159年八月十五；苹果原生日历通常已包含；默认关闭避免重复,
TRUE,double-ninth-lunar2159,重阳节 Double Ninth Festival,2159/10/19,none,,lunar,农历2159年九月初九；传统节日；保留,
TRUE,black-friday-2159,黑色星期五 Black Friday,2159/11/23,none,,business,美国感恩节后的星期五；按年份计算,
FALSE,laba-lunar2159,腊八节 Laba Festival,2160/1/15,none,,apple-native-likely,农历2159年十二月初八；传统节日；默认关闭,
FALSE,xiaonian-north-lunar2159,北方小年 Northern Little New Year,2160/1/30,none,,apple-native-likely,农历2159年十二月二十三；传统节日；默认关闭,
FALSE,xiaonian-south-lunar2159,南方小年 Southern Little New Year,2160/1/31,none,,apple-native-likely,农历2159年十二月二十四；传统节日；默认关闭,
FALSE,chuxi-lunar2159,除夕 Chinese New Year’s Eve,2160/2/6,none,,apple-native-likely,农历2159年腊月最后一天；苹果原生日历通常已包含；默认关闭避免重复,
FALSE,spring-festival-lunar2160,春节 Spring Festival,2160/2/7,none,,apple-native-likely,农历2160年正月初一；苹果原生日历通常已包含；默认关闭避免重复,
FALSE,lantern-festival-lunar2160,元宵节 Lantern Festival,2160/2/21,none,,apple-native-likely,农历2160年正月十五；苹果中国大陆日历可能已包含；默认关闭避免重复,
TRUE,dragon-heads-raising-lunar2160,龙抬头 Dragon Heads-raising Day,2160/3/9,none,,lunar,农历2160年二月初二；传统节日；保留,
FALSE,dragon-boat-lunar2160,端午节 Dragon Boat Festival,2160/6/9,none,,apple-native-likely,农历2160年五月初五；苹果原生日历通常已包含；默认关闭避免重复,
FALSE,qixi-lunar2160,七夕节 Qixi Festival,2160/8/8,none,,apple-native-likely,农历2160年七月初七；默认关闭,
TRUE,ghost-festival-lunar2160,中元节 Ghost Festival,2160/8/16,none,,lunar,农历2160年七月十五；中国传统节日,
FALSE,mid-autumn-lunar2160,中秋节 Mid-Autumn Festival,2160/9/14,none,,apple-native-likely,农历2160年八月十五；苹果原生日历通常已包含；默认关闭避免重复,
TRUE,double-ninth-lunar2160,重阳节 Double Ninth Festival,2160/10/8,none,,lunar,农历2160年九月初九；传统节日；保留,
TRUE,black-friday-2160,黑色星期五 Black Friday,2160/11/28,none,,business,美国感恩节后的星期五；按年份计算,
FALSE,laba-lunar2160,腊八节 Laba Festival,2161/1/3,none,,apple-native-likely,农历2160年十二月初八；传统节日；默认关闭,
FALSE,xiaonian-north-lunar2160,北方小年 Northern Little New Year,2161/1/18,none,,apple-native-likely,农历2160年十二月二十三；传统节日；默认关闭,
FALSE,xiaonian-south-lunar2160,南方小年 Southern Little New Year,2161/1/19,none,,apple-native-likely,农历2160年十二月二十四；传统节日；默认关闭,
FALSE,chuxi-lunar2160,除夕 Chinese New Year’s Eve,2161/1/25,none,,apple-native-likely,农历2160年腊月最后一天；苹果原生日历通常已包含；默认关闭避免重复,
FALSE,spring-festival-lunar2161,春节 Spring Festival,2161/1/26,none,,apple-native-likely,农历2161年正月初一；苹果原生日历通常已包含；默认关闭避免重复,
FALSE,lantern-festival-lunar2161,元宵节 Lantern Festival,2161/2/9,none,,apple-native-likely,农历2161年正月十五；苹果中国大陆日历可能已包含；默认关闭避免重复,
TRUE,dragon-heads-raising-lunar2161,龙抬头 Dragon Heads-raising Day,2161/2/26,none,,lunar,农历2161年二月初二；传统节日；保留,
FALSE,dragon-boat-lunar2161,端午节 Dragon Boat Festival,2161/5/29,none,,apple-native-likely,农历2161年五月初五；苹果原生日历通常已包含；默认关闭避免重复,
FALSE,qixi-lunar2161,七夕节 Qixi Festival,2161/8/27,none,,apple-native-likely,农历2161年七月初七；默认关闭,
TRUE,ghost-festival-lunar2161,中元节 Ghost Festival,2161/9/4,none,,lunar,农历2161年七月十五；中国传统节日,
FALSE,mid-autumn-lunar2161,中秋节 Mid-Autumn Festival,2161/10/3,none,,apple-native-likely,农历2161年八月十五；苹果原生日历通常已包含；默认关闭避免重复,
TRUE,double-ninth-lunar2161,重阳节 Double Ninth Festival,2161/10/27,none,,lunar,农历2161年九月初九；传统节日；保留,
TRUE,black-friday-2161,黑色星期五 Black Friday,2161/11/27,none,,business,美国感恩节后的星期五；按年份计算,
FALSE,laba-lunar2161,腊八节 Laba Festival,2162/1/22,none,,apple-native-likely,农历2161年十二月初八；传统节日；默认关闭,
FALSE,xiaonian-north-lunar2161,北方小年 Northern Little New Year,2162/2/6,none,,apple-native-likely,农历2161年十二月二十三；传统节日；默认关闭,
FALSE,xiaonian-south-lunar2161,南方小年 Southern Little New Year,2162/2/7,none,,apple-native-likely,农历2161年十二月二十四；传统节日；默认关闭,
FALSE,chuxi-lunar2161,除夕 Chinese New Year’s Eve,2162/2/13,none,,apple-native-likely,农历2161年腊月最后一天；苹果原生日历通常已包含；默认关闭避免重复,
FALSE,spring-festival-lunar2162,春节 Spring Festival,2162/2/14,none,,apple-native-likely,农历2162年正月初一；苹果原生日历通常已包含；默认关闭避免重复,
FALSE,lantern-festival-lunar2162,元宵节 Lantern Festival,2162/2/28,none,,apple-native-likely,农历2162年正月十五；苹果中国大陆日历可能已包含；默认关闭避免重复,
TRUE,dragon-heads-raising-lunar2162,龙抬头 Dragon Heads-raising Day,2162/3/17,none,,lunar,农历2162年二月初二；传统节日；保留,
FALSE,dragon-boat-lunar2162,端午节 Dragon Boat Festival,2162/6/17,none,,apple-native-likely,农历2162年五月初五；苹果原生日历通常已包含；默认关闭避免重复,
FALSE,qixi-lunar2162,七夕节 Qixi Festival,2162/8/17,none,,apple-native-likely,农历2162年七月初七；默认关闭,
TRUE,ghost-festival-lunar2162,中元节 Ghost Festival,2162/8/25,none,,lunar,农历2162年七月十五；中国传统节日,
FALSE,mid-autumn-lunar2162,中秋节 Mid-Autumn Festival,2162/9/23,none,,apple-native-likely,农历2162年八月十五；苹果原生日历通常已包含；默认关闭避免重复,
TRUE,double-ninth-lunar2162,重阳节 Double Ninth Festival,2162/10/17,none,,lunar,农历2162年九月初九；传统节日；保留,
TRUE,black-friday-2162,黑色星期五 Black Friday,2162/11/26,none,,business,美国感恩节后的星期五；按年份计算,
FALSE,laba-lunar2162,腊八节 Laba Festival,2163/1/12,none,,apple-native-likely,农历2162年十二月初八；传统节日；默认关闭,
FALSE,xiaonian-north-lunar2162,北方小年 Northern Little New Year,2163/1/27,none,,apple-native-likely,农历2162年十二月二十三；传统节日；默认关闭,
FALSE,xiaonian-south-lunar2162,南方小年 Southern Little New Year,2163/1/28,none,,apple-native-likely,农历2162年十二月二十四；传统节日；默认关闭,
FALSE,chuxi-lunar2162,除夕 Chinese New Year’s Eve,2163/2/2,none,,apple-native-likely,农历2162年腊月最后一天；苹果原生日历通常已包含；默认关闭避免重复,
FALSE,spring-festival-lunar2163,春节 Spring Festival,2163/2/3,none,,apple-native-likely,农历2163年正月初一；苹果原生日历通常已包含；默认关闭避免重复,
FALSE,lantern-festival-lunar2163,元宵节 Lantern Festival,2163/2/17,none,,apple-native-likely,农历2163年正月十五；苹果中国大陆日历可能已包含；默认关闭避免重复,
TRUE,dragon-heads-raising-lunar2163,龙抬头 Dragon Heads-raising Day,2163/3/6,none,,lunar,农历2163年二月初二；传统节日；保留,
FALSE,dragon-boat-lunar2163,端午节 Dragon Boat Festival,2163/6/6,none,,apple-native-likely,农历2163年五月初五；苹果原生日历通常已包含；默认关闭避免重复,
FALSE,qixi-lunar2163,七夕节 Qixi Festival,2163/8/6,none,,apple-native-likely,农历2163年七月初七；默认关闭,
TRUE,ghost-festival-lunar2163,中元节 Ghost Festival,2163/8/14,none,,lunar,农历2163年七月十五；中国传统节日,
FALSE,mid-autumn-lunar2163,中秋节 Mid-Autumn Festival,2163/9/13,none,,apple-native-likely,农历2163年八月十五；苹果原生日历通常已包含；默认关闭避免重复,
TRUE,double-ninth-lunar2163,重阳节 Double Ninth Festival,2163/10/6,none,,lunar,农历2163年九月初九；传统节日；保留,
TRUE,black-friday-2163,黑色星期五 Black Friday,2163/11/25,none,,business,美国感恩节后的星期五；按年份计算,
FALSE,laba-lunar2163,腊八节 Laba Festival,2164/1/1,none,,apple-native-likely,农历2163年十二月初八；传统节日；默认关闭,
FALSE,xiaonian-north-lunar2163,北方小年 Northern Little New Year,2164/1/16,none,,apple-native-likely,农历2163年十二月二十三；传统节日；默认关闭,
FALSE,xiaonian-south-lunar2163,南方小年 Southern Little New Year,2164/1/17,none,,apple-native-likely,农历2163年十二月二十四；传统节日；默认关闭,
FALSE,chuxi-lunar2163,除夕 Chinese New Year’s Eve,2164/1/23,none,,apple-native-likely,农历2163年腊月最后一天；苹果原生日历通常已包含；默认关闭避免重复,
FALSE,spring-festival-lunar2164,春节 Spring Festival,2164/1/24,none,,apple-native-likely,农历2164年正月初一；苹果原生日历通常已包含；默认关闭避免重复,
FALSE,lantern-festival-lunar2164,元宵节 Lantern Festival,2164/2/7,none,,apple-native-likely,农历2164年正月十五；苹果中国大陆日历可能已包含；默认关闭避免重复,
TRUE,dragon-heads-raising-lunar2164,龙抬头 Dragon Heads-raising Day,2164/2/23,none,,lunar,农历2164年二月初二；传统节日；保留,
FALSE,dragon-boat-lunar2164,端午节 Dragon Boat Festival,2164/6/24,none,,apple-native-likely,农历2164年五月初五；苹果原生日历通常已包含；默认关闭避免重复,
FALSE,qixi-lunar2164,七夕节 Qixi Festival,2164/8/24,none,,apple-native-likely,农历2164年七月初七；默认关闭,
TRUE,ghost-festival-lunar2164,中元节 Ghost Festival,2164/9/1,none,,lunar,农历2164年七月十五；中国传统节日,
FALSE,mid-autumn-lunar2164,中秋节 Mid-Autumn Festival,2164/9/30,none,,apple-native-likely,农历2164年八月十五；苹果原生日历通常已包含；默认关闭避免重复,
TRUE,double-ninth-lunar2164,重阳节 Double Ninth Festival,2164/10/24,none,,lunar,农历2164年九月初九；传统节日；保留,
TRUE,black-friday-2164,黑色星期五 Black Friday,2164/11/23,none,,business,美国感恩节后的星期五；按年份计算,
FALSE,laba-lunar2164,腊八节 Laba Festival,2165/1/20,none,,apple-native-likely,农历2164年十二月初八；传统节日；默认关闭,
FALSE,xiaonian-north-lunar2164,北方小年 Northern Little New Year,2165/2/4,none,,apple-native-likely,农历2164年十二月二十三；传统节日；默认关闭,
FALSE,xiaonian-south-lunar2164,南方小年 Southern Little New Year,2165/2/5,none,,apple-native-likely,农历2164年十二月二十四；传统节日；默认关闭,
FALSE,chuxi-lunar2164,除夕 Chinese New Year’s Eve,2165/2/10,none,,apple-native-likely,农历2164年腊月最后一天；苹果原生日历通常已包含；默认关闭避免重复,
FALSE,spring-festival-lunar2165,春节 Spring Festival,2165/2/11,none,,apple-native-likely,农历2165年正月初一；苹果原生日历通常已包含；默认关闭避免重复,
FALSE,lantern-festival-lunar2165,元宵节 Lantern Festival,2165/2/25,none,,apple-native-likely,农历2165年正月十五；苹果中国大陆日历可能已包含；默认关闭避免重复,
TRUE,dragon-heads-raising-lunar2165,龙抬头 Dragon Heads-raising Day,2165/3/13,none,,lunar,农历2165年二月初二；传统节日；保留,
FALSE,dragon-boat-lunar2165,端午节 Dragon Boat Festival,2165/6/13,none,,apple-native-likely,农历2165年五月初五；苹果原生日历通常已包含；默认关闭避免重复,
FALSE,qixi-lunar2165,七夕节 Qixi Festival,2165/8/13,none,,apple-native-likely,农历2165年七月初七；默认关闭,
TRUE,ghost-festival-lunar2165,中元节 Ghost Festival,2165/8/21,none,,lunar,农历2165年七月十五；中国传统节日,
FALSE,mid-autumn-lunar2165,中秋节 Mid-Autumn Festival,2165/9/19,none,,apple-native-likely,农历2165年八月十五；苹果原生日历通常已包含；默认关闭避免重复,
TRUE,double-ninth-lunar2165,重阳节 Double Ninth Festival,2165/10/13,none,,lunar,农历2165年九月初九；传统节日；保留,
TRUE,black-friday-2165,黑色星期五 Black Friday,2165/11/29,none,,business,美国感恩节后的星期五；按年份计算,
FALSE,laba-lunar2165,腊八节 Laba Festival,2166/1/9,none,,apple-native-likely,农历2165年十二月初八；传统节日；默认关闭,
FALSE,xiaonian-north-lunar2165,北方小年 Northern Little New Year,2166/1/24,none,,apple-native-likely,农历2165年十二月二十三；传统节日；默认关闭,
FALSE,xiaonian-south-lunar2165,南方小年 Southern Little New Year,2166/1/25,none,,apple-native-likely,农历2165年十二月二十四；传统节日；默认关闭,
FALSE,chuxi-lunar2165,除夕 Chinese New Year’s Eve,2166/1/31,none,,apple-native-likely,农历2165年腊月最后一天；苹果原生日历通常已包含；默认关闭避免重复,
FALSE,spring-festival-lunar2166,春节 Spring Festival,2166/2/1,none,,apple-native-likely,农历2166年正月初一；苹果原生日历通常已包含；默认关闭避免重复,
FALSE,lantern-festival-lunar2166,元宵节 Lantern Festival,2166/2/15,none,,apple-native-likely,农历2166年正月十五；苹果中国大陆日历可能已包含；默认关闭避免重复,
TRUE,dragon-heads-raising-lunar2166,龙抬头 Dragon Heads-raising Day,2166/3/3,none,,lunar,农历2166年二月初二；传统节日；保留,
FALSE,dragon-boat-lunar2166,端午节 Dragon Boat Festival,2166/6/2,none,,apple-native-likely,农历2166年五月初五；苹果原生日历通常已包含；默认关闭避免重复,
FALSE,qixi-lunar2166,七夕节 Qixi Festival,2166/8/2,none,,apple-native-likely,农历2166年七月初七；默认关闭,
TRUE,ghost-festival-lunar2166,中元节 Ghost Festival,2166/8/10,none,,lunar,农历2166年七月十五；中国传统节日,
FALSE,mid-autumn-lunar2166,中秋节 Mid-Autumn Festival,2166/9/9,none,,apple-native-likely,农历2166年八月十五；苹果原生日历通常已包含；默认关闭避免重复,
TRUE,double-ninth-lunar2166,重阳节 Double Ninth Festival,2166/10/2,none,,lunar,农历2166年九月初九；传统节日；保留,
TRUE,black-friday-2166,黑色星期五 Black Friday,2166/11/28,none,,business,美国感恩节后的星期五；按年份计算,
FALSE,laba-lunar2166,腊八节 Laba Festival,2167/1/28,none,,apple-native-likely,农历2166年十二月初八；传统节日；默认关闭,
FALSE,xiaonian-north-lunar2166,北方小年 Northern Little New Year,2167/2/12,none,,apple-native-likely,农历2166年十二月二十三；传统节日；默认关闭,
FALSE,xiaonian-south-lunar2166,南方小年 Southern Little New Year,2167/2/13,none,,apple-native-likely,农历2166年十二月二十四；传统节日；默认关闭,
FALSE,chuxi-lunar2166,除夕 Chinese New Year’s Eve,2167/2/19,none,,apple-native-likely,农历2166年腊月最后一天；苹果原生日历通常已包含；默认关闭避免重复,
FALSE,spring-festival-lunar2167,春节 Spring Festival,2167/2/20,none,,apple-native-likely,农历2167年正月初一；苹果原生日历通常已包含；默认关闭避免重复,
FALSE,lantern-festival-lunar2167,元宵节 Lantern Festival,2167/3/6,none,,apple-native-likely,农历2167年正月十五；苹果中国大陆日历可能已包含；默认关闭避免重复,
TRUE,dragon-heads-raising-lunar2167,龙抬头 Dragon Heads-raising Day,2167/3/22,none,,lunar,农历2167年二月初二；传统节日；保留,
FALSE,dragon-boat-lunar2167,端午节 Dragon Boat Festival,2167/6/21,none,,apple-native-likely,农历2167年五月初五；苹果原生日历通常已包含；默认关闭避免重复,
FALSE,qixi-lunar2167,七夕节 Qixi Festival,2167/8/21,none,,apple-native-likely,农历2167年七月初七；默认关闭,
TRUE,ghost-festival-lunar2167,中元节 Ghost Festival,2167/8/29,none,,lunar,农历2167年七月十五；中国传统节日,
FALSE,mid-autumn-lunar2167,中秋节 Mid-Autumn Festival,2167/9/27,none,,apple-native-likely,农历2167年八月十五；苹果原生日历通常已包含；默认关闭避免重复,
TRUE,double-ninth-lunar2167,重阳节 Double Ninth Festival,2167/10/21,none,,lunar,农历2167年九月初九；传统节日；保留,
TRUE,black-friday-2167,黑色星期五 Black Friday,2167/11/27,none,,business,美国感恩节后的星期五；按年份计算,
FALSE,laba-lunar2167,腊八节 Laba Festival,2168/1/17,none,,apple-native-likely,农历2167年十二月初八；传统节日；默认关闭,
FALSE,xiaonian-north-lunar2167,北方小年 Northern Little New Year,2168/2/1,none,,apple-native-likely,农历2167年十二月二十三；传统节日；默认关闭,
FALSE,xiaonian-south-lunar2167,南方小年 Southern Little New Year,2168/2/2,none,,apple-native-likely,农历2167年十二月二十四；传统节日；默认关闭,
FALSE,chuxi-lunar2167,除夕 Chinese New Year’s Eve,2168/2/8,none,,apple-native-likely,农历2167年腊月最后一天；苹果原生日历通常已包含；默认关闭避免重复,
FALSE,spring-festival-lunar2168,春节 Spring Festival,2168/2/9,none,,apple-native-likely,农历2168年正月初一；苹果原生日历通常已包含；默认关闭避免重复,
FALSE,lantern-festival-lunar2168,元宵节 Lantern Festival,2168/2/23,none,,apple-native-likely,农历2168年正月十五；苹果中国大陆日历可能已包含；默认关闭避免重复,
TRUE,dragon-heads-raising-lunar2168,龙抬头 Dragon Heads-raising Day,2168/3/11,none,,lunar,农历2168年二月初二；传统节日；保留,
FALSE,dragon-boat-lunar2168,端午节 Dragon Boat Festival,2168/6/10,none,,apple-native-likely,农历2168年五月初五；苹果原生日历通常已包含；默认关闭避免重复,
FALSE,qixi-lunar2168,七夕节 Qixi Festival,2168/8/9,none,,apple-native-likely,农历2168年七月初七；默认关闭,
TRUE,ghost-festival-lunar2168,中元节 Ghost Festival,2168/8/17,none,,lunar,农历2168年七月十五；中国传统节日,
FALSE,mid-autumn-lunar2168,中秋节 Mid-Autumn Festival,2168/9/16,none,,apple-native-likely,农历2168年八月十五；苹果原生日历通常已包含；默认关闭避免重复,
TRUE,double-ninth-lunar2168,重阳节 Double Ninth Festival,2168/10/9,none,,lunar,农历2168年九月初九；传统节日；保留,
TRUE,black-friday-2168,黑色星期五 Black Friday,2168/11/25,none,,business,美国感恩节后的星期五；按年份计算,
FALSE,laba-lunar2168,腊八节 Laba Festival,2169/1/5,none,,apple-native-likely,农历2168年十二月初八；传统节日；默认关闭,
FALSE,xiaonian-north-lunar2168,北方小年 Northern Little New Year,2169/1/20,none,,apple-native-likely,农历2168年十二月二十三；传统节日；默认关闭,
FALSE,xiaonian-south-lunar2168,南方小年 Southern Little New Year,2169/1/21,none,,apple-native-likely,农历2168年十二月二十四；传统节日；默认关闭,
FALSE,chuxi-lunar2168,除夕 Chinese New Year’s Eve,2169/1/27,none,,apple-native-likely,农历2168年腊月最后一天；苹果原生日历通常已包含；默认关闭避免重复,
FALSE,spring-festival-lunar2169,春节 Spring Festival,2169/1/28,none,,apple-native-likely,农历2169年正月初一；苹果原生日历通常已包含；默认关闭避免重复,
FALSE,lantern-festival-lunar2169,元宵节 Lantern Festival,2169/2/11,none,,apple-native-likely,农历2169年正月十五；苹果中国大陆日历可能已包含；默认关闭避免重复,
TRUE,dragon-heads-raising-lunar2169,龙抬头 Dragon Heads-raising Day,2169/2/28,none,,lunar,农历2169年二月初二；传统节日；保留,
FALSE,dragon-boat-lunar2169,端午节 Dragon Boat Festival,2169/5/30,none,,apple-native-likely,农历2169年五月初五；苹果原生日历通常已包含；默认关闭避免重复,
FALSE,qixi-lunar2169,七夕节 Qixi Festival,2169/8/28,none,,apple-native-likely,农历2169年七月初七；默认关闭,
TRUE,ghost-festival-lunar2169,中元节 Ghost Festival,2169/9/5,none,,lunar,农历2169年七月十五；中国传统节日,
FALSE,mid-autumn-lunar2169,中秋节 Mid-Autumn Festival,2169/10/5,none,,apple-native-likely,农历2169年八月十五；苹果原生日历通常已包含；默认关闭避免重复,
TRUE,double-ninth-lunar2169,重阳节 Double Ninth Festival,2169/10/28,none,,lunar,农历2169年九月初九；传统节日；保留,
TRUE,black-friday-2169,黑色星期五 Black Friday,2169/11/24,none,,business,美国感恩节后的星期五；按年份计算,
FALSE,laba-lunar2169,腊八节 Laba Festival,2170/1/24,none,,apple-native-likely,农历2169年十二月初八；传统节日；默认关闭,
FALSE,xiaonian-north-lunar2169,北方小年 Northern Little New Year,2170/2/8,none,,apple-native-likely,农历2169年十二月二十三；传统节日；默认关闭,
FALSE,xiaonian-south-lunar2169,南方小年 Southern Little New Year,2170/2/9,none,,apple-native-likely,农历2169年十二月二十四；传统节日；默认关闭,
FALSE,chuxi-lunar2169,除夕 Chinese New Year’s Eve,2170/2/15,none,,apple-native-likely,农历2169年腊月最后一天；苹果原生日历通常已包含；默认关闭避免重复,
FALSE,spring-festival-lunar2170,春节 Spring Festival,2170/2/16,none,,apple-native-likely,农历2170年正月初一；苹果原生日历通常已包含；默认关闭避免重复,
FALSE,lantern-festival-lunar2170,元宵节 Lantern Festival,2170/3/2,none,,apple-native-likely,农历2170年正月十五；苹果中国大陆日历可能已包含；默认关闭避免重复,
TRUE,dragon-heads-raising-lunar2170,龙抬头 Dragon Heads-raising Day,2170/3/19,none,,lunar,农历2170年二月初二；传统节日；保留,
FALSE,dragon-boat-lunar2170,端午节 Dragon Boat Festival,2170/6/18,none,,apple-native-likely,农历2170年五月初五；苹果原生日历通常已包含；默认关闭避免重复,
FALSE,qixi-lunar2170,七夕节 Qixi Festival,2170/8/18,none,,apple-native-likely,农历2170年七月初七；默认关闭,
TRUE,ghost-festival-lunar2170,中元节 Ghost Festival,2170/8/26,none,,lunar,农历2170年七月十五；中国传统节日,
FALSE,mid-autumn-lunar2170,中秋节 Mid-Autumn Festival,2170/9/24,none,,apple-native-likely,农历2170年八月十五；苹果原生日历通常已包含；默认关闭避免重复,
TRUE,double-ninth-lunar2170,重阳节 Double Ninth Festival,2170/10/18,none,,lunar,农历2170年九月初九；传统节日；保留,
TRUE,black-friday-2170,黑色星期五 Black Friday,2170/11/23,none,,business,美国感恩节后的星期五；按年份计算,
FALSE,laba-lunar2170,腊八节 Laba Festival,2171/1/13,none,,apple-native-likely,农历2170年十二月初八；传统节日；默认关闭,
FALSE,xiaonian-north-lunar2170,北方小年 Northern Little New Year,2171/1/28,none,,apple-native-likely,农历2170年十二月二十三；传统节日；默认关闭,
FALSE,xiaonian-south-lunar2170,南方小年 Southern Little New Year,2171/1/29,none,,apple-native-likely,农历2170年十二月二十四；传统节日；默认关闭,
FALSE,chuxi-lunar2170,除夕 Chinese New Year’s Eve,2171/2/4,none,,apple-native-likely,农历2170年腊月最后一天；苹果原生日历通常已包含；默认关闭避免重复,
FALSE,spring-festival-lunar2171,春节 Spring Festival,2171/2/5,none,,apple-native-likely,农历2171年正月初一；苹果原生日历通常已包含；默认关闭避免重复,
FALSE,lantern-festival-lunar2171,元宵节 Lantern Festival,2171/2/19,none,,apple-native-likely,农历2171年正月十五；苹果中国大陆日历可能已包含；默认关闭避免重复,
TRUE,dragon-heads-raising-lunar2171,龙抬头 Dragon Heads-raising Day,2171/3/8,none,,lunar,农历2171年二月初二；传统节日；保留,
FALSE,dragon-boat-lunar2171,端午节 Dragon Boat Festival,2171/6/8,none,,apple-native-likely,农历2171年五月初五；苹果原生日历通常已包含；默认关闭避免重复,
FALSE,qixi-lunar2171,七夕节 Qixi Festival,2171/8/8,none,,apple-native-likely,农历2171年七月初七；默认关闭,
TRUE,ghost-festival-lunar2171,中元节 Ghost Festival,2171/8/16,none,,lunar,农历2171年七月十五；中国传统节日,
FALSE,mid-autumn-lunar2171,中秋节 Mid-Autumn Festival,2171/9/14,none,,apple-native-likely,农历2171年八月十五；苹果原生日历通常已包含；默认关闭避免重复,
TRUE,double-ninth-lunar2171,重阳节 Double Ninth Festival,2171/10/7,none,,lunar,农历2171年九月初九；传统节日；保留,
TRUE,black-friday-2171,黑色星期五 Black Friday,2171/11/29,none,,business,美国感恩节后的星期五；按年份计算,
FALSE,laba-lunar2171,腊八节 Laba Festival,2172/1/3,none,,apple-native-likely,农历2171年十二月初八；传统节日；默认关闭,
FALSE,xiaonian-north-lunar2171,北方小年 Northern Little New Year,2172/1/18,none,,apple-native-likely,农历2171年十二月二十三；传统节日；默认关闭,
FALSE,xiaonian-south-lunar2171,南方小年 Southern Little New Year,2172/1/19,none,,apple-native-likely,农历2171年十二月二十四；传统节日；默认关闭,
FALSE,chuxi-lunar2171,除夕 Chinese New Year’s Eve,2172/1/24,none,,apple-native-likely,农历2171年腊月最后一天；苹果原生日历通常已包含；默认关闭避免重复,
FALSE,spring-festival-lunar2172,春节 Spring Festival,2172/1/25,none,,apple-native-likely,农历2172年正月初一；苹果原生日历通常已包含；默认关闭避免重复,
FALSE,lantern-festival-lunar2172,元宵节 Lantern Festival,2172/2/8,none,,apple-native-likely,农历2172年正月十五；苹果中国大陆日历可能已包含；默认关闭避免重复,
TRUE,dragon-heads-raising-lunar2172,龙抬头 Dragon Heads-raising Day,2172/2/25,none,,lunar,农历2172年二月初二；传统节日；保留,
FALSE,dragon-boat-lunar2172,端午节 Dragon Boat Festival,2172/5/27,none,,apple-native-likely,农历2172年五月初五；苹果原生日历通常已包含；默认关闭避免重复,
FALSE,qixi-lunar2172,七夕节 Qixi Festival,2172/8/25,none,,apple-native-likely,农历2172年七月初七；默认关闭,
TRUE,ghost-festival-lunar2172,中元节 Ghost Festival,2172/9/2,none,,lunar,农历2172年七月十五；中国传统节日,
FALSE,mid-autumn-lunar2172,中秋节 Mid-Autumn Festival,2172/10/2,none,,apple-native-likely,农历2172年八月十五；苹果原生日历通常已包含；默认关闭避免重复,
TRUE,double-ninth-lunar2172,重阳节 Double Ninth Festival,2172/10/25,none,,lunar,农历2172年九月初九；传统节日；保留,
TRUE,black-friday-2172,黑色星期五 Black Friday,2172/11/27,none,,business,美国感恩节后的星期五；按年份计算,
FALSE,laba-lunar2172,腊八节 Laba Festival,2173/1/21,none,,apple-native-likely,农历2172年十二月初八；传统节日；默认关闭,
FALSE,xiaonian-north-lunar2172,北方小年 Northern Little New Year,2173/2/5,none,,apple-native-likely,农历2172年十二月二十三；传统节日；默认关闭,
FALSE,xiaonian-south-lunar2172,南方小年 Southern Little New Year,2173/2/6,none,,apple-native-likely,农历2172年十二月二十四；传统节日；默认关闭,
FALSE,chuxi-lunar2172,除夕 Chinese New Year’s Eve,2173/2/11,none,,apple-native-likely,农历2172年腊月最后一天；苹果原生日历通常已包含；默认关闭避免重复,
FALSE,spring-festival-lunar2173,春节 Spring Festival,2173/2/12,none,,apple-native-likely,农历2173年正月初一；苹果原生日历通常已包含；默认关闭避免重复,
FALSE,lantern-festival-lunar2173,元宵节 Lantern Festival,2173/2/26,none,,apple-native-likely,农历2173年正月十五；苹果中国大陆日历可能已包含；默认关闭避免重复,
TRUE,dragon-heads-raising-lunar2173,龙抬头 Dragon Heads-raising Day,2173/3/15,none,,lunar,农历2173年二月初二；传统节日；保留,
FALSE,dragon-boat-lunar2173,端午节 Dragon Boat Festival,2173/6/14,none,,apple-native-likely,农历2173年五月初五；苹果原生日历通常已包含；默认关闭避免重复,
FALSE,qixi-lunar2173,七夕节 Qixi Festival,2173/8/15,none,,apple-native-likely,农历2173年七月初七；默认关闭,
TRUE,ghost-festival-lunar2173,中元节 Ghost Festival,2173/8/23,none,,lunar,农历2173年七月十五；中国传统节日,
FALSE,mid-autumn-lunar2173,中秋节 Mid-Autumn Festival,2173/9/21,none,,apple-native-likely,农历2173年八月十五；苹果原生日历通常已包含；默认关闭避免重复,
TRUE,double-ninth-lunar2173,重阳节 Double Ninth Festival,2173/10/15,none,,lunar,农历2173年九月初九；传统节日；保留,
TRUE,black-friday-2173,黑色星期五 Black Friday,2173/11/26,none,,business,美国感恩节后的星期五；按年份计算,
FALSE,laba-lunar2173,腊八节 Laba Festival,2174/1/10,none,,apple-native-likely,农历2173年十二月初八；传统节日；默认关闭,
FALSE,xiaonian-north-lunar2173,北方小年 Northern Little New Year,2174/1/25,none,,apple-native-likely,农历2173年十二月二十三；传统节日；默认关闭,
FALSE,xiaonian-south-lunar2173,南方小年 Southern Little New Year,2174/1/26,none,,apple-native-likely,农历2173年十二月二十四；传统节日；默认关闭,
FALSE,chuxi-lunar2173,除夕 Chinese New Year’s Eve,2174/2/1,none,,apple-native-likely,农历2173年腊月最后一天；苹果原生日历通常已包含；默认关闭避免重复,
FALSE,spring-festival-lunar2174,春节 Spring Festival,2174/2/2,none,,apple-native-likely,农历2174年正月初一；苹果原生日历通常已包含；默认关闭避免重复,
FALSE,lantern-festival-lunar2174,元宵节 Lantern Festival,2174/2/16,none,,apple-native-likely,农历2174年正月十五；苹果中国大陆日历可能已包含；默认关闭避免重复,
TRUE,dragon-heads-raising-lunar2174,龙抬头 Dragon Heads-raising Day,2174/3/4,none,,lunar,农历2174年二月初二；传统节日；保留,
FALSE,dragon-boat-lunar2174,端午节 Dragon Boat Festival,2174/6/4,none,,apple-native-likely,农历2174年五月初五；苹果原生日历通常已包含；默认关闭避免重复,
FALSE,qixi-lunar2174,七夕节 Qixi Festival,2174/8/4,none,,apple-native-likely,农历2174年七月初七；默认关闭,
TRUE,ghost-festival-lunar2174,中元节 Ghost Festival,2174/8/12,none,,lunar,农历2174年七月十五；中国传统节日,
FALSE,mid-autumn-lunar2174,中秋节 Mid-Autumn Festival,2174/9/10,none,,apple-native-likely,农历2174年八月十五；苹果原生日历通常已包含；默认关闭避免重复,
TRUE,double-ninth-lunar2174,重阳节 Double Ninth Festival,2174/10/4,none,,lunar,农历2174年九月初九；传统节日；保留,
TRUE,black-friday-2174,黑色星期五 Black Friday,2174/11/25,none,,business,美国感恩节后的星期五；按年份计算,
FALSE,laba-lunar2174,腊八节 Laba Festival,2174/12/31,none,,apple-native-likely,农历2174年十二月初八；传统节日；默认关闭,
FALSE,xiaonian-north-lunar2174,北方小年 Northern Little New Year,2175/1/15,none,,apple-native-likely,农历2174年十二月二十三；传统节日；默认关闭,
FALSE,xiaonian-south-lunar2174,南方小年 Southern Little New Year,2175/1/16,none,,apple-native-likely,农历2174年十二月二十四；传统节日；默认关闭,
FALSE,chuxi-lunar2174,除夕 Chinese New Year’s Eve,2175/1/22,none,,apple-native-likely,农历2174年腊月最后一天；苹果原生日历通常已包含；默认关闭避免重复,
FALSE,spring-festival-lunar2175,春节 Spring Festival,2175/1/23,none,,apple-native-likely,农历2175年正月初一；苹果原生日历通常已包含；默认关闭避免重复,
FALSE,lantern-festival-lunar2175,元宵节 Lantern Festival,2175/2/6,none,,apple-native-likely,农历2175年正月十五；苹果中国大陆日历可能已包含；默认关闭避免重复,
TRUE,dragon-heads-raising-lunar2175,龙抬头 Dragon Heads-raising Day,2175/2/22,none,,lunar,农历2175年二月初二；传统节日；保留,
FALSE,dragon-boat-lunar2175,端午节 Dragon Boat Festival,2175/6/22,none,,apple-native-likely,农历2175年五月初五；苹果原生日历通常已包含；默认关闭避免重复,
FALSE,qixi-lunar2175,七夕节 Qixi Festival,2175/8/22,none,,apple-native-likely,农历2175年七月初七；默认关闭,
TRUE,ghost-festival-lunar2175,中元节 Ghost Festival,2175/8/30,none,,lunar,农历2175年七月十五；中国传统节日,
FALSE,mid-autumn-lunar2175,中秋节 Mid-Autumn Festival,2175/9/29,none,,apple-native-likely,农历2175年八月十五；苹果原生日历通常已包含；默认关闭避免重复,
TRUE,double-ninth-lunar2175,重阳节 Double Ninth Festival,2175/10/23,none,,lunar,农历2175年九月初九；传统节日；保留,
TRUE,black-friday-2175,黑色星期五 Black Friday,2175/11/24,none,,business,美国感恩节后的星期五；按年份计算,
FALSE,laba-lunar2175,腊八节 Laba Festival,2176/1/19,none,,apple-native-likely,农历2175年十二月初八；传统节日；默认关闭,
FALSE,xiaonian-north-lunar2175,北方小年 Northern Little New Year,2176/2/3,none,,apple-native-likely,农历2175年十二月二十三；传统节日；默认关闭,
FALSE,xiaonian-south-lunar2175,南方小年 Southern Little New Year,2176/2/4,none,,apple-native-likely,农历2175年十二月二十四；传统节日；默认关闭,
FALSE,chuxi-lunar2175,除夕 Chinese New Year’s Eve,2176/2/10,none,,apple-native-likely,农历2175年腊月最后一天；苹果原生日历通常已包含；默认关闭避免重复,
FALSE,spring-festival-lunar2176,春节 Spring Festival,2176/2/11,none,,apple-native-likely,农历2176年正月初一；苹果原生日历通常已包含；默认关闭避免重复,
FALSE,lantern-festival-lunar2176,元宵节 Lantern Festival,2176/2/25,none,,apple-native-likely,农历2176年正月十五；苹果中国大陆日历可能已包含；默认关闭避免重复,
TRUE,dragon-heads-raising-lunar2176,龙抬头 Dragon Heads-raising Day,2176/3/12,none,,lunar,农历2176年二月初二；传统节日；保留,
FALSE,dragon-boat-lunar2176,端午节 Dragon Boat Festival,2176/6/11,none,,apple-native-likely,农历2176年五月初五；苹果原生日历通常已包含；默认关闭避免重复,
FALSE,qixi-lunar2176,七夕节 Qixi Festival,2176/8/11,none,,apple-native-likely,农历2176年七月初七；默认关闭,
TRUE,ghost-festival-lunar2176,中元节 Ghost Festival,2176/8/19,none,,lunar,农历2176年七月十五；中国传统节日,
FALSE,mid-autumn-lunar2176,中秋节 Mid-Autumn Festival,2176/9/17,none,,apple-native-likely,农历2176年八月十五；苹果原生日历通常已包含；默认关闭避免重复,
TRUE,double-ninth-lunar2176,重阳节 Double Ninth Festival,2176/10/11,none,,lunar,农历2176年九月初九；传统节日；保留,
TRUE,black-friday-2176,黑色星期五 Black Friday,2176/11/29,none,,business,美国感恩节后的星期五；按年份计算,
FALSE,laba-lunar2176,腊八节 Laba Festival,2177/1/7,none,,apple-native-likely,农历2176年十二月初八；传统节日；默认关闭,
FALSE,xiaonian-north-lunar2176,北方小年 Northern Little New Year,2177/1/22,none,,apple-native-likely,农历2176年十二月二十三；传统节日；默认关闭,
FALSE,xiaonian-south-lunar2176,南方小年 Southern Little New Year,2177/1/23,none,,apple-native-likely,农历2176年十二月二十四；传统节日；默认关闭,
FALSE,chuxi-lunar2176,除夕 Chinese New Year’s Eve,2177/1/29,none,,apple-native-likely,农历2176年腊月最后一天；苹果原生日历通常已包含；默认关闭避免重复,
FALSE,spring-festival-lunar2177,春节 Spring Festival,2177/1/30,none,,apple-native-likely,农历2177年正月初一；苹果原生日历通常已包含；默认关闭避免重复,
FALSE,lantern-festival-lunar2177,元宵节 Lantern Festival,2177/2/13,none,,apple-native-likely,农历2177年正月十五；苹果中国大陆日历可能已包含；默认关闭避免重复,
TRUE,dragon-heads-raising-lunar2177,龙抬头 Dragon Heads-raising Day,2177/3/1,none,,lunar,农历2177年二月初二；传统节日；保留,
FALSE,dragon-boat-lunar2177,端午节 Dragon Boat Festival,2177/6/1,none,,apple-native-likely,农历2177年五月初五；苹果原生日历通常已包含；默认关闭避免重复,
FALSE,qixi-lunar2177,七夕节 Qixi Festival,2177/7/31,none,,apple-native-likely,农历2177年七月初七；默认关闭,
TRUE,ghost-festival-lunar2177,中元节 Ghost Festival,2177/8/8,none,,lunar,农历2177年七月十五；中国传统节日,
FALSE,mid-autumn-lunar2177,中秋节 Mid-Autumn Festival,2177/10/6,none,,apple-native-likely,农历2177年八月十五；苹果原生日历通常已包含；默认关闭避免重复,
TRUE,double-ninth-lunar2177,重阳节 Double Ninth Festival,2177/10/30,none,,lunar,农历2177年九月初九；传统节日；保留,
TRUE,black-friday-2177,黑色星期五 Black Friday,2177/11/28,none,,business,美国感恩节后的星期五；按年份计算,
FALSE,laba-lunar2177,腊八节 Laba Festival,2178/1/26,none,,apple-native-likely,农历2177年十二月初八；传统节日；默认关闭,
FALSE,xiaonian-north-lunar2177,北方小年 Northern Little New Year,2178/2/10,none,,apple-native-likely,农历2177年十二月二十三；传统节日；默认关闭,
FALSE,xiaonian-south-lunar2177,南方小年 Southern Little New Year,2178/2/11,none,,apple-native-likely,农历2177年十二月二十四；传统节日；默认关闭,
FALSE,chuxi-lunar2177,除夕 Chinese New Year’s Eve,2178/2/17,none,,apple-native-likely,农历2177年腊月最后一天；苹果原生日历通常已包含；默认关闭避免重复,
FALSE,spring-festival-lunar2178,春节 Spring Festival,2178/2/18,none,,apple-native-likely,农历2178年正月初一；苹果原生日历通常已包含；默认关闭避免重复,
FALSE,lantern-festival-lunar2178,元宵节 Lantern Festival,2178/3/4,none,,apple-native-likely,农历2178年正月十五；苹果中国大陆日历可能已包含；默认关闭避免重复,
TRUE,dragon-heads-raising-lunar2178,龙抬头 Dragon Heads-raising Day,2178/3/20,none,,lunar,农历2178年二月初二；传统节日；保留,
FALSE,dragon-boat-lunar2178,端午节 Dragon Boat Festival,2178/6/20,none,,apple-native-likely,农历2178年五月初五；苹果原生日历通常已包含；默认关闭避免重复,
FALSE,qixi-lunar2178,七夕节 Qixi Festival,2178/8/19,none,,apple-native-likely,农历2178年七月初七；默认关闭,
TRUE,ghost-festival-lunar2178,中元节 Ghost Festival,2178/8/27,none,,lunar,农历2178年七月十五；中国传统节日,
FALSE,mid-autumn-lunar2178,中秋节 Mid-Autumn Festival,2178/9/26,none,,apple-native-likely,农历2178年八月十五；苹果原生日历通常已包含；默认关闭避免重复,
TRUE,double-ninth-lunar2178,重阳节 Double Ninth Festival,2178/10/19,none,,lunar,农历2178年九月初九；传统节日；保留,
TRUE,black-friday-2178,黑色星期五 Black Friday,2178/11/27,none,,business,美国感恩节后的星期五；按年份计算,
FALSE,laba-lunar2178,腊八节 Laba Festival,2179/1/15,none,,apple-native-likely,农历2178年十二月初八；传统节日；默认关闭,
FALSE,xiaonian-north-lunar2178,北方小年 Northern Little New Year,2179/1/30,none,,apple-native-likely,农历2178年十二月二十三；传统节日；默认关闭,
FALSE,xiaonian-south-lunar2178,南方小年 Southern Little New Year,2179/1/31,none,,apple-native-likely,农历2178年十二月二十四；传统节日；默认关闭,
FALSE,chuxi-lunar2178,除夕 Chinese New Year’s Eve,2179/2/6,none,,apple-native-likely,农历2178年腊月最后一天；苹果原生日历通常已包含；默认关闭避免重复,
FALSE,spring-festival-lunar2179,春节 Spring Festival,2179/2/7,none,,apple-native-likely,农历2179年正月初一；苹果原生日历通常已包含；默认关闭避免重复,
FALSE,lantern-festival-lunar2179,元宵节 Lantern Festival,2179/2/21,none,,apple-native-likely,农历2179年正月十五；苹果中国大陆日历可能已包含；默认关闭避免重复,
TRUE,dragon-heads-raising-lunar2179,龙抬头 Dragon Heads-raising Day,2179/3/9,none,,lunar,农历2179年二月初二；传统节日；保留,
FALSE,dragon-boat-lunar2179,端午节 Dragon Boat Festival,2179/6/9,none,,apple-native-likely,农历2179年五月初五；苹果原生日历通常已包含；默认关闭避免重复,
FALSE,qixi-lunar2179,七夕节 Qixi Festival,2179/8/9,none,,apple-native-likely,农历2179年七月初七；默认关闭,
TRUE,ghost-festival-lunar2179,中元节 Ghost Festival,2179/8/17,none,,lunar,农历2179年七月十五；中国传统节日,
FALSE,mid-autumn-lunar2179,中秋节 Mid-Autumn Festival,2179/9/15,none,,apple-native-likely,农历2179年八月十五；苹果原生日历通常已包含；默认关闭避免重复,
TRUE,double-ninth-lunar2179,重阳节 Double Ninth Festival,2179/10/9,none,,lunar,农历2179年九月初九；传统节日；保留,
TRUE,black-friday-2179,黑色星期五 Black Friday,2179/11/26,none,,business,美国感恩节后的星期五；按年份计算,
FALSE,laba-lunar2179,腊八节 Laba Festival,2180/1/4,none,,apple-native-likely,农历2179年十二月初八；传统节日；默认关闭,
FALSE,xiaonian-north-lunar2179,北方小年 Northern Little New Year,2180/1/19,none,,apple-native-likely,农历2179年十二月二十三；传统节日；默认关闭,
FALSE,xiaonian-south-lunar2179,南方小年 Southern Little New Year,2180/1/20,none,,apple-native-likely,农历2179年十二月二十四；传统节日；默认关闭,
FALSE,chuxi-lunar2179,除夕 Chinese New Year’s Eve,2180/1/26,none,,apple-native-likely,农历2179年腊月最后一天；苹果原生日历通常已包含；默认关闭避免重复,
FALSE,spring-festival-lunar2180,春节 Spring Festival,2180/1/27,none,,apple-native-likely,农历2180年正月初一；苹果原生日历通常已包含；默认关闭避免重复,
FALSE,lantern-festival-lunar2180,元宵节 Lantern Festival,2180/2/10,none,,apple-native-likely,农历2180年正月十五；苹果中国大陆日历可能已包含；默认关闭避免重复,
TRUE,dragon-heads-raising-lunar2180,龙抬头 Dragon Heads-raising Day,2180/2/26,none,,lunar,农历2180年二月初二；传统节日；保留,
FALSE,dragon-boat-lunar2180,端午节 Dragon Boat Festival,2180/5/28,none,,apple-native-likely,农历2180年五月初五；苹果原生日历通常已包含；默认关闭避免重复,
FALSE,qixi-lunar2180,七夕节 Qixi Festival,2180/8/27,none,,apple-native-likely,农历2180年七月初七；默认关闭,
TRUE,ghost-festival-lunar2180,中元节 Ghost Festival,2180/9/4,none,,lunar,农历2180年七月十五；中国传统节日,
FALSE,mid-autumn-lunar2180,中秋节 Mid-Autumn Festival,2180/10/3,none,,apple-native-likely,农历2180年八月十五；苹果原生日历通常已包含；默认关闭避免重复,
TRUE,double-ninth-lunar2180,重阳节 Double Ninth Festival,2180/10/27,none,,lunar,农历2180年九月初九；传统节日；保留,
TRUE,black-friday-2180,黑色星期五 Black Friday,2180/11/24,none,,business,美国感恩节后的星期五；按年份计算,
FALSE,laba-lunar2180,腊八节 Laba Festival,2181/1/22,none,,apple-native-likely,农历2180年十二月初八；传统节日；默认关闭,
FALSE,xiaonian-north-lunar2180,北方小年 Northern Little New Year,2181/2/6,none,,apple-native-likely,农历2180年十二月二十三；传统节日；默认关闭,
FALSE,xiaonian-south-lunar2180,南方小年 Southern Little New Year,2181/2/7,none,,apple-native-likely,农历2180年十二月二十四；传统节日；默认关闭,
FALSE,chuxi-lunar2180,除夕 Chinese New Year’s Eve,2181/2/13,none,,apple-native-likely,农历2180年腊月最后一天；苹果原生日历通常已包含；默认关闭避免重复,
FALSE,spring-festival-lunar2181,春节 Spring Festival,2181/2/14,none,,apple-native-likely,农历2181年正月初一；苹果原生日历通常已包含；默认关闭避免重复,
FALSE,lantern-festival-lunar2181,元宵节 Lantern Festival,2181/2/28,none,,apple-native-likely,农历2181年正月十五；苹果中国大陆日历可能已包含；默认关闭避免重复,
TRUE,dragon-heads-raising-lunar2181,龙抬头 Dragon Heads-raising Day,2181/3/16,none,,lunar,农历2181年二月初二；传统节日；保留,
FALSE,dragon-boat-lunar2181,端午节 Dragon Boat Festival,2181/6/16,none,,apple-native-likely,农历2181年五月初五；苹果原生日历通常已包含；默认关闭避免重复,
FALSE,qixi-lunar2181,七夕节 Qixi Festival,2181/8/16,none,,apple-native-likely,农历2181年七月初七；默认关闭,
TRUE,ghost-festival-lunar2181,中元节 Ghost Festival,2181/8/24,none,,lunar,农历2181年七月十五；中国传统节日,
FALSE,mid-autumn-lunar2181,中秋节 Mid-Autumn Festival,2181/9/23,none,,apple-native-likely,农历2181年八月十五；苹果原生日历通常已包含；默认关闭避免重复,
TRUE,double-ninth-lunar2181,重阳节 Double Ninth Festival,2181/10/16,none,,lunar,农历2181年九月初九；传统节日；保留,
TRUE,black-friday-2181,黑色星期五 Black Friday,2181/11/23,none,,business,美国感恩节后的星期五；按年份计算,
FALSE,laba-lunar2181,腊八节 Laba Festival,2182/1/12,none,,apple-native-likely,农历2181年十二月初八；传统节日；默认关闭,
FALSE,xiaonian-north-lunar2181,北方小年 Northern Little New Year,2182/1/27,none,,apple-native-likely,农历2181年十二月二十三；传统节日；默认关闭,
FALSE,xiaonian-south-lunar2181,南方小年 Southern Little New Year,2182/1/28,none,,apple-native-likely,农历2181年十二月二十四；传统节日；默认关闭,
FALSE,chuxi-lunar2181,除夕 Chinese New Year’s Eve,2182/2/2,none,,apple-native-likely,农历2181年腊月最后一天；苹果原生日历通常已包含；默认关闭避免重复,
FALSE,spring-festival-lunar2182,春节 Spring Festival,2182/2/3,none,,apple-native-likely,农历2182年正月初一；苹果原生日历通常已包含；默认关闭避免重复,
FALSE,lantern-festival-lunar2182,元宵节 Lantern Festival,2182/2/17,none,,apple-native-likely,农历2182年正月十五；苹果中国大陆日历可能已包含；默认关闭避免重复,
TRUE,dragon-heads-raising-lunar2182,龙抬头 Dragon Heads-raising Day,2182/3/6,none,,lunar,农历2182年二月初二；传统节日；保留,
FALSE,dragon-boat-lunar2182,端午节 Dragon Boat Festival,2182/6/5,none,,apple-native-likely,农历2182年五月初五；苹果原生日历通常已包含；默认关闭避免重复,
FALSE,qixi-lunar2182,七夕节 Qixi Festival,2182/8/5,none,,apple-native-likely,农历2182年七月初七；默认关闭,
TRUE,ghost-festival-lunar2182,中元节 Ghost Festival,2182/8/13,none,,lunar,农历2182年七月十五；中国传统节日,
FALSE,mid-autumn-lunar2182,中秋节 Mid-Autumn Festival,2182/9/12,none,,apple-native-likely,农历2182年八月十五；苹果原生日历通常已包含；默认关闭避免重复,
TRUE,double-ninth-lunar2182,重阳节 Double Ninth Festival,2182/10/6,none,,lunar,农历2182年九月初九；传统节日；保留,
TRUE,black-friday-2182,黑色星期五 Black Friday,2182/11/29,none,,business,美国感恩节后的星期五；按年份计算,
FALSE,laba-lunar2182,腊八节 Laba Festival,2183/1/1,none,,apple-native-likely,农历2182年十二月初八；传统节日；默认关闭,
FALSE,xiaonian-north-lunar2182,北方小年 Northern Little New Year,2183/1/16,none,,apple-native-likely,农历2182年十二月二十三；传统节日；默认关闭,
FALSE,xiaonian-south-lunar2182,南方小年 Southern Little New Year,2183/1/17,none,,apple-native-likely,农历2182年十二月二十四；传统节日；默认关闭,
FALSE,chuxi-lunar2182,除夕 Chinese New Year’s Eve,2183/1/23,none,,apple-native-likely,农历2182年腊月最后一天；苹果原生日历通常已包含；默认关闭避免重复,
FALSE,spring-festival-lunar2183,春节 Spring Festival,2183/1/24,none,,apple-native-likely,农历2183年正月初一；苹果原生日历通常已包含；默认关闭避免重复,
FALSE,lantern-festival-lunar2183,元宵节 Lantern Festival,2183/2/7,none,,apple-native-likely,农历2183年正月十五；苹果中国大陆日历可能已包含；默认关闭避免重复,
TRUE,dragon-heads-raising-lunar2183,龙抬头 Dragon Heads-raising Day,2183/2/23,none,,lunar,农历2183年二月初二；传统节日；保留,
FALSE,dragon-boat-lunar2183,端午节 Dragon Boat Festival,2183/6/24,none,,apple-native-likely,农历2183年五月初五；苹果原生日历通常已包含；默认关闭避免重复,
FALSE,qixi-lunar2183,七夕节 Qixi Festival,2183/8/24,none,,apple-native-likely,农历2183年七月初七；默认关闭,
TRUE,ghost-festival-lunar2183,中元节 Ghost Festival,2183/9/1,none,,lunar,农历2183年七月十五；中国传统节日,
FALSE,mid-autumn-lunar2183,中秋节 Mid-Autumn Festival,2183/10/1,none,,apple-native-likely,农历2183年八月十五；苹果原生日历通常已包含；默认关闭避免重复,
TRUE,double-ninth-lunar2183,重阳节 Double Ninth Festival,2183/10/24,none,,lunar,农历2183年九月初九；传统节日；保留,
TRUE,black-friday-2183,黑色星期五 Black Friday,2183/11/28,none,,business,美国感恩节后的星期五；按年份计算,
FALSE,laba-lunar2183,腊八节 Laba Festival,2184/1/20,none,,apple-native-likely,农历2183年十二月初八；传统节日；默认关闭,
FALSE,xiaonian-north-lunar2183,北方小年 Northern Little New Year,2184/2/4,none,,apple-native-likely,农历2183年十二月二十三；传统节日；默认关闭,
FALSE,xiaonian-south-lunar2183,南方小年 Southern Little New Year,2184/2/5,none,,apple-native-likely,农历2183年十二月二十四；传统节日；默认关闭,
FALSE,chuxi-lunar2183,除夕 Chinese New Year’s Eve,2184/2/11,none,,apple-native-likely,农历2183年腊月最后一天；苹果原生日历通常已包含；默认关闭避免重复,
FALSE,spring-festival-lunar2184,春节 Spring Festival,2184/2/12,none,,apple-native-likely,农历2184年正月初一；苹果原生日历通常已包含；默认关闭避免重复,
FALSE,lantern-festival-lunar2184,元宵节 Lantern Festival,2184/2/26,none,,apple-native-likely,农历2184年正月十五；苹果中国大陆日历可能已包含；默认关闭避免重复,
TRUE,dragon-heads-raising-lunar2184,龙抬头 Dragon Heads-raising Day,2184/3/13,none,,lunar,农历2184年二月初二；传统节日；保留,
FALSE,dragon-boat-lunar2184,端午节 Dragon Boat Festival,2184/6/12,none,,apple-native-likely,农历2184年五月初五；苹果原生日历通常已包含；默认关闭避免重复,
FALSE,qixi-lunar2184,七夕节 Qixi Festival,2184/8/12,none,,apple-native-likely,农历2184年七月初七；默认关闭,
TRUE,ghost-festival-lunar2184,中元节 Ghost Festival,2184/8/20,none,,lunar,农历2184年七月十五；中国传统节日,
FALSE,mid-autumn-lunar2184,中秋节 Mid-Autumn Festival,2184/9/19,none,,apple-native-likely,农历2184年八月十五；苹果原生日历通常已包含；默认关闭避免重复,
TRUE,double-ninth-lunar2184,重阳节 Double Ninth Festival,2184/10/12,none,,lunar,农历2184年九月初九；传统节日；保留,
TRUE,black-friday-2184,黑色星期五 Black Friday,2184/11/26,none,,business,美国感恩节后的星期五；按年份计算,
FALSE,laba-lunar2184,腊八节 Laba Festival,2185/1/9,none,,apple-native-likely,农历2184年十二月初八；传统节日；默认关闭,
FALSE,xiaonian-north-lunar2184,北方小年 Northern Little New Year,2185/1/24,none,,apple-native-likely,农历2184年十二月二十三；传统节日；默认关闭,
FALSE,xiaonian-south-lunar2184,南方小年 Southern Little New Year,2185/1/25,none,,apple-native-likely,农历2184年十二月二十四；传统节日；默认关闭,
FALSE,chuxi-lunar2184,除夕 Chinese New Year’s Eve,2185/1/30,none,,apple-native-likely,农历2184年腊月最后一天；苹果原生日历通常已包含；默认关闭避免重复,
FALSE,spring-festival-lunar2185,春节 Spring Festival,2185/1/31,none,,apple-native-likely,农历2185年正月初一；苹果原生日历通常已包含；默认关闭避免重复,
FALSE,lantern-festival-lunar2185,元宵节 Lantern Festival,2185/2/14,none,,apple-native-likely,农历2185年正月十五；苹果中国大陆日历可能已包含；默认关闭避免重复,
TRUE,dragon-heads-raising-lunar2185,龙抬头 Dragon Heads-raising Day,2185/3/3,none,,lunar,农历2185年二月初二；传统节日；保留,
FALSE,dragon-boat-lunar2185,端午节 Dragon Boat Festival,2185/6/2,none,,apple-native-likely,农历2185年五月初五；苹果原生日历通常已包含；默认关闭避免重复,
FALSE,qixi-lunar2185,七夕节 Qixi Festival,2185/8/2,none,,apple-native-likely,农历2185年七月初七；默认关闭,
TRUE,ghost-festival-lunar2185,中元节 Ghost Festival,2185/8/10,none,,lunar,农历2185年七月十五；中国传统节日,
FALSE,mid-autumn-lunar2185,中秋节 Mid-Autumn Festival,2185/9/8,none,,apple-native-likely,农历2185年八月十五；苹果原生日历通常已包含；默认关闭避免重复,
TRUE,double-ninth-lunar2185,重阳节 Double Ninth Festival,2185/10/2,none,,lunar,农历2185年九月初九；传统节日；保留,
TRUE,black-friday-2185,黑色星期五 Black Friday,2185/11/25,none,,business,美国感恩节后的星期五；按年份计算,
FALSE,laba-lunar2185,腊八节 Laba Festival,2185/12/29,none,,apple-native-likely,农历2185年十二月初八；传统节日；默认关闭,
FALSE,xiaonian-north-lunar2185,北方小年 Northern Little New Year,2186/1/13,none,,apple-native-likely,农历2185年十二月二十三；传统节日；默认关闭,
FALSE,xiaonian-south-lunar2185,南方小年 Southern Little New Year,2186/1/14,none,,apple-native-likely,农历2185年十二月二十四；传统节日；默认关闭,
FALSE,chuxi-lunar2185,除夕 Chinese New Year’s Eve,2186/1/20,none,,apple-native-likely,农历2185年腊月最后一天；苹果原生日历通常已包含；默认关闭避免重复,
FALSE,spring-festival-lunar2186,春节 Spring Festival,2186/1/21,none,,apple-native-likely,农历2186年正月初一；苹果原生日历通常已包含；默认关闭避免重复,
FALSE,lantern-festival-lunar2186,元宵节 Lantern Festival,2186/2/4,none,,apple-native-likely,农历2186年正月十五；苹果中国大陆日历可能已包含；默认关闭避免重复,
TRUE,dragon-heads-raising-lunar2186,龙抬头 Dragon Heads-raising Day,2186/2/20,none,,lunar,农历2186年二月初二；传统节日；保留,
FALSE,dragon-boat-lunar2186,端午节 Dragon Boat Festival,2186/6/21,none,,apple-native-likely,农历2186年五月初五；苹果原生日历通常已包含；默认关闭避免重复,
FALSE,qixi-lunar2186,七夕节 Qixi Festival,2186/8/21,none,,apple-native-likely,农历2186年七月初七；默认关闭,
TRUE,ghost-festival-lunar2186,中元节 Ghost Festival,2186/8/29,none,,lunar,农历2186年七月十五；中国传统节日,
FALSE,mid-autumn-lunar2186,中秋节 Mid-Autumn Festival,2186/9/27,none,,apple-native-likely,农历2186年八月十五；苹果原生日历通常已包含；默认关闭避免重复,
TRUE,double-ninth-lunar2186,重阳节 Double Ninth Festival,2186/10/21,none,,lunar,农历2186年九月初九；传统节日；保留,
TRUE,black-friday-2186,黑色星期五 Black Friday,2186/11/24,none,,business,美国感恩节后的星期五；按年份计算,
FALSE,laba-lunar2186,腊八节 Laba Festival,2187/1/17,none,,apple-native-likely,农历2186年十二月初八；传统节日；默认关闭,
FALSE,xiaonian-north-lunar2186,北方小年 Northern Little New Year,2187/2/1,none,,apple-native-likely,农历2186年十二月二十三；传统节日；默认关闭,
FALSE,xiaonian-south-lunar2186,南方小年 Southern Little New Year,2187/2/2,none,,apple-native-likely,农历2186年十二月二十四；传统节日；默认关闭,
FALSE,chuxi-lunar2186,除夕 Chinese New Year’s Eve,2187/2/7,none,,apple-native-likely,农历2186年腊月最后一天；苹果原生日历通常已包含；默认关闭避免重复,
FALSE,spring-festival-lunar2187,春节 Spring Festival,2187/2/8,none,,apple-native-likely,农历2187年正月初一；苹果原生日历通常已包含；默认关闭避免重复,
FALSE,lantern-festival-lunar2187,元宵节 Lantern Festival,2187/2/22,none,,apple-native-likely,农历2187年正月十五；苹果中国大陆日历可能已包含；默认关闭避免重复,
TRUE,dragon-heads-raising-lunar2187,龙抬头 Dragon Heads-raising Day,2187/3/11,none,,lunar,农历2187年二月初二；传统节日；保留,
FALSE,dragon-boat-lunar2187,端午节 Dragon Boat Festival,2187/6/11,none,,apple-native-likely,农历2187年五月初五；苹果原生日历通常已包含；默认关闭避免重复,
FALSE,qixi-lunar2187,七夕节 Qixi Festival,2187/8/10,none,,apple-native-likely,农历2187年七月初七；默认关闭,
TRUE,ghost-festival-lunar2187,中元节 Ghost Festival,2187/8/18,none,,lunar,农历2187年七月十五；中国传统节日,
FALSE,mid-autumn-lunar2187,中秋节 Mid-Autumn Festival,2187/9/17,none,,apple-native-likely,农历2187年八月十五；苹果原生日历通常已包含；默认关闭避免重复,
TRUE,double-ninth-lunar2187,重阳节 Double Ninth Festival,2187/10/10,none,,lunar,农历2187年九月初九；传统节日；保留,
TRUE,black-friday-2187,黑色星期五 Black Friday,2187/11/23,none,,business,美国感恩节后的星期五；按年份计算,
FALSE,laba-lunar2187,腊八节 Laba Festival,2188/1/6,none,,apple-native-likely,农历2187年十二月初八；传统节日；默认关闭,
FALSE,xiaonian-north-lunar2187,北方小年 Northern Little New Year,2188/1/21,none,,apple-native-likely,农历2187年十二月二十三；传统节日；默认关闭,
FALSE,xiaonian-south-lunar2187,南方小年 Southern Little New Year,2188/1/22,none,,apple-native-likely,农历2187年十二月二十四；传统节日；默认关闭,
FALSE,chuxi-lunar2187,除夕 Chinese New Year’s Eve,2188/1/27,none,,apple-native-likely,农历2187年腊月最后一天；苹果原生日历通常已包含；默认关闭避免重复,
FALSE,spring-festival-lunar2188,春节 Spring Festival,2188/1/28,none,,apple-native-likely,农历2188年正月初一；苹果原生日历通常已包含；默认关闭避免重复,
FALSE,lantern-festival-lunar2188,元宵节 Lantern Festival,2188/2/11,none,,apple-native-likely,农历2188年正月十五；苹果中国大陆日历可能已包含；默认关闭避免重复,
TRUE,dragon-heads-raising-lunar2188,龙抬头 Dragon Heads-raising Day,2188/2/28,none,,lunar,农历2188年二月初二；传统节日；保留,
FALSE,dragon-boat-lunar2188,端午节 Dragon Boat Festival,2188/5/30,none,,apple-native-likely,农历2188年五月初五；苹果原生日历通常已包含；默认关闭避免重复,
FALSE,qixi-lunar2188,七夕节 Qixi Festival,2188/8/28,none,,apple-native-likely,农历2188年七月初七；默认关闭,
TRUE,ghost-festival-lunar2188,中元节 Ghost Festival,2188/9/5,none,,lunar,农历2188年七月十五；中国传统节日,
FALSE,mid-autumn-lunar2188,中秋节 Mid-Autumn Festival,2188/10/5,none,,apple-native-likely,农历2188年八月十五；苹果原生日历通常已包含；默认关闭避免重复,
TRUE,double-ninth-lunar2188,重阳节 Double Ninth Festival,2188/10/28,none,,lunar,农历2188年九月初九；传统节日；保留,
TRUE,black-friday-2188,黑色星期五 Black Friday,2188/11/28,none,,business,美国感恩节后的星期五；按年份计算,
FALSE,laba-lunar2188,腊八节 Laba Festival,2189/1/24,none,,apple-native-likely,农历2188年十二月初八；传统节日；默认关闭,
FALSE,xiaonian-north-lunar2188,北方小年 Northern Little New Year,2189/2/8,none,,apple-native-likely,农历2188年十二月二十三；传统节日；默认关闭,
FALSE,xiaonian-south-lunar2188,南方小年 Southern Little New Year,2189/2/9,none,,apple-native-likely,农历2188年十二月二十四；传统节日；默认关闭,
FALSE,chuxi-lunar2188,除夕 Chinese New Year’s Eve,2189/2/14,none,,apple-native-likely,农历2188年腊月最后一天；苹果原生日历通常已包含；默认关闭避免重复,
FALSE,spring-festival-lunar2189,春节 Spring Festival,2189/2/15,none,,apple-native-likely,农历2189年正月初一；苹果原生日历通常已包含；默认关闭避免重复,
FALSE,lantern-festival-lunar2189,元宵节 Lantern Festival,2189/3/1,none,,apple-native-likely,农历2189年正月十五；苹果中国大陆日历可能已包含；默认关闭避免重复,
TRUE,dragon-heads-raising-lunar2189,龙抬头 Dragon Heads-raising Day,2189/3/18,none,,lunar,农历2189年二月初二；传统节日；保留,
FALSE,dragon-boat-lunar2189,端午节 Dragon Boat Festival,2189/6/18,none,,apple-native-likely,农历2189年五月初五；苹果原生日历通常已包含；默认关闭避免重复,
FALSE,qixi-lunar2189,七夕节 Qixi Festival,2189/8/18,none,,apple-native-likely,农历2189年七月初七；默认关闭,
TRUE,ghost-festival-lunar2189,中元节 Ghost Festival,2189/8/26,none,,lunar,农历2189年七月十五；中国传统节日,
FALSE,mid-autumn-lunar2189,中秋节 Mid-Autumn Festival,2189/9/24,none,,apple-native-likely,农历2189年八月十五；苹果原生日历通常已包含；默认关闭避免重复,
TRUE,double-ninth-lunar2189,重阳节 Double Ninth Festival,2189/10/18,none,,lunar,农历2189年九月初九；传统节日；保留,
TRUE,black-friday-2189,黑色星期五 Black Friday,2189/11/27,none,,business,美国感恩节后的星期五；按年份计算,
FALSE,laba-lunar2189,腊八节 Laba Festival,2190/1/13,none,,apple-native-likely,农历2189年十二月初八；传统节日；默认关闭,
FALSE,xiaonian-north-lunar2189,北方小年 Northern Little New Year,2190/1/28,none,,apple-native-likely,农历2189年十二月二十三；传统节日；默认关闭,
FALSE,xiaonian-south-lunar2189,南方小年 Southern Little New Year,2190/1/29,none,,apple-native-likely,农历2189年十二月二十四；传统节日；默认关闭,
FALSE,chuxi-lunar2189,除夕 Chinese New Year’s Eve,2190/2/4,none,,apple-native-likely,农历2189年腊月最后一天；苹果原生日历通常已包含；默认关闭避免重复,
FALSE,spring-festival-lunar2190,春节 Spring Festival,2190/2/5,none,,apple-native-likely,农历2190年正月初一；苹果原生日历通常已包含；默认关闭避免重复,
FALSE,lantern-festival-lunar2190,元宵节 Lantern Festival,2190/2/19,none,,apple-native-likely,农历2190年正月十五；苹果中国大陆日历可能已包含；默认关闭避免重复,
TRUE,dragon-heads-raising-lunar2190,龙抬头 Dragon Heads-raising Day,2190/3/7,none,,lunar,农历2190年二月初二；传统节日；保留,
FALSE,dragon-boat-lunar2190,端午节 Dragon Boat Festival,2190/6/7,none,,apple-native-likely,农历2190年五月初五；苹果原生日历通常已包含；默认关闭避免重复,
FALSE,qixi-lunar2190,七夕节 Qixi Festival,2190/8/7,none,,apple-native-likely,农历2190年七月初七；默认关闭,
TRUE,ghost-festival-lunar2190,中元节 Ghost Festival,2190/8/15,none,,lunar,农历2190年七月十五；中国传统节日,
FALSE,mid-autumn-lunar2190,中秋节 Mid-Autumn Festival,2190/9/14,none,,apple-native-likely,农历2190年八月十五；苹果原生日历通常已包含；默认关闭避免重复,
TRUE,double-ninth-lunar2190,重阳节 Double Ninth Festival,2190/10/7,none,,lunar,农历2190年九月初九；传统节日；保留,
TRUE,black-friday-2190,黑色星期五 Black Friday,2190/11/26,none,,business,美国感恩节后的星期五；按年份计算,
FALSE,laba-lunar2190,腊八节 Laba Festival,2191/1/3,none,,apple-native-likely,农历2190年十二月初八；传统节日；默认关闭,
FALSE,xiaonian-north-lunar2190,北方小年 Northern Little New Year,2191/1/18,none,,apple-native-likely,农历2190年十二月二十三；传统节日；默认关闭,
FALSE,xiaonian-south-lunar2190,南方小年 Southern Little New Year,2191/1/19,none,,apple-native-likely,农历2190年十二月二十四；传统节日；默认关闭,
FALSE,chuxi-lunar2190,除夕 Chinese New Year’s Eve,2191/1/24,none,,apple-native-likely,农历2190年腊月最后一天；苹果原生日历通常已包含；默认关闭避免重复,
FALSE,spring-festival-lunar2191,春节 Spring Festival,2191/1/25,none,,apple-native-likely,农历2191年正月初一；苹果原生日历通常已包含；默认关闭避免重复,
FALSE,lantern-festival-lunar2191,元宵节 Lantern Festival,2191/2/8,none,,apple-native-likely,农历2191年正月十五；苹果中国大陆日历可能已包含；默认关闭避免重复,
TRUE,dragon-heads-raising-lunar2191,龙抬头 Dragon Heads-raising Day,2191/2/25,none,,lunar,农历2191年二月初二；传统节日；保留,
FALSE,dragon-boat-lunar2191,端午节 Dragon Boat Festival,2191/5/27,none,,apple-native-likely,农历2191年五月初五；苹果原生日历通常已包含；默认关闭避免重复,
FALSE,qixi-lunar2191,七夕节 Qixi Festival,2191/8/26,none,,apple-native-likely,农历2191年七月初七；默认关闭,
TRUE,ghost-festival-lunar2191,中元节 Ghost Festival,2191/9/3,none,,lunar,农历2191年七月十五；中国传统节日,
FALSE,mid-autumn-lunar2191,中秋节 Mid-Autumn Festival,2191/10/3,none,,apple-native-likely,农历2191年八月十五；苹果原生日历通常已包含；默认关闭避免重复,
TRUE,double-ninth-lunar2191,重阳节 Double Ninth Festival,2191/10/26,none,,lunar,农历2191年九月初九；传统节日；保留,
TRUE,black-friday-2191,黑色星期五 Black Friday,2191/11/25,none,,business,美国感恩节后的星期五；按年份计算,
FALSE,laba-lunar2191,腊八节 Laba Festival,2192/1/22,none,,apple-native-likely,农历2191年十二月初八；传统节日；默认关闭,
FALSE,xiaonian-north-lunar2191,北方小年 Northern Little New Year,2192/2/6,none,,apple-native-likely,农历2191年十二月二十三；传统节日；默认关闭,
FALSE,xiaonian-south-lunar2191,南方小年 Southern Little New Year,2192/2/7,none,,apple-native-likely,农历2191年十二月二十四；传统节日；默认关闭,
FALSE,chuxi-lunar2191,除夕 Chinese New Year’s Eve,2192/2/12,none,,apple-native-likely,农历2191年腊月最后一天；苹果原生日历通常已包含；默认关闭避免重复,
FALSE,spring-festival-lunar2192,春节 Spring Festival,2192/2/13,none,,apple-native-likely,农历2192年正月初一；苹果原生日历通常已包含；默认关闭避免重复,
FALSE,lantern-festival-lunar2192,元宵节 Lantern Festival,2192/2/27,none,,apple-native-likely,农历2192年正月十五；苹果中国大陆日历可能已包含；默认关闭避免重复,
TRUE,dragon-heads-raising-lunar2192,龙抬头 Dragon Heads-raising Day,2192/3/15,none,,lunar,农历2192年二月初二；传统节日；保留,
FALSE,dragon-boat-lunar2192,端午节 Dragon Boat Festival,2192/6/14,none,,apple-native-likely,农历2192年五月初五；苹果原生日历通常已包含；默认关闭避免重复,
FALSE,qixi-lunar2192,七夕节 Qixi Festival,2192/8/14,none,,apple-native-likely,农历2192年七月初七；默认关闭,
TRUE,ghost-festival-lunar2192,中元节 Ghost Festival,2192/8/22,none,,lunar,农历2192年七月十五；中国传统节日,
FALSE,mid-autumn-lunar2192,中秋节 Mid-Autumn Festival,2192/9/21,none,,apple-native-likely,农历2192年八月十五；苹果原生日历通常已包含；默认关闭避免重复,
TRUE,double-ninth-lunar2192,重阳节 Double Ninth Festival,2192/10/14,none,,lunar,农历2192年九月初九；传统节日；保留,
TRUE,black-friday-2192,黑色星期五 Black Friday,2192/11/23,none,,business,美国感恩节后的星期五；按年份计算,
FALSE,laba-lunar2192,腊八节 Laba Festival,2193/1/10,none,,apple-native-likely,农历2192年十二月初八；传统节日；默认关闭,
FALSE,xiaonian-north-lunar2192,北方小年 Northern Little New Year,2193/1/25,none,,apple-native-likely,农历2192年十二月二十三；传统节日；默认关闭,
FALSE,xiaonian-south-lunar2192,南方小年 Southern Little New Year,2193/1/26,none,,apple-native-likely,农历2192年十二月二十四；传统节日；默认关闭,
FALSE,chuxi-lunar2192,除夕 Chinese New Year’s Eve,2193/2/1,none,,apple-native-likely,农历2192年腊月最后一天；苹果原生日历通常已包含；默认关闭避免重复,
FALSE,spring-festival-lunar2193,春节 Spring Festival,2193/2/2,none,,apple-native-likely,农历2193年正月初一；苹果原生日历通常已包含；默认关闭避免重复,
FALSE,lantern-festival-lunar2193,元宵节 Lantern Festival,2193/2/16,none,,apple-native-likely,农历2193年正月十五；苹果中国大陆日历可能已包含；默认关闭避免重复,
TRUE,dragon-heads-raising-lunar2193,龙抬头 Dragon Heads-raising Day,2193/3/4,none,,lunar,农历2193年二月初二；传统节日；保留,
FALSE,dragon-boat-lunar2193,端午节 Dragon Boat Festival,2193/6/3,none,,apple-native-likely,农历2193年五月初五；苹果原生日历通常已包含；默认关闭避免重复,
FALSE,qixi-lunar2193,七夕节 Qixi Festival,2193/8/3,none,,apple-native-likely,农历2193年七月初七；默认关闭,
TRUE,ghost-festival-lunar2193,中元节 Ghost Festival,2193/8/11,none,,lunar,农历2193年七月十五；中国传统节日,
FALSE,mid-autumn-lunar2193,中秋节 Mid-Autumn Festival,2193/9/10,none,,apple-native-likely,农历2193年八月十五；苹果原生日历通常已包含；默认关闭避免重复,
TRUE,double-ninth-lunar2193,重阳节 Double Ninth Festival,2193/10/3,none,,lunar,农历2193年九月初九；传统节日；保留,
TRUE,black-friday-2193,黑色星期五 Black Friday,2193/11/29,none,,business,美国感恩节后的星期五；按年份计算,
FALSE,laba-lunar2193,腊八节 Laba Festival,2193/12/31,none,,apple-native-likely,农历2193年十二月初八；传统节日；默认关闭,
FALSE,xiaonian-north-lunar2193,北方小年 Northern Little New Year,2194/1/15,none,,apple-native-likely,农历2193年十二月二十三；传统节日；默认关闭,
FALSE,xiaonian-south-lunar2193,南方小年 Southern Little New Year,2194/1/16,none,,apple-native-likely,农历2193年十二月二十四；传统节日；默认关闭,
FALSE,chuxi-lunar2193,除夕 Chinese New Year’s Eve,2194/1/21,none,,apple-native-likely,农历2193年腊月最后一天；苹果原生日历通常已包含；默认关闭避免重复,
FALSE,spring-festival-lunar2194,春节 Spring Festival,2194/1/22,none,,apple-native-likely,农历2194年正月初一；苹果原生日历通常已包含；默认关闭避免重复,
FALSE,lantern-festival-lunar2194,元宵节 Lantern Festival,2194/2/5,none,,apple-native-likely,农历2194年正月十五；苹果中国大陆日历可能已包含；默认关闭避免重复,
TRUE,dragon-heads-raising-lunar2194,龙抬头 Dragon Heads-raising Day,2194/2/22,none,,lunar,农历2194年二月初二；传统节日；保留,
FALSE,dragon-boat-lunar2194,端午节 Dragon Boat Festival,2194/6/22,none,,apple-native-likely,农历2194年五月初五；苹果原生日历通常已包含；默认关闭避免重复,
FALSE,qixi-lunar2194,七夕节 Qixi Festival,2194/8/22,none,,apple-native-likely,农历2194年七月初七；默认关闭,
TRUE,ghost-festival-lunar2194,中元节 Ghost Festival,2194/8/30,none,,lunar,农历2194年七月十五；中国传统节日,
FALSE,mid-autumn-lunar2194,中秋节 Mid-Autumn Festival,2194/9/29,none,,apple-native-likely,农历2194年八月十五；苹果原生日历通常已包含；默认关闭避免重复,
TRUE,double-ninth-lunar2194,重阳节 Double Ninth Festival,2194/10/22,none,,lunar,农历2194年九月初九；传统节日；保留,
TRUE,black-friday-2194,黑色星期五 Black Friday,2194/11/28,none,,business,美国感恩节后的星期五；按年份计算,
FALSE,laba-lunar2194,腊八节 Laba Festival,2195/1/18,none,,apple-native-likely,农历2194年十二月初八；传统节日；默认关闭,
FALSE,xiaonian-north-lunar2194,北方小年 Northern Little New Year,2195/2/2,none,,apple-native-likely,农历2194年十二月二十三；传统节日；默认关闭,
FALSE,xiaonian-south-lunar2194,南方小年 Southern Little New Year,2195/2/3,none,,apple-native-likely,农历2194年十二月二十四；传统节日；默认关闭,
FALSE,chuxi-lunar2194,除夕 Chinese New Year’s Eve,2195/2/9,none,,apple-native-likely,农历2194年腊月最后一天；苹果原生日历通常已包含；默认关闭避免重复,
FALSE,spring-festival-lunar2195,春节 Spring Festival,2195/2/10,none,,apple-native-likely,农历2195年正月初一；苹果原生日历通常已包含；默认关闭避免重复,
FALSE,lantern-festival-lunar2195,元宵节 Lantern Festival,2195/2/24,none,,apple-native-likely,农历2195年正月十五；苹果中国大陆日历可能已包含；默认关闭避免重复,
TRUE,dragon-heads-raising-lunar2195,龙抬头 Dragon Heads-raising Day,2195/3/13,none,,lunar,农历2195年二月初二；传统节日；保留,
FALSE,dragon-boat-lunar2195,端午节 Dragon Boat Festival,2195/6/12,none,,apple-native-likely,农历2195年五月初五；苹果原生日历通常已包含；默认关闭避免重复,
FALSE,qixi-lunar2195,七夕节 Qixi Festival,2195/8/12,none,,apple-native-likely,农历2195年七月初七；默认关闭,
TRUE,ghost-festival-lunar2195,中元节 Ghost Festival,2195/8/20,none,,lunar,农历2195年七月十五；中国传统节日,
FALSE,mid-autumn-lunar2195,中秋节 Mid-Autumn Festival,2195/9/18,none,,apple-native-likely,农历2195年八月十五；苹果原生日历通常已包含；默认关闭避免重复,
TRUE,double-ninth-lunar2195,重阳节 Double Ninth Festival,2195/10/11,none,,lunar,农历2195年九月初九；传统节日；保留,
TRUE,black-friday-2195,黑色星期五 Black Friday,2195/11/27,none,,business,美国感恩节后的星期五；按年份计算,
FALSE,laba-lunar2195,腊八节 Laba Festival,2196/1/7,none,,apple-native-likely,农历2195年十二月初八；传统节日；默认关闭,
FALSE,xiaonian-north-lunar2195,北方小年 Northern Little New Year,2196/1/22,none,,apple-native-likely,农历2195年十二月二十三；传统节日；默认关闭,
FALSE,xiaonian-south-lunar2195,南方小年 Southern Little New Year,2196/1/23,none,,apple-native-likely,农历2195年十二月二十四；传统节日；默认关闭,
FALSE,chuxi-lunar2195,除夕 Chinese New Year’s Eve,2196/1/29,none,,apple-native-likely,农历2195年腊月最后一天；苹果原生日历通常已包含；默认关闭避免重复,
FALSE,spring-festival-lunar2196,春节 Spring Festival,2196/1/30,none,,apple-native-likely,农历2196年正月初一；苹果原生日历通常已包含；默认关闭避免重复,
FALSE,lantern-festival-lunar2196,元宵节 Lantern Festival,2196/2/13,none,,apple-native-likely,农历2196年正月十五；苹果中国大陆日历可能已包含；默认关闭避免重复,
TRUE,dragon-heads-raising-lunar2196,龙抬头 Dragon Heads-raising Day,2196/3/1,none,,lunar,农历2196年二月初二；传统节日；保留,
FALSE,dragon-boat-lunar2196,端午节 Dragon Boat Festival,2196/6/1,none,,apple-native-likely,农历2196年五月初五；苹果原生日历通常已包含；默认关闭避免重复,
FALSE,qixi-lunar2196,七夕节 Qixi Festival,2196/7/31,none,,apple-native-likely,农历2196年七月初七；默认关闭,
TRUE,ghost-festival-lunar2196,中元节 Ghost Festival,2196/8/8,none,,lunar,农历2196年七月十五；中国传统节日,
FALSE,mid-autumn-lunar2196,中秋节 Mid-Autumn Festival,2196/10/6,none,,apple-native-likely,农历2196年八月十五；苹果原生日历通常已包含；默认关闭避免重复,
TRUE,double-ninth-lunar2196,重阳节 Double Ninth Festival,2196/10/29,none,,lunar,农历2196年九月初九；传统节日；保留,
TRUE,black-friday-2196,黑色星期五 Black Friday,2196/11/25,none,,business,美国感恩节后的星期五；按年份计算,
FALSE,laba-lunar2196,腊八节 Laba Festival,2197/1/25,none,,apple-native-likely,农历2196年十二月初八；传统节日；默认关闭,
FALSE,xiaonian-north-lunar2196,北方小年 Northern Little New Year,2197/2/9,none,,apple-native-likely,农历2196年十二月二十三；传统节日；默认关闭,
FALSE,xiaonian-south-lunar2196,南方小年 Southern Little New Year,2197/2/10,none,,apple-native-likely,农历2196年十二月二十四；传统节日；默认关闭,
FALSE,chuxi-lunar2196,除夕 Chinese New Year’s Eve,2197/2/16,none,,apple-native-likely,农历2196年腊月最后一天；苹果原生日历通常已包含；默认关闭避免重复,
FALSE,spring-festival-lunar2197,春节 Spring Festival,2197/2/17,none,,apple-native-likely,农历2197年正月初一；苹果原生日历通常已包含；默认关闭避免重复,
FALSE,lantern-festival-lunar2197,元宵节 Lantern Festival,2197/3/3,none,,apple-native-likely,农历2197年正月十五；苹果中国大陆日历可能已包含；默认关闭避免重复,
TRUE,dragon-heads-raising-lunar2197,龙抬头 Dragon Heads-raising Day,2197/3/20,none,,lunar,农历2197年二月初二；传统节日；保留,
FALSE,dragon-boat-lunar2197,端午节 Dragon Boat Festival,2197/6/20,none,,apple-native-likely,农历2197年五月初五；苹果原生日历通常已包含；默认关闭避免重复,
FALSE,qixi-lunar2197,七夕节 Qixi Festival,2197/8/19,none,,apple-native-likely,农历2197年七月初七；默认关闭,
TRUE,ghost-festival-lunar2197,中元节 Ghost Festival,2197/8/27,none,,lunar,农历2197年七月十五；中国传统节日,
FALSE,mid-autumn-lunar2197,中秋节 Mid-Autumn Festival,2197/9/26,none,,apple-native-likely,农历2197年八月十五；苹果原生日历通常已包含；默认关闭避免重复,
TRUE,double-ninth-lunar2197,重阳节 Double Ninth Festival,2197/10/19,none,,lunar,农历2197年九月初九；传统节日；保留,
TRUE,black-friday-2197,黑色星期五 Black Friday,2197/11/24,none,,business,美国感恩节后的星期五；按年份计算,
FALSE,laba-lunar2197,腊八节 Laba Festival,2198/1/14,none,,apple-native-likely,农历2197年十二月初八；传统节日；默认关闭,
FALSE,xiaonian-north-lunar2197,北方小年 Northern Little New Year,2198/1/29,none,,apple-native-likely,农历2197年十二月二十三；传统节日；默认关闭,
FALSE,xiaonian-south-lunar2197,南方小年 Southern Little New Year,2198/1/30,none,,apple-native-likely,农历2197年十二月二十四；传统节日；默认关闭,
FALSE,chuxi-lunar2197,除夕 Chinese New Year’s Eve,2198/2/5,none,,apple-native-likely,农历2197年腊月最后一天；苹果原生日历通常已包含；默认关闭避免重复,
FALSE,spring-festival-lunar2198,春节 Spring Festival,2198/2/6,none,,apple-native-likely,农历2198年正月初一；苹果原生日历通常已包含；默认关闭避免重复,
FALSE,lantern-festival-lunar2198,元宵节 Lantern Festival,2198/2/20,none,,apple-native-likely,农历2198年正月十五；苹果中国大陆日历可能已包含；默认关闭避免重复,
TRUE,dragon-heads-raising-lunar2198,龙抬头 Dragon Heads-raising Day,2198/3/9,none,,lunar,农历2198年二月初二；传统节日；保留,
FALSE,dragon-boat-lunar2198,端午节 Dragon Boat Festival,2198/6/9,none,,apple-native-likely,农历2198年五月初五；苹果原生日历通常已包含；默认关闭避免重复,
FALSE,qixi-lunar2198,七夕节 Qixi Festival,2198/8/9,none,,apple-native-likely,农历2198年七月初七；默认关闭,
TRUE,ghost-festival-lunar2198,中元节 Ghost Festival,2198/8/17,none,,lunar,农历2198年七月十五；中国传统节日,
FALSE,mid-autumn-lunar2198,中秋节 Mid-Autumn Festival,2198/9/15,none,,apple-native-likely,农历2198年八月十五；苹果原生日历通常已包含；默认关闭避免重复,
TRUE,double-ninth-lunar2198,重阳节 Double Ninth Festival,2198/10/9,none,,lunar,农历2198年九月初九；传统节日；保留,
TRUE,black-friday-2198,黑色星期五 Black Friday,2198/11/23,none,,business,美国感恩节后的星期五；按年份计算,
FALSE,laba-lunar2198,腊八节 Laba Festival,2199/1/4,none,,apple-native-likely,农历2198年十二月初八；传统节日；默认关闭,
FALSE,xiaonian-north-lunar2198,北方小年 Northern Little New Year,2199/1/19,none,,apple-native-likely,农历2198年十二月二十三；传统节日；默认关闭,
FALSE,xiaonian-south-lunar2198,南方小年 Southern Little New Year,2199/1/20,none,,apple-native-likely,农历2198年十二月二十四；传统节日；默认关闭,
FALSE,chuxi-lunar2198,除夕 Chinese New Year’s Eve,2199/1/26,none,,apple-native-likely,农历2198年腊月最后一天；苹果原生日历通常已包含；默认关闭避免重复,
FALSE,spring-festival-lunar2199,春节 Spring Festival,2199/1/27,none,,apple-native-likely,农历2199年正月初一；苹果原生日历通常已包含；默认关闭避免重复,
FALSE,lantern-festival-lunar2199,元宵节 Lantern Festival,2199/2/10,none,,apple-native-likely,农历2199年正月十五；苹果中国大陆日历可能已包含；默认关闭避免重复,
TRUE,dragon-heads-raising-lunar2199,龙抬头 Dragon Heads-raising Day,2199/2/26,none,,lunar,农历2199年二月初二；传统节日；保留,
FALSE,dragon-boat-lunar2199,端午节 Dragon Boat Festival,2199/5/29,none,,apple-native-likely,农历2199年五月初五；苹果原生日历通常已包含；默认关闭避免重复,
FALSE,qixi-lunar2199,七夕节 Qixi Festival,2199/8/28,none,,apple-native-likely,农历2199年七月初七；默认关闭,
TRUE,ghost-festival-lunar2199,中元节 Ghost Festival,2199/9/5,none,,lunar,农历2199年七月十五；中国传统节日,
FALSE,mid-autumn-lunar2199,中秋节 Mid-Autumn Festival,2199/10/4,none,,apple-native-likely,农历2199年八月十五；苹果原生日历通常已包含；默认关闭避免重复,
TRUE,double-ninth-lunar2199,重阳节 Double Ninth Festival,2199/10/28,none,,lunar,农历2199年九月初九；传统节日；保留,
TRUE,black-friday-2199,黑色星期五 Black Friday,2199/11/29,none,,business,美国感恩节后的星期五；按年份计算,
FALSE,laba-lunar2199,腊八节 Laba Festival,2200/1/23,none,,apple-native-likely,农历2199年十二月初八；传统节日；默认关闭,
FALSE,xiaonian-north-lunar2199,北方小年 Northern Little New Year,2200/2/7,none,,apple-native-likely,农历2199年十二月二十三；传统节日；默认关闭,
FALSE,xiaonian-south-lunar2199,南方小年 Southern Little New Year,2200/2/8,none,,apple-native-likely,农历2199年十二月二十四；传统节日；默认关闭,
FALSE,chuxi-lunar2199,除夕 Chinese New Year’s Eve,2200/2/14,none,,apple-native-likely,农历2199年腊月最后一天；苹果原生日历通常已包含；默认关闭避免重复,
FALSE,spring-festival-lunar2200,春节 Spring Festival,2200/2/15,none,,apple-native-likely,农历2200年正月初一；苹果原生日历通常已包含；默认关闭避免重复,
FALSE,lantern-festival-lunar2200,元宵节 Lantern Festival,2200/3/1,none,,apple-native-likely,农历2200年正月十五；苹果中国大陆日历可能已包含；默认关闭避免重复,
TRUE,dragon-heads-raising-lunar2200,龙抬头 Dragon Heads-raising Day,2200/3/17,none,,lunar,农历2200年二月初二；传统节日；保留,
FALSE,dragon-boat-lunar2200,端午节 Dragon Boat Festival,2200/6/16,none,,apple-native-likely,农历2200年五月初五；苹果原生日历通常已包含；默认关闭避免重复,
FALSE,qixi-lunar2200,七夕节 Qixi Festival,2200/8/17,none,,apple-native-likely,农历2200年七月初七；默认关闭,
TRUE,ghost-festival-lunar2200,中元节 Ghost Festival,2200/8/25,none,,lunar,农历2200年七月十五；中国传统节日,
FALSE,mid-autumn-lunar2200,中秋节 Mid-Autumn Festival,2200/9/23,none,,apple-native-likely,农历2200年八月十五；苹果原生日历通常已包含；默认关闭避免重复,
TRUE,double-ninth-lunar2200,重阳节 Double Ninth Festival,2200/10/17,none,,lunar,农历2200年九月初九；传统节日；保留,
TRUE,black-friday-2200,黑色星期五 Black Friday,2200/11/28,none,,business,美国感恩节后的星期五；按年份计算,
FALSE,laba-lunar2200,腊八节 Laba Festival,2201/1/13,none,,apple-native-likely,农历2200年十二月初八；传统节日；默认关闭,
FALSE,xiaonian-north-lunar2200,北方小年 Northern Little New Year,2201/1/28,none,,apple-native-likely,农历2200年十二月二十三；传统节日；默认关闭,
FALSE,xiaonian-south-lunar2200,南方小年 Southern Little New Year,2201/1/29,none,,apple-native-likely,农历2200年十二月二十四；传统节日；默认关闭,
FALSE,chuxi-lunar2200,除夕 Chinese New Year’s Eve,2201/2/3,none,,apple-native-likely,农历2200年腊月最后一天；苹果原生日历通常已包含；默认关闭避免重复,
FALSE,spring-festival-lunar2201,春节 Spring Festival,2201/2/4,none,,apple-native-likely,农历2201年正月初一；苹果原生日历通常已包含；默认关闭避免重复,
FALSE,lantern-festival-lunar2201,元宵节 Lantern Festival,2201/2/18,none,,apple-native-likely,农历2201年正月十五；苹果中国大陆日历可能已包含；默认关闭避免重复,
TRUE,dragon-heads-raising-lunar2201,龙抬头 Dragon Heads-raising Day,2201/3/7,none,,lunar,农历2201年二月初二；传统节日；保留,
FALSE,dragon-boat-lunar2201,端午节 Dragon Boat Festival,2201/6/6,none,,apple-native-likely,农历2201年五月初五；苹果原生日历通常已包含；默认关闭避免重复,
FALSE,qixi-lunar2201,七夕节 Qixi Festival,2201/8/6,none,,apple-native-likely,农历2201年七月初七；默认关闭,
TRUE,ghost-festival-lunar2201,中元节 Ghost Festival,2201/8/14,none,,lunar,农历2201年七月十五；中国传统节日,
FALSE,mid-autumn-lunar2201,中秋节 Mid-Autumn Festival,2201/9/12,none,,apple-native-likely,农历2201年八月十五；苹果原生日历通常已包含；默认关闭避免重复,
TRUE,double-ninth-lunar2201,重阳节 Double Ninth Festival,2201/10/6,none,,lunar,农历2201年九月初九；传统节日；保留,
TRUE,black-friday-2201,黑色星期五 Black Friday,2201/11/27,none,,business,美国感恩节后的星期五；按年份计算,
FALSE,laba-lunar2201,腊八节 Laba Festival,2202/1/2,none,,apple-native-likely,农历2201年十二月初八；传统节日；默认关闭,
FALSE,xiaonian-north-lunar2201,北方小年 Northern Little New Year,2202/1/17,none,,apple-native-likely,农历2201年十二月二十三；传统节日；默认关闭,
FALSE,xiaonian-south-lunar2201,南方小年 Southern Little New Year,2202/1/18,none,,apple-native-likely,农历2201年十二月二十四；传统节日；默认关闭,
FALSE,chuxi-lunar2201,除夕 Chinese New Year’s Eve,2202/1/24,none,,apple-native-likely,农历2201年腊月最后一天；苹果原生日历通常已包含；默认关闭避免重复,
FALSE,spring-festival-lunar2202,春节 Spring Festival,2202/1/25,none,,apple-native-likely,农历2202年正月初一；苹果原生日历通常已包含；默认关闭避免重复,
FALSE,lantern-festival-lunar2202,元宵节 Lantern Festival,2202/2/8,none,,apple-native-likely,农历2202年正月十五；苹果中国大陆日历可能已包含；默认关闭避免重复,
TRUE,dragon-heads-raising-lunar2202,龙抬头 Dragon Heads-raising Day,2202/2/24,none,,lunar,农历2202年二月初二；传统节日；保留,
FALSE,dragon-boat-lunar2202,端午节 Dragon Boat Festival,2202/6/25,none,,apple-native-likely,农历2202年五月初五；苹果原生日历通常已包含；默认关闭避免重复,
FALSE,qixi-lunar2202,七夕节 Qixi Festival,2202/8/25,none,,apple-native-likely,农历2202年七月初七；默认关闭,
TRUE,ghost-festival-lunar2202,中元节 Ghost Festival,2202/9/2,none,,lunar,农历2202年七月十五；中国传统节日,
FALSE,mid-autumn-lunar2202,中秋节 Mid-Autumn Festival,2202/10/1,none,,apple-native-likely,农历2202年八月十五；苹果原生日历通常已包含；默认关闭避免重复,
TRUE,double-ninth-lunar2202,重阳节 Double Ninth Festival,2202/10/25,none,,lunar,农历2202年九月初九；传统节日；保留,
TRUE,black-friday-2202,黑色星期五 Black Friday,2202/11/26,none,,business,美国感恩节后的星期五；按年份计算,
FALSE,laba-lunar2202,腊八节 Laba Festival,2203/1/21,none,,apple-native-likely,农历2202年十二月初八；传统节日；默认关闭,
FALSE,xiaonian-north-lunar2202,北方小年 Northern Little New Year,2203/2/5,none,,apple-native-likely,农历2202年十二月二十三；传统节日；默认关闭,
FALSE,xiaonian-south-lunar2202,南方小年 Southern Little New Year,2203/2/6,none,,apple-native-likely,农历2202年十二月二十四；传统节日；默认关闭,
FALSE,chuxi-lunar2202,除夕 Chinese New Year’s Eve,2203/2/12,none,,apple-native-likely,农历2202年腊月最后一天；苹果原生日历通常已包含；默认关闭避免重复,
FALSE,spring-festival-lunar2203,春节 Spring Festival,2203/2/13,none,,apple-native-likely,农历2203年正月初一；苹果原生日历通常已包含；默认关闭避免重复,
FALSE,lantern-festival-lunar2203,元宵节 Lantern Festival,2203/2/27,none,,apple-native-likely,农历2203年正月十五；苹果中国大陆日历可能已包含；默认关闭避免重复,
TRUE,dragon-heads-raising-lunar2203,龙抬头 Dragon Heads-raising Day,2203/3/15,none,,lunar,农历2203年二月初二；传统节日；保留,
FALSE,dragon-boat-lunar2203,端午节 Dragon Boat Festival,2203/6/14,none,,apple-native-likely,农历2203年五月初五；苹果原生日历通常已包含；默认关闭避免重复,
FALSE,qixi-lunar2203,七夕节 Qixi Festival,2203/8/14,none,,apple-native-likely,农历2203年七月初七；默认关闭,
TRUE,ghost-festival-lunar2203,中元节 Ghost Festival,2203/8/22,none,,lunar,农历2203年七月十五；中国传统节日,
FALSE,mid-autumn-lunar2203,中秋节 Mid-Autumn Festival,2203/9/20,none,,apple-native-likely,农历2203年八月十五；苹果原生日历通常已包含；默认关闭避免重复,
TRUE,double-ninth-lunar2203,重阳节 Double Ninth Festival,2203/10/14,none,,lunar,农历2203年九月初九；传统节日；保留,
TRUE,black-friday-2203,黑色星期五 Black Friday,2203/11/25,none,,business,美国感恩节后的星期五；按年份计算,
FALSE,laba-lunar2203,腊八节 Laba Festival,2204/1/10,none,,apple-native-likely,农历2203年十二月初八；传统节日；默认关闭,
FALSE,xiaonian-north-lunar2203,北方小年 Northern Little New Year,2204/1/25,none,,apple-native-likely,农历2203年十二月二十三；传统节日；默认关闭,
FALSE,xiaonian-south-lunar2203,南方小年 Southern Little New Year,2204/1/26,none,,apple-native-likely,农历2203年十二月二十四；传统节日；默认关闭,
FALSE,chuxi-lunar2203,除夕 Chinese New Year’s Eve,2204/2/1,none,,apple-native-likely,农历2203年腊月最后一天；苹果原生日历通常已包含；默认关闭避免重复,
FALSE,spring-festival-lunar2204,春节 Spring Festival,2204/2/2,none,,apple-native-likely,农历2204年正月初一；苹果原生日历通常已包含；默认关闭避免重复,
FALSE,lantern-festival-lunar2204,元宵节 Lantern Festival,2204/2/16,none,,apple-native-likely,农历2204年正月十五；苹果中国大陆日历可能已包含；默认关闭避免重复,
TRUE,dragon-heads-raising-lunar2204,龙抬头 Dragon Heads-raising Day,2204/3/4,none,,lunar,农历2204年二月初二；传统节日；保留,
FALSE,dragon-boat-lunar2204,端午节 Dragon Boat Festival,2204/6/3,none,,apple-native-likely,农历2204年五月初五；苹果原生日历通常已包含；默认关闭避免重复,
FALSE,qixi-lunar2204,七夕节 Qixi Festival,2204/8/3,none,,apple-native-likely,农历2204年七月初七；默认关闭,
TRUE,ghost-festival-lunar2204,中元节 Ghost Festival,2204/8/11,none,,lunar,农历2204年七月十五；中国传统节日,
FALSE,mid-autumn-lunar2204,中秋节 Mid-Autumn Festival,2204/9/9,none,,apple-native-likely,农历2204年八月十五；苹果原生日历通常已包含；默认关闭避免重复,
TRUE,double-ninth-lunar2204,重阳节 Double Ninth Festival,2204/10/2,none,,lunar,农历2204年九月初九；传统节日；保留,
TRUE,black-friday-2204,黑色星期五 Black Friday,2204/11/23,none,,business,美国感恩节后的星期五；按年份计算,
FALSE,laba-lunar2204,腊八节 Laba Festival,2205/1/28,none,,apple-native-likely,农历2204年十二月初八；传统节日；默认关闭,
FALSE,xiaonian-north-lunar2204,北方小年 Northern Little New Year,2205/2/12,none,,apple-native-likely,农历2204年十二月二十三；传统节日；默认关闭,
FALSE,xiaonian-south-lunar2204,南方小年 Southern Little New Year,2205/2/13,none,,apple-native-likely,农历2204年十二月二十四；传统节日；默认关闭,
FALSE,chuxi-lunar2204,除夕 Chinese New Year’s Eve,2205/2/19,none,,apple-native-likely,农历2204年腊月最后一天；苹果原生日历通常已包含；默认关闭避免重复,
FALSE,spring-festival-lunar2205,春节 Spring Festival,2205/2/20,none,,apple-native-likely,农历2205年正月初一；苹果原生日历通常已包含；默认关闭避免重复,
FALSE,lantern-festival-lunar2205,元宵节 Lantern Festival,2205/3/6,none,,apple-native-likely,农历2205年正月十五；苹果中国大陆日历可能已包含；默认关闭避免重复,
TRUE,dragon-heads-raising-lunar2205,龙抬头 Dragon Heads-raising Day,2205/3/22,none,,lunar,农历2205年二月初二；传统节日；保留,
FALSE,dragon-boat-lunar2205,端午节 Dragon Boat Festival,2205/6/22,none,,apple-native-likely,农历2205年五月初五；苹果原生日历通常已包含；默认关闭避免重复,
FALSE,qixi-lunar2205,七夕节 Qixi Festival,2205/8/22,none,,apple-native-likely,农历2205年七月初七；默认关闭,
TRUE,ghost-festival-lunar2205,中元节 Ghost Festival,2205/8/30,none,,lunar,农历2205年七月十五；中国传统节日,
FALSE,mid-autumn-lunar2205,中秋节 Mid-Autumn Festival,2205/9/28,none,,apple-native-likely,农历2205年八月十五；苹果原生日历通常已包含；默认关闭避免重复,
TRUE,double-ninth-lunar2205,重阳节 Double Ninth Festival,2205/10/21,none,,lunar,农历2205年九月初九；传统节日；保留,
TRUE,black-friday-2205,黑色星期五 Black Friday,2205/11/29,none,,business,美国感恩节后的星期五；按年份计算,
FALSE,laba-lunar2205,腊八节 Laba Festival,2206/1/17,none,,apple-native-likely,农历2205年十二月初八；传统节日；默认关闭,
FALSE,xiaonian-north-lunar2205,北方小年 Northern Little New Year,2206/2/1,none,,apple-native-likely,农历2205年十二月二十三；传统节日；默认关闭,
FALSE,xiaonian-south-lunar2205,南方小年 Southern Little New Year,2206/2/2,none,,apple-native-likely,农历2205年十二月二十四；传统节日；默认关闭,
FALSE,chuxi-lunar2205,除夕 Chinese New Year’s Eve,2206/2/8,none,,apple-native-likely,农历2205年腊月最后一天；苹果原生日历通常已包含；默认关闭避免重复,
FALSE,spring-festival-lunar2206,春节 Spring Festival,2206/2/9,none,,apple-native-likely,农历2206年正月初一；苹果原生日历通常已包含；默认关闭避免重复,
FALSE,lantern-festival-lunar2206,元宵节 Lantern Festival,2206/2/23,none,,apple-native-likely,农历2206年正月十五；苹果中国大陆日历可能已包含；默认关闭避免重复,
TRUE,dragon-heads-raising-lunar2206,龙抬头 Dragon Heads-raising Day,2206/3/11,none,,lunar,农历2206年二月初二；传统节日；保留,
FALSE,dragon-boat-lunar2206,端午节 Dragon Boat Festival,2206/6/11,none,,apple-native-likely,农历2206年五月初五；苹果原生日历通常已包含；默认关闭避免重复,
FALSE,qixi-lunar2206,七夕节 Qixi Festival,2206/8/11,none,,apple-native-likely,农历2206年七月初七；默认关闭,
TRUE,ghost-festival-lunar2206,中元节 Ghost Festival,2206/8/19,none,,lunar,农历2206年七月十五；中国传统节日,
FALSE,mid-autumn-lunar2206,中秋节 Mid-Autumn Festival,2206/9/18,none,,apple-native-likely,农历2206年八月十五；苹果原生日历通常已包含；默认关闭避免重复,
TRUE,double-ninth-lunar2206,重阳节 Double Ninth Festival,2206/10/11,none,,lunar,农历2206年九月初九；传统节日；保留,
TRUE,black-friday-2206,黑色星期五 Black Friday,2206/11/28,none,,business,美国感恩节后的星期五；按年份计算,
FALSE,laba-lunar2206,腊八节 Laba Festival,2207/1/6,none,,apple-native-likely,农历2206年十二月初八；传统节日；默认关闭,
FALSE,xiaonian-north-lunar2206,北方小年 Northern Little New Year,2207/1/21,none,,apple-native-likely,农历2206年十二月二十三；传统节日；默认关闭,
FALSE,xiaonian-south-lunar2206,南方小年 Southern Little New Year,2207/1/22,none,,apple-native-likely,农历2206年十二月二十四；传统节日；默认关闭,
FALSE,chuxi-lunar2206,除夕 Chinese New Year’s Eve,2207/1/28,none,,apple-native-likely,农历2206年腊月最后一天；苹果原生日历通常已包含；默认关闭避免重复,
FALSE,spring-festival-lunar2207,春节 Spring Festival,2207/1/29,none,,apple-native-likely,农历2207年正月初一；苹果原生日历通常已包含；默认关闭避免重复,
FALSE,lantern-festival-lunar2207,元宵节 Lantern Festival,2207/2/12,none,,apple-native-likely,农历2207年正月十五；苹果中国大陆日历可能已包含；默认关闭避免重复,
TRUE,dragon-heads-raising-lunar2207,龙抬头 Dragon Heads-raising Day,2207/3/1,none,,lunar,农历2207年二月初二；传统节日；保留,
FALSE,dragon-boat-lunar2207,端午节 Dragon Boat Festival,2207/6/1,none,,apple-native-likely,农历2207年五月初五；苹果原生日历通常已包含；默认关闭避免重复,
FALSE,qixi-lunar2207,七夕节 Qixi Festival,2207/8/30,none,,apple-native-likely,农历2207年七月初七；默认关闭,
TRUE,ghost-festival-lunar2207,中元节 Ghost Festival,2207/9/7,none,,lunar,农历2207年七月十五；中国传统节日,
FALSE,mid-autumn-lunar2207,中秋节 Mid-Autumn Festival,2207/10/7,none,,apple-native-likely,农历2207年八月十五；苹果原生日历通常已包含；默认关闭避免重复,
TRUE,double-ninth-lunar2207,重阳节 Double Ninth Festival,2207/10/30,none,,lunar,农历2207年九月初九；传统节日；保留,
TRUE,black-friday-2207,黑色星期五 Black Friday,2207/11/27,none,,business,美国感恩节后的星期五；按年份计算,
FALSE,laba-lunar2207,腊八节 Laba Festival,2208/1/25,none,,apple-native-likely,农历2207年十二月初八；传统节日；默认关闭,
FALSE,xiaonian-north-lunar2207,北方小年 Northern Little New Year,2208/2/9,none,,apple-native-likely,农历2207年十二月二十三；传统节日；默认关闭,
FALSE,xiaonian-south-lunar2207,南方小年 Southern Little New Year,2208/2/10,none,,apple-native-likely,农历2207年十二月二十四；传统节日；默认关闭,
FALSE,chuxi-lunar2207,除夕 Chinese New Year’s Eve,2208/2/16,none,,apple-native-likely,农历2207年腊月最后一天；苹果原生日历通常已包含；默认关闭避免重复,
FALSE,spring-festival-lunar2208,春节 Spring Festival,2208/2/17,none,,apple-native-likely,农历2208年正月初一；苹果原生日历通常已包含；默认关闭避免重复,
FALSE,lantern-festival-lunar2208,元宵节 Lantern Festival,2208/3/2,none,,apple-native-likely,农历2208年正月十五；苹果中国大陆日历可能已包含；默认关闭避免重复,
TRUE,dragon-heads-raising-lunar2208,龙抬头 Dragon Heads-raising Day,2208/3/18,none,,lunar,农历2208年二月初二；传统节日；保留,
FALSE,dragon-boat-lunar2208,端午节 Dragon Boat Festival,2208/6/18,none,,apple-native-likely,农历2208年五月初五；苹果原生日历通常已包含；默认关闭避免重复,
FALSE,qixi-lunar2208,七夕节 Qixi Festival,2208/8/18,none,,apple-native-likely,农历2208年七月初七；默认关闭,
TRUE,ghost-festival-lunar2208,中元节 Ghost Festival,2208/8/26,none,,lunar,农历2208年七月十五；中国传统节日,
FALSE,mid-autumn-lunar2208,中秋节 Mid-Autumn Festival,2208/9/25,none,,apple-native-likely,农历2208年八月十五；苹果原生日历通常已包含；默认关闭避免重复,
TRUE,double-ninth-lunar2208,重阳节 Double Ninth Festival,2208/10/19,none,,lunar,农历2208年九月初九；传统节日；保留,
TRUE,black-friday-2208,黑色星期五 Black Friday,2208/11/25,none,,business,美国感恩节后的星期五；按年份计算,
FALSE,laba-lunar2208,腊八节 Laba Festival,2209/1/14,none,,apple-native-likely,农历2208年十二月初八；传统节日；默认关闭,
FALSE,xiaonian-north-lunar2208,北方小年 Northern Little New Year,2209/1/29,none,,apple-native-likely,农历2208年十二月二十三；传统节日；默认关闭,
FALSE,xiaonian-south-lunar2208,南方小年 Southern Little New Year,2209/1/30,none,,apple-native-likely,农历2208年十二月二十四；传统节日；默认关闭,
FALSE,chuxi-lunar2208,除夕 Chinese New Year’s Eve,2209/2/5,none,,apple-native-likely,农历2208年腊月最后一天；苹果原生日历通常已包含；默认关闭避免重复,
FALSE,spring-festival-lunar2209,春节 Spring Festival,2209/2/6,none,,apple-native-likely,农历2209年正月初一；苹果原生日历通常已包含；默认关闭避免重复,
FALSE,lantern-festival-lunar2209,元宵节 Lantern Festival,2209/2/20,none,,apple-native-likely,农历2209年正月十五；苹果中国大陆日历可能已包含；默认关闭避免重复,
TRUE,dragon-heads-raising-lunar2209,龙抬头 Dragon Heads-raising Day,2209/3/8,none,,lunar,农历2209年二月初二；传统节日；保留,
FALSE,dragon-boat-lunar2209,端午节 Dragon Boat Festival,2209/6/7,none,,apple-native-likely,农历2209年五月初五；苹果原生日历通常已包含；默认关闭避免重复,
FALSE,qixi-lunar2209,七夕节 Qixi Festival,2209/8/7,none,,apple-native-likely,农历2209年七月初七；默认关闭,
TRUE,ghost-festival-lunar2209,中元节 Ghost Festival,2209/8/15,none,,lunar,农历2209年七月十五；中国传统节日,
FALSE,mid-autumn-lunar2209,中秋节 Mid-Autumn Festival,2209/9/14,none,,apple-native-likely,农历2209年八月十五；苹果原生日历通常已包含；默认关闭避免重复,
TRUE,double-ninth-lunar2209,重阳节 Double Ninth Festival,2209/10/8,none,,lunar,农历2209年九月初九；传统节日；保留,
TRUE,black-friday-2209,黑色星期五 Black Friday,2209/11/24,none,,business,美国感恩节后的星期五；按年份计算,
FALSE,laba-lunar2209,腊八节 Laba Festival,2210/1/4,none,,apple-native-likely,农历2209年十二月初八；传统节日；默认关闭,
FALSE,xiaonian-north-lunar2209,北方小年 Northern Little New Year,2210/1/19,none,,apple-native-likely,农历2209年十二月二十三；传统节日；默认关闭,
FALSE,xiaonian-south-lunar2209,南方小年 Southern Little New Year,2210/1/20,none,,apple-native-likely,农历2209年十二月二十四；传统节日；默认关闭,
FALSE,chuxi-lunar2209,除夕 Chinese New Year’s Eve,2210/1/25,none,,apple-native-likely,农历2209年腊月最后一天；苹果原生日历通常已包含；默认关闭避免重复,
FALSE,spring-festival-lunar2210,春节 Spring Festival,2210/1/26,none,,apple-native-likely,农历2210年正月初一；苹果原生日历通常已包含；默认关闭避免重复,
FALSE,lantern-festival-lunar2210,元宵节 Lantern Festival,2210/2/9,none,,apple-native-likely,农历2210年正月十五；苹果中国大陆日历可能已包含；默认关闭避免重复,
TRUE,dragon-heads-raising-lunar2210,龙抬头 Dragon Heads-raising Day,2210/2/26,none,,lunar,农历2210年二月初二；传统节日；保留,
FALSE,dragon-boat-lunar2210,端午节 Dragon Boat Festival,2210/6/26,none,,apple-native-likely,农历2210年五月初五；苹果原生日历通常已包含；默认关闭避免重复,
FALSE,qixi-lunar2210,七夕节 Qixi Festival,2210/8/26,none,,apple-native-likely,农历2210年七月初七；默认关闭,
TRUE,ghost-festival-lunar2210,中元节 Ghost Festival,2210/9/3,none,,lunar,农历2210年七月十五；中国传统节日,
FALSE,mid-autumn-lunar2210,中秋节 Mid-Autumn Festival,2210/10/3,none,,apple-native-likely,农历2210年八月十五；苹果原生日历通常已包含；默认关闭避免重复,
TRUE,double-ninth-lunar2210,重阳节 Double Ninth Festival,2210/10/27,none,,lunar,农历2210年九月初九；传统节日；保留,
TRUE,black-friday-2210,黑色星期五 Black Friday,2210/11/23,none,,business,美国感恩节后的星期五；按年份计算,
FALSE,laba-lunar2210,腊八节 Laba Festival,2211/1/23,none,,apple-native-likely,农历2210年十二月初八；传统节日；默认关闭,
FALSE,xiaonian-north-lunar2210,北方小年 Northern Little New Year,2211/2/7,none,,apple-native-likely,农历2210年十二月二十三；传统节日；默认关闭,
FALSE,xiaonian-south-lunar2210,南方小年 Southern Little New Year,2211/2/8,none,,apple-native-likely,农历2210年十二月二十四；传统节日；默认关闭,
FALSE,chuxi-lunar2210,除夕 Chinese New Year’s Eve,2211/2/13,none,,apple-native-likely,农历2210年腊月最后一天；苹果原生日历通常已包含；默认关闭避免重复,
FALSE,spring-festival-lunar2211,春节 Spring Festival,2211/2/14,none,,apple-native-likely,农历2211年正月初一；苹果原生日历通常已包含；默认关闭避免重复,
FALSE,lantern-festival-lunar2211,元宵节 Lantern Festival,2211/2/28,none,,apple-native-likely,农历2211年正月十五；苹果中国大陆日历可能已包含；默认关闭避免重复,
TRUE,dragon-heads-raising-lunar2211,龙抬头 Dragon Heads-raising Day,2211/3/17,none,,lunar,农历2211年二月初二；传统节日；保留,
FALSE,dragon-boat-lunar2211,端午节 Dragon Boat Festival,2211/6/16,none,,apple-native-likely,农历2211年五月初五；苹果原生日历通常已包含；默认关闭避免重复,
FALSE,qixi-lunar2211,七夕节 Qixi Festival,2211/8/15,none,,apple-native-likely,农历2211年七月初七；默认关闭,
TRUE,ghost-festival-lunar2211,中元节 Ghost Festival,2211/8/23,none,,lunar,农历2211年七月十五；中国传统节日,
FALSE,mid-autumn-lunar2211,中秋节 Mid-Autumn Festival,2211/9/22,none,,apple-native-likely,农历2211年八月十五；苹果原生日历通常已包含；默认关闭避免重复,
TRUE,double-ninth-lunar2211,重阳节 Double Ninth Festival,2211/10/16,none,,lunar,农历2211年九月初九；传统节日；保留,
TRUE,black-friday-2211,黑色星期五 Black Friday,2211/11/29,none,,business,美国感恩节后的星期五；按年份计算,
FALSE,laba-lunar2211,腊八节 Laba Festival,2212/1/12,none,,apple-native-likely,农历2211年十二月初八；传统节日；默认关闭,
FALSE,xiaonian-north-lunar2211,北方小年 Northern Little New Year,2212/1/27,none,,apple-native-likely,农历2211年十二月二十三；传统节日；默认关闭,
FALSE,xiaonian-south-lunar2211,南方小年 Southern Little New Year,2212/1/28,none,,apple-native-likely,农历2211年十二月二十四；传统节日；默认关闭,
FALSE,chuxi-lunar2211,除夕 Chinese New Year’s Eve,2212/2/3,none,,apple-native-likely,农历2211年腊月最后一天；苹果原生日历通常已包含；默认关闭避免重复,
FALSE,spring-festival-lunar2212,春节 Spring Festival,2212/2/4,none,,apple-native-likely,农历2212年正月初一；苹果原生日历通常已包含；默认关闭避免重复,
FALSE,lantern-festival-lunar2212,元宵节 Lantern Festival,2212/2/18,none,,apple-native-likely,农历2212年正月十五；苹果中国大陆日历可能已包含；默认关闭避免重复,
TRUE,dragon-heads-raising-lunar2212,龙抬头 Dragon Heads-raising Day,2212/3/5,none,,lunar,农历2212年二月初二；传统节日；保留,
FALSE,dragon-boat-lunar2212,端午节 Dragon Boat Festival,2212/6/4,none,,apple-native-likely,农历2212年五月初五；苹果原生日历通常已包含；默认关闭避免重复,
FALSE,qixi-lunar2212,七夕节 Qixi Festival,2212/8/4,none,,apple-native-likely,农历2212年七月初七；默认关闭,
TRUE,ghost-festival-lunar2212,中元节 Ghost Festival,2212/8/12,none,,lunar,农历2212年七月十五；中国传统节日,
FALSE,mid-autumn-lunar2212,中秋节 Mid-Autumn Festival,2212/9/10,none,,apple-native-likely,农历2212年八月十五；苹果原生日历通常已包含；默认关闭避免重复,
TRUE,double-ninth-lunar2212,重阳节 Double Ninth Festival,2212/10/4,none,,lunar,农历2212年九月初九；传统节日；保留,
TRUE,black-friday-2212,黑色星期五 Black Friday,2212/11/27,none,,business,美国感恩节后的星期五；按年份计算,
FALSE,laba-lunar2212,腊八节 Laba Festival,2212/12/31,none,,apple-native-likely,农历2212年十二月初八；传统节日；默认关闭,
FALSE,xiaonian-north-lunar2212,北方小年 Northern Little New Year,2213/1/15,none,,apple-native-likely,农历2212年十二月二十三；传统节日；默认关闭,
FALSE,xiaonian-south-lunar2212,南方小年 Southern Little New Year,2213/1/16,none,,apple-native-likely,农历2212年十二月二十四；传统节日；默认关闭,
FALSE,chuxi-lunar2212,除夕 Chinese New Year’s Eve,2213/1/22,none,,apple-native-likely,农历2212年腊月最后一天；苹果原生日历通常已包含；默认关闭避免重复,
FALSE,spring-festival-lunar2213,春节 Spring Festival,2213/1/23,none,,apple-native-likely,农历2213年正月初一；苹果原生日历通常已包含；默认关闭避免重复,
FALSE,lantern-festival-lunar2213,元宵节 Lantern Festival,2213/2/6,none,,apple-native-likely,农历2213年正月十五；苹果中国大陆日历可能已包含；默认关闭避免重复,
TRUE,dragon-heads-raising-lunar2213,龙抬头 Dragon Heads-raising Day,2213/2/22,none,,lunar,农历2213年二月初二；传统节日；保留,
FALSE,dragon-boat-lunar2213,端午节 Dragon Boat Festival,2213/6/23,none,,apple-native-likely,农历2213年五月初五；苹果原生日历通常已包含；默认关闭避免重复,
FALSE,qixi-lunar2213,七夕节 Qixi Festival,2213/8/23,none,,apple-native-likely,农历2213年七月初七；默认关闭,
TRUE,ghost-festival-lunar2213,中元节 Ghost Festival,2213/8/31,none,,lunar,农历2213年七月十五；中国传统节日,
FALSE,mid-autumn-lunar2213,中秋节 Mid-Autumn Festival,2213/9/29,none,,apple-native-likely,农历2213年八月十五；苹果原生日历通常已包含；默认关闭避免重复,
TRUE,double-ninth-lunar2213,重阳节 Double Ninth Festival,2213/10/23,none,,lunar,农历2213年九月初九；传统节日；保留,
TRUE,black-friday-2213,黑色星期五 Black Friday,2213/11/26,none,,business,美国感恩节后的星期五；按年份计算,
FALSE,laba-lunar2213,腊八节 Laba Festival,2214/1/19,none,,apple-native-likely,农历2213年十二月初八；传统节日；默认关闭,
FALSE,xiaonian-north-lunar2213,北方小年 Northern Little New Year,2214/2/3,none,,apple-native-likely,农历2213年十二月二十三；传统节日；默认关闭,
FALSE,xiaonian-south-lunar2213,南方小年 Southern Little New Year,2214/2/4,none,,apple-native-likely,农历2213年十二月二十四；传统节日；默认关闭,
FALSE,chuxi-lunar2213,除夕 Chinese New Year’s Eve,2214/2/9,none,,apple-native-likely,农历2213年腊月最后一天；苹果原生日历通常已包含；默认关闭避免重复,
FALSE,spring-festival-lunar2214,春节 Spring Festival,2214/2/10,none,,apple-native-likely,农历2214年正月初一；苹果原生日历通常已包含；默认关闭避免重复,
FALSE,lantern-festival-lunar2214,元宵节 Lantern Festival,2214/2/24,none,,apple-native-likely,农历2214年正月十五；苹果中国大陆日历可能已包含；默认关闭避免重复,
TRUE,dragon-heads-raising-lunar2214,龙抬头 Dragon Heads-raising Day,2214/3/13,none,,lunar,农历2214年二月初二；传统节日；保留,
FALSE,dragon-boat-lunar2214,端午节 Dragon Boat Festival,2214/6/13,none,,apple-native-likely,农历2214年五月初五；苹果原生日历通常已包含；默认关闭避免重复,
FALSE,qixi-lunar2214,七夕节 Qixi Festival,2214/8/13,none,,apple-native-likely,农历2214年七月初七；默认关闭,
TRUE,ghost-festival-lunar2214,中元节 Ghost Festival,2214/8/21,none,,lunar,农历2214年七月十五；中国传统节日,
FALSE,mid-autumn-lunar2214,中秋节 Mid-Autumn Festival,2214/9/19,none,,apple-native-likely,农历2214年八月十五；苹果原生日历通常已包含；默认关闭避免重复,
TRUE,double-ninth-lunar2214,重阳节 Double Ninth Festival,2214/10/12,none,,lunar,农历2214年九月初九；传统节日；保留,
TRUE,black-friday-2214,黑色星期五 Black Friday,2214/11/25,none,,business,美国感恩节后的星期五；按年份计算,
FALSE,laba-lunar2214,腊八节 Laba Festival,2215/1/8,none,,apple-native-likely,农历2214年十二月初八；传统节日；默认关闭,
FALSE,xiaonian-north-lunar2214,北方小年 Northern Little New Year,2215/1/23,none,,apple-native-likely,农历2214年十二月二十三；传统节日；默认关闭,
FALSE,xiaonian-south-lunar2214,南方小年 Southern Little New Year,2215/1/24,none,,apple-native-likely,农历2214年十二月二十四；传统节日；默认关闭,
FALSE,chuxi-lunar2214,除夕 Chinese New Year’s Eve,2215/1/29,none,,apple-native-likely,农历2214年腊月最后一天；苹果原生日历通常已包含；默认关闭避免重复,
FALSE,spring-festival-lunar2215,春节 Spring Festival,2215/1/30,none,,apple-native-likely,农历2215年正月初一；苹果原生日历通常已包含；默认关闭避免重复,
FALSE,lantern-festival-lunar2215,元宵节 Lantern Festival,2215/2/13,none,,apple-native-likely,农历2215年正月十五；苹果中国大陆日历可能已包含；默认关闭避免重复,
TRUE,dragon-heads-raising-lunar2215,龙抬头 Dragon Heads-raising Day,2215/3/2,none,,lunar,农历2215年二月初二；传统节日；保留,
FALSE,dragon-boat-lunar2215,端午节 Dragon Boat Festival,2215/6/2,none,,apple-native-likely,农历2215年五月初五；苹果原生日历通常已包含；默认关闭避免重复,
FALSE,qixi-lunar2215,七夕节 Qixi Festival,2215/8/2,none,,apple-native-likely,农历2215年七月初七；默认关闭,
TRUE,ghost-festival-lunar2215,中元节 Ghost Festival,2215/8/10,none,,lunar,农历2215年七月十五；中国传统节日,
FALSE,mid-autumn-lunar2215,中秋节 Mid-Autumn Festival,2215/10/8,none,,apple-native-likely,农历2215年八月十五；苹果原生日历通常已包含；默认关闭避免重复,
TRUE,double-ninth-lunar2215,重阳节 Double Ninth Festival,2215/10/31,none,,lunar,农历2215年九月初九；传统节日；保留,
TRUE,black-friday-2215,黑色星期五 Black Friday,2215/11/24,none,,business,美国感恩节后的星期五；按年份计算,
FALSE,laba-lunar2215,腊八节 Laba Festival,2216/1/27,none,,apple-native-likely,农历2215年十二月初八；传统节日；默认关闭,
FALSE,xiaonian-north-lunar2215,北方小年 Northern Little New Year,2216/2/11,none,,apple-native-likely,农历2215年十二月二十三；传统节日；默认关闭,
FALSE,xiaonian-south-lunar2215,南方小年 Southern Little New Year,2216/2/12,none,,apple-native-likely,农历2215年十二月二十四；传统节日；默认关闭,
FALSE,chuxi-lunar2215,除夕 Chinese New Year’s Eve,2216/2/17,none,,apple-native-likely,农历2215年腊月最后一天；苹果原生日历通常已包含；默认关闭避免重复,
FALSE,spring-festival-lunar2216,春节 Spring Festival,2216/2/18,none,,apple-native-likely,农历2216年正月初一；苹果原生日历通常已包含；默认关闭避免重复,
FALSE,lantern-festival-lunar2216,元宵节 Lantern Festival,2216/3/3,none,,apple-native-likely,农历2216年正月十五；苹果中国大陆日历可能已包含；默认关闭避免重复,
TRUE,dragon-heads-raising-lunar2216,龙抬头 Dragon Heads-raising Day,2216/3/20,none,,lunar,农历2216年二月初二；传统节日；保留,
FALSE,dragon-boat-lunar2216,端午节 Dragon Boat Festival,2216/6/20,none,,apple-native-likely,农历2216年五月初五；苹果原生日历通常已包含；默认关闭避免重复,
FALSE,qixi-lunar2216,七夕节 Qixi Festival,2216/8/20,none,,apple-native-likely,农历2216年七月初七；默认关闭,
TRUE,ghost-festival-lunar2216,中元节 Ghost Festival,2216/8/28,none,,lunar,农历2216年七月十五；中国传统节日,
FALSE,mid-autumn-lunar2216,中秋节 Mid-Autumn Festival,2216/9/27,none,,apple-native-likely,农历2216年八月十五；苹果原生日历通常已包含；默认关闭避免重复,
TRUE,double-ninth-lunar2216,重阳节 Double Ninth Festival,2216/10/20,none,,lunar,农历2216年九月初九；传统节日；保留,
TRUE,black-friday-2216,黑色星期五 Black Friday,2216/11/29,none,,business,美国感恩节后的星期五；按年份计算,
FALSE,laba-lunar2216,腊八节 Laba Festival,2217/1/15,none,,apple-native-likely,农历2216年十二月初八；传统节日；默认关闭,
FALSE,xiaonian-north-lunar2216,北方小年 Northern Little New Year,2217/1/30,none,,apple-native-likely,农历2216年十二月二十三；传统节日；默认关闭,
FALSE,xiaonian-south-lunar2216,南方小年 Southern Little New Year,2217/1/31,none,,apple-native-likely,农历2216年十二月二十四；传统节日；默认关闭,
FALSE,chuxi-lunar2216,除夕 Chinese New Year’s Eve,2217/2/6,none,,apple-native-likely,农历2216年腊月最后一天；苹果原生日历通常已包含；默认关闭避免重复,
FALSE,spring-festival-lunar2217,春节 Spring Festival,2217/2/7,none,,apple-native-likely,农历2217年正月初一；苹果原生日历通常已包含；默认关闭避免重复,
FALSE,lantern-festival-lunar2217,元宵节 Lantern Festival,2217/2/21,none,,apple-native-likely,农历2217年正月十五；苹果中国大陆日历可能已包含；默认关闭避免重复,
TRUE,dragon-heads-raising-lunar2217,龙抬头 Dragon Heads-raising Day,2217/3/9,none,,lunar,农历2217年二月初二；传统节日；保留,
FALSE,dragon-boat-lunar2217,端午节 Dragon Boat Festival,2217/6/9,none,,apple-native-likely,农历2217年五月初五；苹果原生日历通常已包含；默认关闭避免重复,
FALSE,qixi-lunar2217,七夕节 Qixi Festival,2217/8/9,none,,apple-native-likely,农历2217年七月初七；默认关闭,
TRUE,ghost-festival-lunar2217,中元节 Ghost Festival,2217/8/17,none,,lunar,农历2217年七月十五；中国传统节日,
FALSE,mid-autumn-lunar2217,中秋节 Mid-Autumn Festival,2217/9/16,none,,apple-native-likely,农历2217年八月十五；苹果原生日历通常已包含；默认关闭避免重复,
TRUE,double-ninth-lunar2217,重阳节 Double Ninth Festival,2217/10/10,none,,lunar,农历2217年九月初九；传统节日；保留,
TRUE,black-friday-2217,黑色星期五 Black Friday,2217/11/28,none,,business,美国感恩节后的星期五；按年份计算,
FALSE,laba-lunar2217,腊八节 Laba Festival,2218/1/5,none,,apple-native-likely,农历2217年十二月初八；传统节日；默认关闭,
FALSE,xiaonian-north-lunar2217,北方小年 Northern Little New Year,2218/1/20,none,,apple-native-likely,农历2217年十二月二十三；传统节日；默认关闭,
FALSE,xiaonian-south-lunar2217,南方小年 Southern Little New Year,2218/1/21,none,,apple-native-likely,农历2217年十二月二十四；传统节日；默认关闭,
FALSE,chuxi-lunar2217,除夕 Chinese New Year’s Eve,2218/1/27,none,,apple-native-likely,农历2217年腊月最后一天；苹果原生日历通常已包含；默认关闭避免重复,
FALSE,spring-festival-lunar2218,春节 Spring Festival,2218/1/28,none,,apple-native-likely,农历2218年正月初一；苹果原生日历通常已包含；默认关闭避免重复,
FALSE,lantern-festival-lunar2218,元宵节 Lantern Festival,2218/2/11,none,,apple-native-likely,农历2218年正月十五；苹果中国大陆日历可能已包含；默认关闭避免重复,
TRUE,dragon-heads-raising-lunar2218,龙抬头 Dragon Heads-raising Day,2218/2/27,none,,lunar,农历2218年二月初二；传统节日；保留,
FALSE,dragon-boat-lunar2218,端午节 Dragon Boat Festival,2218/5/29,none,,apple-native-likely,农历2218年五月初五；苹果原生日历通常已包含；默认关闭避免重复,
FALSE,qixi-lunar2218,七夕节 Qixi Festival,2218/8/28,none,,apple-native-likely,农历2218年七月初七；默认关闭,
TRUE,ghost-festival-lunar2218,中元节 Ghost Festival,2218/9/5,none,,lunar,农历2218年七月十五；中国传统节日,
FALSE,mid-autumn-lunar2218,中秋节 Mid-Autumn Festival,2218/10/5,none,,apple-native-likely,农历2218年八月十五；苹果原生日历通常已包含；默认关闭避免重复,
TRUE,double-ninth-lunar2218,重阳节 Double Ninth Festival,2218/10/28,none,,lunar,农历2218年九月初九；传统节日；保留,
TRUE,black-friday-2218,黑色星期五 Black Friday,2218/11/27,none,,business,美国感恩节后的星期五；按年份计算,
FALSE,laba-lunar2218,腊八节 Laba Festival,2219/1/24,none,,apple-native-likely,农历2218年十二月初八；传统节日；默认关闭,
FALSE,xiaonian-north-lunar2218,北方小年 Northern Little New Year,2219/2/8,none,,apple-native-likely,农历2218年十二月二十三；传统节日；默认关闭,
FALSE,xiaonian-south-lunar2218,南方小年 Southern Little New Year,2219/2/9,none,,apple-native-likely,农历2218年十二月二十四；传统节日；默认关闭,
FALSE,chuxi-lunar2218,除夕 Chinese New Year’s Eve,2219/2/15,none,,apple-native-likely,农历2218年腊月最后一天；苹果原生日历通常已包含；默认关闭避免重复,
FALSE,spring-festival-lunar2219,春节 Spring Festival,2219/2/16,none,,apple-native-likely,农历2219年正月初一；苹果原生日历通常已包含；默认关闭避免重复,
FALSE,lantern-festival-lunar2219,元宵节 Lantern Festival,2219/3/2,none,,apple-native-likely,农历2219年正月十五；苹果中国大陆日历可能已包含；默认关闭避免重复,
TRUE,dragon-heads-raising-lunar2219,龙抬头 Dragon Heads-raising Day,2219/3/18,none,,lunar,农历2219年二月初二；传统节日；保留,
FALSE,dragon-boat-lunar2219,端午节 Dragon Boat Festival,2219/6/17,none,,apple-native-likely,农历2219年五月初五；苹果原生日历通常已包含；默认关闭避免重复,
FALSE,qixi-lunar2219,七夕节 Qixi Festival,2219/8/17,none,,apple-native-likely,农历2219年七月初七；默认关闭,
TRUE,ghost-festival-lunar2219,中元节 Ghost Festival,2219/8/25,none,,lunar,农历2219年七月十五；中国传统节日,
FALSE,mid-autumn-lunar2219,中秋节 Mid-Autumn Festival,2219/9/24,none,,apple-native-likely,农历2219年八月十五；苹果原生日历通常已包含；默认关闭避免重复,
TRUE,double-ninth-lunar2219,重阳节 Double Ninth Festival,2219/10/17,none,,lunar,农历2219年九月初九；传统节日；保留,
TRUE,black-friday-2219,黑色星期五 Black Friday,2219/11/26,none,,business,美国感恩节后的星期五；按年份计算,
FALSE,laba-lunar2219,腊八节 Laba Festival,2220/1/14,none,,apple-native-likely,农历2219年十二月初八；传统节日；默认关闭,
FALSE,xiaonian-north-lunar2219,北方小年 Northern Little New Year,2220/1/29,none,,apple-native-likely,农历2219年十二月二十三；传统节日；默认关闭,
FALSE,xiaonian-south-lunar2219,南方小年 Southern Little New Year,2220/1/30,none,,apple-native-likely,农历2219年十二月二十四；传统节日；默认关闭,
FALSE,chuxi-lunar2219,除夕 Chinese New Year’s Eve,2220/2/4,none,,apple-native-likely,农历2219年腊月最后一天；苹果原生日历通常已包含；默认关闭避免重复,
FALSE,spring-festival-lunar2220,春节 Spring Festival,2220/2/5,none,,apple-native-likely,农历2220年正月初一；苹果原生日历通常已包含；默认关闭避免重复,
FALSE,lantern-festival-lunar2220,元宵节 Lantern Festival,2220/2/19,none,,apple-native-likely,农历2220年正月十五；苹果中国大陆日历可能已包含；默认关闭避免重复,
TRUE,dragon-heads-raising-lunar2220,龙抬头 Dragon Heads-raising Day,2220/3/7,none,,lunar,农历2220年二月初二；传统节日；保留,
FALSE,dragon-boat-lunar2220,端午节 Dragon Boat Festival,2220/6/6,none,,apple-native-likely,农历2220年五月初五；苹果原生日历通常已包含；默认关闭避免重复,
FALSE,qixi-lunar2220,七夕节 Qixi Festival,2220/8/5,none,,apple-native-likely,农历2220年七月初七；默认关闭,
TRUE,ghost-festival-lunar2220,中元节 Ghost Festival,2220/8/13,none,,lunar,农历2220年七月十五；中国传统节日,
FALSE,mid-autumn-lunar2220,中秋节 Mid-Autumn Festival,2220/9/12,none,,apple-native-likely,农历2220年八月十五；苹果原生日历通常已包含；默认关闭避免重复,
TRUE,double-ninth-lunar2220,重阳节 Double Ninth Festival,2220/10/5,none,,lunar,农历2220年九月初九；传统节日；保留,
TRUE,black-friday-2220,黑色星期五 Black Friday,2220/11/24,none,,business,美国感恩节后的星期五；按年份计算,
FALSE,laba-lunar2220,腊八节 Laba Festival,2221/1/2,none,,apple-native-likely,农历2220年十二月初八；传统节日；默认关闭,
FALSE,xiaonian-north-lunar2220,北方小年 Northern Little New Year,2221/1/17,none,,apple-native-likely,农历2220年十二月二十三；传统节日；默认关闭,
FALSE,xiaonian-south-lunar2220,南方小年 Southern Little New Year,2221/1/18,none,,apple-native-likely,农历2220年十二月二十四；传统节日；默认关闭,
FALSE,chuxi-lunar2220,除夕 Chinese New Year’s Eve,2221/1/23,none,,apple-native-likely,农历2220年腊月最后一天；苹果原生日历通常已包含；默认关闭避免重复,
FALSE,spring-festival-lunar2221,春节 Spring Festival,2221/1/24,none,,apple-native-likely,农历2221年正月初一；苹果原生日历通常已包含；默认关闭避免重复,
FALSE,lantern-festival-lunar2221,元宵节 Lantern Festival,2221/2/7,none,,apple-native-likely,农历2221年正月十五；苹果中国大陆日历可能已包含；默认关闭避免重复,
TRUE,dragon-heads-raising-lunar2221,龙抬头 Dragon Heads-raising Day,2221/2/24,none,,lunar,农历2221年二月初二；传统节日；保留,
FALSE,dragon-boat-lunar2221,端午节 Dragon Boat Festival,2221/6/25,none,,apple-native-likely,农历2221年五月初五；苹果原生日历通常已包含；默认关闭避免重复,
FALSE,qixi-lunar2221,七夕节 Qixi Festival,2221/8/24,none,,apple-native-likely,农历2221年七月初七；默认关闭,
TRUE,ghost-festival-lunar2221,中元节 Ghost Festival,2221/9/1,none,,lunar,农历2221年七月十五；中国传统节日,
FALSE,mid-autumn-lunar2221,中秋节 Mid-Autumn Festival,2221/10/1,none,,apple-native-likely,农历2221年八月十五；苹果原生日历通常已包含；默认关闭避免重复,
TRUE,double-ninth-lunar2221,重阳节 Double Ninth Festival,2221/10/24,none,,lunar,农历2221年九月初九；传统节日；保留,
TRUE,black-friday-2221,黑色星期五 Black Friday,2221/11/23,none,,business,美国感恩节后的星期五；按年份计算,
FALSE,laba-lunar2221,腊八节 Laba Festival,2222/1/20,none,,apple-native-likely,农历2221年十二月初八；传统节日；默认关闭,
FALSE,xiaonian-north-lunar2221,北方小年 Northern Little New Year,2222/2/4,none,,apple-native-likely,农历2221年十二月二十三；传统节日；默认关闭,
FALSE,xiaonian-south-lunar2221,南方小年 Southern Little New Year,2222/2/5,none,,apple-native-likely,农历2221年十二月二十四；传统节日；默认关闭,
FALSE,chuxi-lunar2221,除夕 Chinese New Year’s Eve,2222/2/11,none,,apple-native-likely,农历2221年腊月最后一天；苹果原生日历通常已包含；默认关闭避免重复,
FALSE,spring-festival-lunar2222,春节 Spring Festival,2222/2/12,none,,apple-native-likely,农历2222年正月初一；苹果原生日历通常已包含；默认关闭避免重复,
FALSE,lantern-festival-lunar2222,元宵节 Lantern Festival,2222/2/26,none,,apple-native-likely,农历2222年正月十五；苹果中国大陆日历可能已包含；默认关闭避免重复,
TRUE,dragon-heads-raising-lunar2222,龙抬头 Dragon Heads-raising Day,2222/3/15,none,,lunar,农历2222年二月初二；传统节日；保留,
FALSE,dragon-boat-lunar2222,端午节 Dragon Boat Festival,2222/6/14,none,,apple-native-likely,农历2222年五月初五；苹果原生日历通常已包含；默认关闭避免重复,
FALSE,qixi-lunar2222,七夕节 Qixi Festival,2222/8/14,none,,apple-native-likely,农历2222年七月初七；默认关闭,
TRUE,ghost-festival-lunar2222,中元节 Ghost Festival,2222/8/22,none,,lunar,农历2222年七月十五；中国传统节日,
FALSE,mid-autumn-lunar2222,中秋节 Mid-Autumn Festival,2222/9/20,none,,apple-native-likely,农历2222年八月十五；苹果原生日历通常已包含；默认关闭避免重复,
TRUE,double-ninth-lunar2222,重阳节 Double Ninth Festival,2222/10/14,none,,lunar,农历2222年九月初九；传统节日；保留,
TRUE,black-friday-2222,黑色星期五 Black Friday,2222/11/29,none,,business,美国感恩节后的星期五；按年份计算,
FALSE,laba-lunar2222,腊八节 Laba Festival,2223/1/9,none,,apple-native-likely,农历2222年十二月初八；传统节日；默认关闭,
FALSE,xiaonian-north-lunar2222,北方小年 Northern Little New Year,2223/1/24,none,,apple-native-likely,农历2222年十二月二十三；传统节日；默认关闭,
FALSE,xiaonian-south-lunar2222,南方小年 Southern Little New Year,2223/1/25,none,,apple-native-likely,农历2222年十二月二十四；传统节日；默认关闭,
FALSE,chuxi-lunar2222,除夕 Chinese New Year’s Eve,2223/1/31,none,,apple-native-likely,农历2222年腊月最后一天；苹果原生日历通常已包含；默认关闭避免重复,
FALSE,spring-festival-lunar2223,春节 Spring Festival,2223/2/1,none,,apple-native-likely,农历2223年正月初一；苹果原生日历通常已包含；默认关闭避免重复,
FALSE,lantern-festival-lunar2223,元宵节 Lantern Festival,2223/2/15,none,,apple-native-likely,农历2223年正月十五；苹果中国大陆日历可能已包含；默认关闭避免重复,
TRUE,dragon-heads-raising-lunar2223,龙抬头 Dragon Heads-raising Day,2223/3/4,none,,lunar,农历2223年二月初二；传统节日；保留,
FALSE,dragon-boat-lunar2223,端午节 Dragon Boat Festival,2223/6/4,none,,apple-native-likely,农历2223年五月初五；苹果原生日历通常已包含；默认关闭避免重复,
FALSE,qixi-lunar2223,七夕节 Qixi Festival,2223/8/4,none,,apple-native-likely,农历2223年七月初七；默认关闭,
TRUE,ghost-festival-lunar2223,中元节 Ghost Festival,2223/8/12,none,,lunar,农历2223年七月十五；中国传统节日,
FALSE,mid-autumn-lunar2223,中秋节 Mid-Autumn Festival,2223/9/10,none,,apple-native-likely,农历2223年八月十五；苹果原生日历通常已包含；默认关闭避免重复,
TRUE,double-ninth-lunar2223,重阳节 Double Ninth Festival,2223/10/3,none,,lunar,农历2223年九月初九；传统节日；保留,
TRUE,black-friday-2223,黑色星期五 Black Friday,2223/11/28,none,,business,美国感恩节后的星期五；按年份计算,
FALSE,laba-lunar2223,腊八节 Laba Festival,2224/1/28,none,,apple-native-likely,农历2223年十二月初八；传统节日；默认关闭,
FALSE,xiaonian-north-lunar2223,北方小年 Northern Little New Year,2224/2/12,none,,apple-native-likely,农历2223年十二月二十三；传统节日；默认关闭,
FALSE,xiaonian-south-lunar2223,南方小年 Southern Little New Year,2224/2/13,none,,apple-native-likely,农历2223年十二月二十四；传统节日；默认关闭,
FALSE,chuxi-lunar2223,除夕 Chinese New Year’s Eve,2224/2/19,none,,apple-native-likely,农历2223年腊月最后一天；苹果原生日历通常已包含；默认关闭避免重复,
FALSE,spring-festival-lunar2224,春节 Spring Festival,2224/2/20,none,,apple-native-likely,农历2224年正月初一；苹果原生日历通常已包含；默认关闭避免重复,
FALSE,lantern-festival-lunar2224,元宵节 Lantern Festival,2224/3/5,none,,apple-native-likely,农历2224年正月十五；苹果中国大陆日历可能已包含；默认关闭避免重复,
TRUE,dragon-heads-raising-lunar2224,龙抬头 Dragon Heads-raising Day,2224/3/22,none,,lunar,农历2224年二月初二；传统节日；保留,
FALSE,dragon-boat-lunar2224,端午节 Dragon Boat Festival,2224/6/22,none,,apple-native-likely,农历2224年五月初五；苹果原生日历通常已包含；默认关闭避免重复,
FALSE,qixi-lunar2224,七夕节 Qixi Festival,2224/8/22,none,,apple-native-likely,农历2224年七月初七；默认关闭,
TRUE,ghost-festival-lunar2224,中元节 Ghost Festival,2224/8/30,none,,lunar,农历2224年七月十五；中国传统节日,
FALSE,mid-autumn-lunar2224,中秋节 Mid-Autumn Festival,2224/9/28,none,,apple-native-likely,农历2224年八月十五；苹果原生日历通常已包含；默认关闭避免重复,
TRUE,double-ninth-lunar2224,重阳节 Double Ninth Festival,2224/10/21,none,,lunar,农历2224年九月初九；传统节日；保留,
TRUE,black-friday-2224,黑色星期五 Black Friday,2224/11/26,none,,business,美国感恩节后的星期五；按年份计算,
FALSE,laba-lunar2224,腊八节 Laba Festival,2225/1/17,none,,apple-native-likely,农历2224年十二月初八；传统节日；默认关闭,
FALSE,xiaonian-north-lunar2224,北方小年 Northern Little New Year,2225/2/1,none,,apple-native-likely,农历2224年十二月二十三；传统节日；默认关闭,
FALSE,xiaonian-south-lunar2224,南方小年 Southern Little New Year,2225/2/2,none,,apple-native-likely,农历2224年十二月二十四；传统节日；默认关闭,
FALSE,chuxi-lunar2224,除夕 Chinese New Year’s Eve,2225/2/7,none,,apple-native-likely,农历2224年腊月最后一天；苹果原生日历通常已包含；默认关闭避免重复,
FALSE,spring-festival-lunar2225,春节 Spring Festival,2225/2/8,none,,apple-native-likely,农历2225年正月初一；苹果原生日历通常已包含；默认关闭避免重复,
FALSE,lantern-festival-lunar2225,元宵节 Lantern Festival,2225/2/22,none,,apple-native-likely,农历2225年正月十五；苹果中国大陆日历可能已包含；默认关闭避免重复,
TRUE,dragon-heads-raising-lunar2225,龙抬头 Dragon Heads-raising Day,2225/3/11,none,,lunar,农历2225年二月初二；传统节日；保留,
FALSE,dragon-boat-lunar2225,端午节 Dragon Boat Festival,2225/6/11,none,,apple-native-likely,农历2225年五月初五；苹果原生日历通常已包含；默认关闭避免重复,
FALSE,qixi-lunar2225,七夕节 Qixi Festival,2225/8/11,none,,apple-native-likely,农历2225年七月初七；默认关闭,
TRUE,ghost-festival-lunar2225,中元节 Ghost Festival,2225/8/19,none,,lunar,农历2225年七月十五；中国传统节日,
FALSE,mid-autumn-lunar2225,中秋节 Mid-Autumn Festival,2225/9/18,none,,apple-native-likely,农历2225年八月十五；苹果原生日历通常已包含；默认关闭避免重复,
TRUE,double-ninth-lunar2225,重阳节 Double Ninth Festival,2225/10/11,none,,lunar,农历2225年九月初九；传统节日；保留,
TRUE,black-friday-2225,黑色星期五 Black Friday,2225/11/25,none,,business,美国感恩节后的星期五；按年份计算,
FALSE,laba-lunar2225,腊八节 Laba Festival,2226/1/6,none,,apple-native-likely,农历2225年十二月初八；传统节日；默认关闭,
FALSE,xiaonian-north-lunar2225,北方小年 Northern Little New Year,2226/1/21,none,,apple-native-likely,农历2225年十二月二十三；传统节日；默认关闭,
FALSE,xiaonian-south-lunar2225,南方小年 Southern Little New Year,2226/1/22,none,,apple-native-likely,农历2225年十二月二十四；传统节日；默认关闭,
FALSE,chuxi-lunar2225,除夕 Chinese New Year’s Eve,2226/1/28,none,,apple-native-likely,农历2225年腊月最后一天；苹果原生日历通常已包含；默认关闭避免重复,
FALSE,spring-festival-lunar2226,春节 Spring Festival,2226/1/29,none,,apple-native-likely,农历2226年正月初一；苹果原生日历通常已包含；默认关闭避免重复,
FALSE,lantern-festival-lunar2226,元宵节 Lantern Festival,2226/2/12,none,,apple-native-likely,农历2226年正月十五；苹果中国大陆日历可能已包含；默认关闭避免重复,
TRUE,dragon-heads-raising-lunar2226,龙抬头 Dragon Heads-raising Day,2226/2/28,none,,lunar,农历2226年二月初二；传统节日；保留,
FALSE,dragon-boat-lunar2226,端午节 Dragon Boat Festival,2226/5/31,none,,apple-native-likely,农历2226年五月初五；苹果原生日历通常已包含；默认关闭避免重复,
FALSE,qixi-lunar2226,七夕节 Qixi Festival,2226/7/31,none,,apple-native-likely,农历2226年七月初七；默认关闭,
TRUE,ghost-festival-lunar2226,中元节 Ghost Festival,2226/8/8,none,,lunar,农历2226年七月十五；中国传统节日,
FALSE,mid-autumn-lunar2226,中秋节 Mid-Autumn Festival,2226/10/6,none,,apple-native-likely,农历2226年八月十五；苹果原生日历通常已包含；默认关闭避免重复,
TRUE,double-ninth-lunar2226,重阳节 Double Ninth Festival,2226/10/30,none,,lunar,农历2226年九月初九；传统节日；保留,
TRUE,black-friday-2226,黑色星期五 Black Friday,2226/11/24,none,,business,美国感恩节后的星期五；按年份计算,
FALSE,laba-lunar2226,腊八节 Laba Festival,2227/1/26,none,,apple-native-likely,农历2226年十二月初八；传统节日；默认关闭,
FALSE,xiaonian-north-lunar2226,北方小年 Northern Little New Year,2227/2/10,none,,apple-native-likely,农历2226年十二月二十三；传统节日；默认关闭,
FALSE,xiaonian-south-lunar2226,南方小年 Southern Little New Year,2227/2/11,none,,apple-native-likely,农历2226年十二月二十四；传统节日；默认关闭,
FALSE,chuxi-lunar2226,除夕 Chinese New Year’s Eve,2227/2/16,none,,apple-native-likely,农历2226年腊月最后一天；苹果原生日历通常已包含；默认关闭避免重复,
FALSE,spring-festival-lunar2227,春节 Spring Festival,2227/2/17,none,,apple-native-likely,农历2227年正月初一；苹果原生日历通常已包含；默认关闭避免重复,
FALSE,lantern-festival-lunar2227,元宵节 Lantern Festival,2227/3/3,none,,apple-native-likely,农历2227年正月十五；苹果中国大陆日历可能已包含；默认关闭避免重复,
TRUE,dragon-heads-raising-lunar2227,龙抬头 Dragon Heads-raising Day,2227/3/19,none,,lunar,农历2227年二月初二；传统节日；保留,
FALSE,dragon-boat-lunar2227,端午节 Dragon Boat Festival,2227/6/19,none,,apple-native-likely,农历2227年五月初五；苹果原生日历通常已包含；默认关闭避免重复,
FALSE,qixi-lunar2227,七夕节 Qixi Festival,2227/8/19,none,,apple-native-likely,农历2227年七月初七；默认关闭,
TRUE,ghost-festival-lunar2227,中元节 Ghost Festival,2227/8/27,none,,lunar,农历2227年七月十五；中国传统节日,
FALSE,mid-autumn-lunar2227,中秋节 Mid-Autumn Festival,2227/9/25,none,,apple-native-likely,农历2227年八月十五；苹果原生日历通常已包含；默认关闭避免重复,
TRUE,double-ninth-lunar2227,重阳节 Double Ninth Festival,2227/10/19,none,,lunar,农历2227年九月初九；传统节日；保留,
TRUE,black-friday-2227,黑色星期五 Black Friday,2227/11/23,none,,business,美国感恩节后的星期五；按年份计算,
FALSE,laba-lunar2227,腊八节 Laba Festival,2228/1/15,none,,apple-native-likely,农历2227年十二月初八；传统节日；默认关闭,
FALSE,xiaonian-north-lunar2227,北方小年 Northern Little New Year,2228/1/30,none,,apple-native-likely,农历2227年十二月二十三；传统节日；默认关闭,
FALSE,xiaonian-south-lunar2227,南方小年 Southern Little New Year,2228/1/31,none,,apple-native-likely,农历2227年十二月二十四；传统节日；默认关闭,
FALSE,chuxi-lunar2227,除夕 Chinese New Year’s Eve,2228/2/6,none,,apple-native-likely,农历2227年腊月最后一天；苹果原生日历通常已包含；默认关闭避免重复,
FALSE,spring-festival-lunar2228,春节 Spring Festival,2228/2/7,none,,apple-native-likely,农历2228年正月初一；苹果原生日历通常已包含；默认关闭避免重复,
FALSE,lantern-festival-lunar2228,元宵节 Lantern Festival,2228/2/21,none,,apple-native-likely,农历2228年正月十五；苹果中国大陆日历可能已包含；默认关闭避免重复,
TRUE,dragon-heads-raising-lunar2228,龙抬头 Dragon Heads-raising Day,2228/3/8,none,,lunar,农历2228年二月初二；传统节日；保留,
FALSE,dragon-boat-lunar2228,端午节 Dragon Boat Festival,2228/6/7,none,,apple-native-likely,农历2228年五月初五；苹果原生日历通常已包含；默认关闭避免重复,
FALSE,qixi-lunar2228,七夕节 Qixi Festival,2228/8/7,none,,apple-native-likely,农历2228年七月初七；默认关闭,
TRUE,ghost-festival-lunar2228,中元节 Ghost Festival,2228/8/15,none,,lunar,农历2228年七月十五；中国传统节日,
FALSE,mid-autumn-lunar2228,中秋节 Mid-Autumn Festival,2228/9/13,none,,apple-native-likely,农历2228年八月十五；苹果原生日历通常已包含；默认关闭避免重复,
TRUE,double-ninth-lunar2228,重阳节 Double Ninth Festival,2228/10/7,none,,lunar,农历2228年九月初九；传统节日；保留,
TRUE,black-friday-2228,黑色星期五 Black Friday,2228/11/28,none,,business,美国感恩节后的星期五；按年份计算,
FALSE,laba-lunar2228,腊八节 Laba Festival,2229/1/3,none,,apple-native-likely,农历2228年十二月初八；传统节日；默认关闭,
FALSE,xiaonian-north-lunar2228,北方小年 Northern Little New Year,2229/1/18,none,,apple-native-likely,农历2228年十二月二十三；传统节日；默认关闭,
FALSE,xiaonian-south-lunar2228,南方小年 Southern Little New Year,2229/1/19,none,,apple-native-likely,农历2228年十二月二十四；传统节日；默认关闭,
FALSE,chuxi-lunar2228,除夕 Chinese New Year’s Eve,2229/1/25,none,,apple-native-likely,农历2228年腊月最后一天；苹果原生日历通常已包含；默认关闭避免重复,
FALSE,spring-festival-lunar2229,春节 Spring Festival,2229/1/26,none,,apple-native-likely,农历2229年正月初一；苹果原生日历通常已包含；默认关闭避免重复,
FALSE,lantern-festival-lunar2229,元宵节 Lantern Festival,2229/2/9,none,,apple-native-likely,农历2229年正月十五；苹果中国大陆日历可能已包含；默认关闭避免重复,
TRUE,dragon-heads-raising-lunar2229,龙抬头 Dragon Heads-raising Day,2229/2/26,none,,lunar,农历2229年二月初二；传统节日；保留,
FALSE,dragon-boat-lunar2229,端午节 Dragon Boat Festival,2229/5/28,none,,apple-native-likely,农历2229年五月初五；苹果原生日历通常已包含；默认关闭避免重复,
FALSE,qixi-lunar2229,七夕节 Qixi Festival,2229/8/26,none,,apple-native-likely,农历2229年七月初七；默认关闭,
TRUE,ghost-festival-lunar2229,中元节 Ghost Festival,2229/9/3,none,,lunar,农历2229年七月十五；中国传统节日,
FALSE,mid-autumn-lunar2229,中秋节 Mid-Autumn Festival,2229/10/2,none,,apple-native-likely,农历2229年八月十五；苹果原生日历通常已包含；默认关闭避免重复,
TRUE,double-ninth-lunar2229,重阳节 Double Ninth Festival,2229/10/26,none,,lunar,农历2229年九月初九；传统节日；保留,
TRUE,black-friday-2229,黑色星期五 Black Friday,2229/11/27,none,,business,美国感恩节后的星期五；按年份计算,
FALSE,laba-lunar2229,腊八节 Laba Festival,2230/1/22,none,,apple-native-likely,农历2229年十二月初八；传统节日；默认关闭,
FALSE,xiaonian-north-lunar2229,北方小年 Northern Little New Year,2230/2/6,none,,apple-native-likely,农历2229年十二月二十三；传统节日；默认关闭,
FALSE,xiaonian-south-lunar2229,南方小年 Southern Little New Year,2230/2/7,none,,apple-native-likely,农历2229年十二月二十四；传统节日；默认关闭,
FALSE,chuxi-lunar2229,除夕 Chinese New Year’s Eve,2230/2/13,none,,apple-native-likely,农历2229年腊月最后一天；苹果原生日历通常已包含；默认关闭避免重复,
FALSE,spring-festival-lunar2230,春节 Spring Festival,2230/2/14,none,,apple-native-likely,农历2230年正月初一；苹果原生日历通常已包含；默认关闭避免重复,
FALSE,lantern-festival-lunar2230,元宵节 Lantern Festival,2230/2/28,none,,apple-native-likely,农历2230年正月十五；苹果中国大陆日历可能已包含；默认关闭避免重复,
TRUE,dragon-heads-raising-lunar2230,龙抬头 Dragon Heads-raising Day,2230/3/17,none,,lunar,农历2230年二月初二；传统节日；保留,
FALSE,dragon-boat-lunar2230,端午节 Dragon Boat Festival,2230/6/16,none,,apple-native-likely,农历2230年五月初五；苹果原生日历通常已包含；默认关闭避免重复,
FALSE,qixi-lunar2230,七夕节 Qixi Festival,2230/8/15,none,,apple-native-likely,农历2230年七月初七；默认关闭,
TRUE,ghost-festival-lunar2230,中元节 Ghost Festival,2230/8/23,none,,lunar,农历2230年七月十五；中国传统节日,
FALSE,mid-autumn-lunar2230,中秋节 Mid-Autumn Festival,2230/9/22,none,,apple-native-likely,农历2230年八月十五；苹果原生日历通常已包含；默认关闭避免重复,
TRUE,double-ninth-lunar2230,重阳节 Double Ninth Festival,2230/10/15,none,,lunar,农历2230年九月初九；传统节日；保留,
TRUE,black-friday-2230,黑色星期五 Black Friday,2230/11/26,none,,business,美国感恩节后的星期五；按年份计算,
FALSE,laba-lunar2230,腊八节 Laba Festival,2231/1/11,none,,apple-native-likely,农历2230年十二月初八；传统节日；默认关闭,
FALSE,xiaonian-north-lunar2230,北方小年 Northern Little New Year,2231/1/26,none,,apple-native-likely,农历2230年十二月二十三；传统节日；默认关闭,
FALSE,xiaonian-south-lunar2230,南方小年 Southern Little New Year,2231/1/27,none,,apple-native-likely,农历2230年十二月二十四；传统节日；默认关闭,
FALSE,chuxi-lunar2230,除夕 Chinese New Year’s Eve,2231/2/2,none,,apple-native-likely,农历2230年腊月最后一天；苹果原生日历通常已包含；默认关闭避免重复,
FALSE,spring-festival-lunar2231,春节 Spring Festival,2231/2/3,none,,apple-native-likely,农历2231年正月初一；苹果原生日历通常已包含；默认关闭避免重复,
FALSE,lantern-festival-lunar2231,元宵节 Lantern Festival,2231/2/17,none,,apple-native-likely,农历2231年正月十五；苹果中国大陆日历可能已包含；默认关闭避免重复,
TRUE,dragon-heads-raising-lunar2231,龙抬头 Dragon Heads-raising Day,2231/3/6,none,,lunar,农历2231年二月初二；传统节日；保留,
FALSE,dragon-boat-lunar2231,端午节 Dragon Boat Festival,2231/6/5,none,,apple-native-likely,农历2231年五月初五；苹果原生日历通常已包含；默认关闭避免重复,
FALSE,qixi-lunar2231,七夕节 Qixi Festival,2231/8/5,none,,apple-native-likely,农历2231年七月初七；默认关闭,
TRUE,ghost-festival-lunar2231,中元节 Ghost Festival,2231/8/13,none,,lunar,农历2231年七月十五；中国传统节日,
FALSE,mid-autumn-lunar2231,中秋节 Mid-Autumn Festival,2231/9/11,none,,apple-native-likely,农历2231年八月十五；苹果原生日历通常已包含；默认关闭避免重复,
TRUE,double-ninth-lunar2231,重阳节 Double Ninth Festival,2231/10/5,none,,lunar,农历2231年九月初九；传统节日；保留,
TRUE,black-friday-2231,黑色星期五 Black Friday,2231/11/25,none,,business,美国感恩节后的星期五；按年份计算,
FALSE,laba-lunar2231,腊八节 Laba Festival,2231/12/31,none,,apple-native-likely,农历2231年十二月初八；传统节日；默认关闭,
FALSE,xiaonian-north-lunar2231,北方小年 Northern Little New Year,2232/1/15,none,,apple-native-likely,农历2231年十二月二十三；传统节日；默认关闭,
FALSE,xiaonian-south-lunar2231,南方小年 Southern Little New Year,2232/1/16,none,,apple-native-likely,农历2231年十二月二十四；传统节日；默认关闭,
FALSE,chuxi-lunar2231,除夕 Chinese New Year’s Eve,2232/1/22,none,,apple-native-likely,农历2231年腊月最后一天；苹果原生日历通常已包含；默认关闭避免重复,
FALSE,spring-festival-lunar2232,春节 Spring Festival,2232/1/23,none,,apple-native-likely,农历2232年正月初一；苹果原生日历通常已包含；默认关闭避免重复,
FALSE,lantern-festival-lunar2232,元宵节 Lantern Festival,2232/2/6,none,,apple-native-likely,农历2232年正月十五；苹果中国大陆日历可能已包含；默认关闭避免重复,
TRUE,dragon-heads-raising-lunar2232,龙抬头 Dragon Heads-raising Day,2232/2/23,none,,lunar,农历2232年二月初二；传统节日；保留,
FALSE,dragon-boat-lunar2232,端午节 Dragon Boat Festival,2232/6/23,none,,apple-native-likely,农历2232年五月初五；苹果原生日历通常已包含；默认关闭避免重复,
FALSE,qixi-lunar2232,七夕节 Qixi Festival,2232/8/23,none,,apple-native-likely,农历2232年七月初七；默认关闭,
TRUE,ghost-festival-lunar2232,中元节 Ghost Festival,2232/8/31,none,,lunar,农历2232年七月十五；中国传统节日,
FALSE,mid-autumn-lunar2232,中秋节 Mid-Autumn Festival,2232/9/29,none,,apple-native-likely,农历2232年八月十五；苹果原生日历通常已包含；默认关闭避免重复,
TRUE,double-ninth-lunar2232,重阳节 Double Ninth Festival,2232/10/23,none,,lunar,农历2232年九月初九；传统节日；保留,
TRUE,black-friday-2232,黑色星期五 Black Friday,2232/11/23,none,,business,美国感恩节后的星期五；按年份计算,
FALSE,laba-lunar2232,腊八节 Laba Festival,2233/1/18,none,,apple-native-likely,农历2232年十二月初八；传统节日；默认关闭,
FALSE,xiaonian-north-lunar2232,北方小年 Northern Little New Year,2233/2/2,none,,apple-native-likely,农历2232年十二月二十三；传统节日；默认关闭,
FALSE,xiaonian-south-lunar2232,南方小年 Southern Little New Year,2233/2/3,none,,apple-native-likely,农历2232年十二月二十四；传统节日；默认关闭,
FALSE,chuxi-lunar2232,除夕 Chinese New Year’s Eve,2233/2/9,none,,apple-native-likely,农历2232年腊月最后一天；苹果原生日历通常已包含；默认关闭避免重复,
FALSE,spring-festival-lunar2233,春节 Spring Festival,2233/2/10,none,,apple-native-likely,农历2233年正月初一；苹果原生日历通常已包含；默认关闭避免重复,
FALSE,lantern-festival-lunar2233,元宵节 Lantern Festival,2233/2/24,none,,apple-native-likely,农历2233年正月十五；苹果中国大陆日历可能已包含；默认关闭避免重复,
TRUE,dragon-heads-raising-lunar2233,龙抬头 Dragon Heads-raising Day,2233/3/13,none,,lunar,农历2233年二月初二；传统节日；保留,
FALSE,dragon-boat-lunar2233,端午节 Dragon Boat Festival,2233/6/13,none,,apple-native-likely,农历2233年五月初五；苹果原生日历通常已包含；默认关闭避免重复,
FALSE,qixi-lunar2233,七夕节 Qixi Festival,2233/8/13,none,,apple-native-likely,农历2233年七月初七；默认关闭,
TRUE,ghost-festival-lunar2233,中元节 Ghost Festival,2233/8/21,none,,lunar,农历2233年七月十五；中国传统节日,
FALSE,mid-autumn-lunar2233,中秋节 Mid-Autumn Festival,2233/9/19,none,,apple-native-likely,农历2233年八月十五；苹果原生日历通常已包含；默认关闭避免重复,
TRUE,double-ninth-lunar2233,重阳节 Double Ninth Festival,2233/10/12,none,,lunar,农历2233年九月初九；传统节日；保留,
TRUE,black-friday-2233,黑色星期五 Black Friday,2233/11/29,none,,business,美国感恩节后的星期五；按年份计算,
FALSE,laba-lunar2233,腊八节 Laba Festival,2234/1/8,none,,apple-native-likely,农历2233年十二月初八；传统节日；默认关闭,
FALSE,xiaonian-north-lunar2233,北方小年 Northern Little New Year,2234/1/23,none,,apple-native-likely,农历2233年十二月二十三；传统节日；默认关闭,
FALSE,xiaonian-south-lunar2233,南方小年 Southern Little New Year,2234/1/24,none,,apple-native-likely,农历2233年十二月二十四；传统节日；默认关闭,
FALSE,chuxi-lunar2233,除夕 Chinese New Year’s Eve,2234/1/29,none,,apple-native-likely,农历2233年腊月最后一天；苹果原生日历通常已包含；默认关闭避免重复,
FALSE,spring-festival-lunar2234,春节 Spring Festival,2234/1/30,none,,apple-native-likely,农历2234年正月初一；苹果原生日历通常已包含；默认关闭避免重复,
FALSE,lantern-festival-lunar2234,元宵节 Lantern Festival,2234/2/13,none,,apple-native-likely,农历2234年正月十五；苹果中国大陆日历可能已包含；默认关闭避免重复,
TRUE,dragon-heads-raising-lunar2234,龙抬头 Dragon Heads-raising Day,2234/3/2,none,,lunar,农历2234年二月初二；传统节日；保留,
FALSE,dragon-boat-lunar2234,端午节 Dragon Boat Festival,2234/6/2,none,,apple-native-likely,农历2234年五月初五；苹果原生日历通常已包含；默认关闭避免重复,
FALSE,qixi-lunar2234,七夕节 Qixi Festival,2234/8/2,none,,apple-native-likely,农历2234年七月初七；默认关闭,
TRUE,ghost-festival-lunar2234,中元节 Ghost Festival,2234/8/10,none,,lunar,农历2234年七月十五；中国传统节日,
FALSE,mid-autumn-lunar2234,中秋节 Mid-Autumn Festival,2234/9/8,none,,apple-native-likely,农历2234年八月十五；苹果原生日历通常已包含；默认关闭避免重复,
TRUE,double-ninth-lunar2234,重阳节 Double Ninth Festival,2234/10/31,none,,lunar,农历2234年九月初九；传统节日；保留,
TRUE,black-friday-2234,黑色星期五 Black Friday,2234/11/28,none,,business,美国感恩节后的星期五；按年份计算,
FALSE,laba-lunar2234,腊八节 Laba Festival,2235/1/27,none,,apple-native-likely,农历2234年十二月初八；传统节日；默认关闭,
FALSE,xiaonian-north-lunar2234,北方小年 Northern Little New Year,2235/2/11,none,,apple-native-likely,农历2234年十二月二十三；传统节日；默认关闭,
FALSE,xiaonian-south-lunar2234,南方小年 Southern Little New Year,2235/2/12,none,,apple-native-likely,农历2234年十二月二十四；传统节日；默认关闭,
FALSE,chuxi-lunar2234,除夕 Chinese New Year’s Eve,2235/2/17,none,,apple-native-likely,农历2234年腊月最后一天；苹果原生日历通常已包含；默认关闭避免重复,
FALSE,spring-festival-lunar2235,春节 Spring Festival,2235/2/18,none,,apple-native-likely,农历2235年正月初一；苹果原生日历通常已包含；默认关闭避免重复,
FALSE,lantern-festival-lunar2235,元宵节 Lantern Festival,2235/3/4,none,,apple-native-likely,农历2235年正月十五；苹果中国大陆日历可能已包含；默认关闭避免重复,
TRUE,dragon-heads-raising-lunar2235,龙抬头 Dragon Heads-raising Day,2235/3/21,none,,lunar,农历2235年二月初二；传统节日；保留,
FALSE,dragon-boat-lunar2235,端午节 Dragon Boat Festival,2235/6/20,none,,apple-native-likely,农历2235年五月初五；苹果原生日历通常已包含；默认关闭避免重复,
FALSE,qixi-lunar2235,七夕节 Qixi Festival,2235/8/21,none,,apple-native-likely,农历2235年七月初七；默认关闭,
TRUE,ghost-festival-lunar2235,中元节 Ghost Festival,2235/8/29,none,,lunar,农历2235年七月十五；中国传统节日,
FALSE,mid-autumn-lunar2235,中秋节 Mid-Autumn Festival,2235/9/27,none,,apple-native-likely,农历2235年八月十五；苹果原生日历通常已包含；默认关闭避免重复,
TRUE,double-ninth-lunar2235,重阳节 Double Ninth Festival,2235/10/21,none,,lunar,农历2235年九月初九；传统节日；保留,
TRUE,black-friday-2235,黑色星期五 Black Friday,2235/11/27,none,,business,美国感恩节后的星期五；按年份计算,
FALSE,laba-lunar2235,腊八节 Laba Festival,2236/1/16,none,,apple-native-likely,农历2235年十二月初八；传统节日；默认关闭,
FALSE,xiaonian-north-lunar2235,北方小年 Northern Little New Year,2236/1/31,none,,apple-native-likely,农历2235年十二月二十三；传统节日；默认关闭,
FALSE,xiaonian-south-lunar2235,南方小年 Southern Little New Year,2236/2/1,none,,apple-native-likely,农历2235年十二月二十四；传统节日；默认关闭,
FALSE,chuxi-lunar2235,除夕 Chinese New Year’s Eve,2236/2/7,none,,apple-native-likely,农历2235年腊月最后一天；苹果原生日历通常已包含；默认关闭避免重复,
FALSE,spring-festival-lunar2236,春节 Spring Festival,2236/2/8,none,,apple-native-likely,农历2236年正月初一；苹果原生日历通常已包含；默认关闭避免重复,
FALSE,lantern-festival-lunar2236,元宵节 Lantern Festival,2236/2/22,none,,apple-native-likely,农历2236年正月十五；苹果中国大陆日历可能已包含；默认关闭避免重复,
TRUE,dragon-heads-raising-lunar2236,龙抬头 Dragon Heads-raising Day,2236/3/9,none,,lunar,农历2236年二月初二；传统节日；保留,
FALSE,dragon-boat-lunar2236,端午节 Dragon Boat Festival,2236/6/9,none,,apple-native-likely,农历2236年五月初五；苹果原生日历通常已包含；默认关闭避免重复,
FALSE,qixi-lunar2236,七夕节 Qixi Festival,2236/8/9,none,,apple-native-likely,农历2236年七月初七；默认关闭,
TRUE,ghost-festival-lunar2236,中元节 Ghost Festival,2236/8/17,none,,lunar,农历2236年七月十五；中国传统节日,
FALSE,mid-autumn-lunar2236,中秋节 Mid-Autumn Festival,2236/9/15,none,,apple-native-likely,农历2236年八月十五；苹果原生日历通常已包含；默认关闭避免重复,
TRUE,double-ninth-lunar2236,重阳节 Double Ninth Festival,2236/10/9,none,,lunar,农历2236年九月初九；传统节日；保留,
TRUE,black-friday-2236,黑色星期五 Black Friday,2236/11/25,none,,business,美国感恩节后的星期五；按年份计算,
FALSE,laba-lunar2236,腊八节 Laba Festival,2237/1/5,none,,apple-native-likely,农历2236年十二月初八；传统节日；默认关闭,
FALSE,xiaonian-north-lunar2236,北方小年 Northern Little New Year,2237/1/20,none,,apple-native-likely,农历2236年十二月二十三；传统节日；默认关闭,
FALSE,xiaonian-south-lunar2236,南方小年 Southern Little New Year,2237/1/21,none,,apple-native-likely,农历2236年十二月二十四；传统节日；默认关闭,
FALSE,chuxi-lunar2236,除夕 Chinese New Year’s Eve,2237/1/27,none,,apple-native-likely,农历2236年腊月最后一天；苹果原生日历通常已包含；默认关闭避免重复,
FALSE,spring-festival-lunar2237,春节 Spring Festival,2237/1/28,none,,apple-native-likely,农历2237年正月初一；苹果原生日历通常已包含；默认关闭避免重复,
FALSE,lantern-festival-lunar2237,元宵节 Lantern Festival,2237/2/11,none,,apple-native-likely,农历2237年正月十五；苹果中国大陆日历可能已包含；默认关闭避免重复,
TRUE,dragon-heads-raising-lunar2237,龙抬头 Dragon Heads-raising Day,2237/2/27,none,,lunar,农历2237年二月初二；传统节日；保留,
FALSE,dragon-boat-lunar2237,端午节 Dragon Boat Festival,2237/5/29,none,,apple-native-likely,农历2237年五月初五；苹果原生日历通常已包含；默认关闭避免重复,
FALSE,qixi-lunar2237,七夕节 Qixi Festival,2237/8/27,none,,apple-native-likely,农历2237年七月初七；默认关闭,
TRUE,ghost-festival-lunar2237,中元节 Ghost Festival,2237/9/4,none,,lunar,农历2237年七月十五；中国传统节日,
FALSE,mid-autumn-lunar2237,中秋节 Mid-Autumn Festival,2237/10/4,none,,apple-native-likely,农历2237年八月十五；苹果原生日历通常已包含；默认关闭避免重复,
TRUE,double-ninth-lunar2237,重阳节 Double Ninth Festival,2237/10/28,none,,lunar,农历2237年九月初九；传统节日；保留,
TRUE,black-friday-2237,黑色星期五 Black Friday,2237/11/24,none,,business,美国感恩节后的星期五；按年份计算,
FALSE,laba-lunar2237,腊八节 Laba Festival,2238/1/24,none,,apple-native-likely,农历2237年十二月初八；传统节日；默认关闭,
FALSE,xiaonian-north-lunar2237,北方小年 Northern Little New Year,2238/2/8,none,,apple-native-likely,农历2237年十二月二十三；传统节日；默认关闭,
FALSE,xiaonian-south-lunar2237,南方小年 Southern Little New Year,2238/2/9,none,,apple-native-likely,农历2237年十二月二十四；传统节日；默认关闭,
FALSE,chuxi-lunar2237,除夕 Chinese New Year’s Eve,2238/2/15,none,,apple-native-likely,农历2237年腊月最后一天；苹果原生日历通常已包含；默认关闭避免重复,
FALSE,spring-festival-lunar2238,春节 Spring Festival,2238/2/16,none,,apple-native-likely,农历2238年正月初一；苹果原生日历通常已包含；默认关闭避免重复,
FALSE,lantern-festival-lunar2238,元宵节 Lantern Festival,2238/3/2,none,,apple-native-likely,农历2238年正月十五；苹果中国大陆日历可能已包含；默认关闭避免重复,
TRUE,dragon-heads-raising-lunar2238,龙抬头 Dragon Heads-raising Day,2238/3/18,none,,lunar,农历2238年二月初二；传统节日；保留,
FALSE,dragon-boat-lunar2238,端午节 Dragon Boat Festival,2238/6/17,none,,apple-native-likely,农历2238年五月初五；苹果原生日历通常已包含；默认关闭避免重复,
FALSE,qixi-lunar2238,七夕节 Qixi Festival,2238/8/17,none,,apple-native-likely,农历2238年七月初七；默认关闭,
TRUE,ghost-festival-lunar2238,中元节 Ghost Festival,2238/8/25,none,,lunar,农历2238年七月十五；中国传统节日,
FALSE,mid-autumn-lunar2238,中秋节 Mid-Autumn Festival,2238/9/23,none,,apple-native-likely,农历2238年八月十五；苹果原生日历通常已包含；默认关闭避免重复,
TRUE,double-ninth-lunar2238,重阳节 Double Ninth Festival,2238/10/17,none,,lunar,农历2238年九月初九；传统节日；保留,
TRUE,black-friday-2238,黑色星期五 Black Friday,2238/11/23,none,,business,美国感恩节后的星期五；按年份计算,
FALSE,laba-lunar2238,腊八节 Laba Festival,2239/1/13,none,,apple-native-likely,农历2238年十二月初八；传统节日；默认关闭,
FALSE,xiaonian-north-lunar2238,北方小年 Northern Little New Year,2239/1/28,none,,apple-native-likely,农历2238年十二月二十三；传统节日；默认关闭,
FALSE,xiaonian-south-lunar2238,南方小年 Southern Little New Year,2239/1/29,none,,apple-native-likely,农历2238年十二月二十四；传统节日；默认关闭,
FALSE,chuxi-lunar2238,除夕 Chinese New Year’s Eve,2239/2/4,none,,apple-native-likely,农历2238年腊月最后一天；苹果原生日历通常已包含；默认关闭避免重复,
FALSE,spring-festival-lunar2239,春节 Spring Festival,2239/2/5,none,,apple-native-likely,农历2239年正月初一；苹果原生日历通常已包含；默认关闭避免重复,
FALSE,lantern-festival-lunar2239,元宵节 Lantern Festival,2239/2/19,none,,apple-native-likely,农历2239年正月十五；苹果中国大陆日历可能已包含；默认关闭避免重复,
TRUE,dragon-heads-raising-lunar2239,龙抬头 Dragon Heads-raising Day,2239/3/7,none,,lunar,农历2239年二月初二；传统节日；保留,
FALSE,dragon-boat-lunar2239,端午节 Dragon Boat Festival,2239/6/7,none,,apple-native-likely,农历2239年五月初五；苹果原生日历通常已包含；默认关闭避免重复,
FALSE,qixi-lunar2239,七夕节 Qixi Festival,2239/8/6,none,,apple-native-likely,农历2239年七月初七；默认关闭,
TRUE,ghost-festival-lunar2239,中元节 Ghost Festival,2239/8/14,none,,lunar,农历2239年七月十五；中国传统节日,
FALSE,mid-autumn-lunar2239,中秋节 Mid-Autumn Festival,2239/9/13,none,,apple-native-likely,农历2239年八月十五；苹果原生日历通常已包含；默认关闭避免重复,
TRUE,double-ninth-lunar2239,重阳节 Double Ninth Festival,2239/10/6,none,,lunar,农历2239年九月初九；传统节日；保留,
TRUE,black-friday-2239,黑色星期五 Black Friday,2239/11/29,none,,business,美国感恩节后的星期五；按年份计算,
FALSE,laba-lunar2239,腊八节 Laba Festival,2240/1/2,none,,apple-native-likely,农历2239年十二月初八；传统节日；默认关闭,
FALSE,xiaonian-north-lunar2239,北方小年 Northern Little New Year,2240/1/17,none,,apple-native-likely,农历2239年十二月二十三；传统节日；默认关闭,
FALSE,xiaonian-south-lunar2239,南方小年 Southern Little New Year,2240/1/18,none,,apple-native-likely,农历2239年十二月二十四；传统节日；默认关闭,
FALSE,chuxi-lunar2239,除夕 Chinese New Year’s Eve,2240/1/24,none,,apple-native-likely,农历2239年腊月最后一天；苹果原生日历通常已包含；默认关闭避免重复,
FALSE,spring-festival-lunar2240,春节 Spring Festival,2240/1/25,none,,apple-native-likely,农历2240年正月初一；苹果原生日历通常已包含；默认关闭避免重复,
FALSE,lantern-festival-lunar2240,元宵节 Lantern Festival,2240/2/8,none,,apple-native-likely,农历2240年正月十五；苹果中国大陆日历可能已包含；默认关闭避免重复,
TRUE,dragon-heads-raising-lunar2240,龙抬头 Dragon Heads-raising Day,2240/2/25,none,,lunar,农历2240年二月初二；传统节日；保留,
FALSE,dragon-boat-lunar2240,端午节 Dragon Boat Festival,2240/6/25,none,,apple-native-likely,农历2240年五月初五；苹果原生日历通常已包含；默认关闭避免重复,
FALSE,qixi-lunar2240,七夕节 Qixi Festival,2240/8/24,none,,apple-native-likely,农历2240年七月初七；默认关闭,
TRUE,ghost-festival-lunar2240,中元节 Ghost Festival,2240/9/1,none,,lunar,农历2240年七月十五；中国传统节日,
FALSE,mid-autumn-lunar2240,中秋节 Mid-Autumn Festival,2240/10/1,none,,apple-native-likely,农历2240年八月十五；苹果原生日历通常已包含；默认关闭避免重复,
TRUE,double-ninth-lunar2240,重阳节 Double Ninth Festival,2240/10/24,none,,lunar,农历2240年九月初九；传统节日；保留,
TRUE,black-friday-2240,黑色星期五 Black Friday,2240/11/27,none,,business,美国感恩节后的星期五；按年份计算,
FALSE,laba-lunar2240,腊八节 Laba Festival,2241/1/20,none,,apple-native-likely,农历2240年十二月初八；传统节日；默认关闭,
FALSE,xiaonian-north-lunar2240,北方小年 Northern Little New Year,2241/2/4,none,,apple-native-likely,农历2240年十二月二十三；传统节日；默认关闭,
FALSE,xiaonian-south-lunar2240,南方小年 Southern Little New Year,2241/2/5,none,,apple-native-likely,农历2240年十二月二十四；传统节日；默认关闭,
FALSE,chuxi-lunar2240,除夕 Chinese New Year’s Eve,2241/2/11,none,,apple-native-likely,农历2240年腊月最后一天；苹果原生日历通常已包含；默认关闭避免重复,
FALSE,spring-festival-lunar2241,春节 Spring Festival,2241/2/12,none,,apple-native-likely,农历2241年正月初一；苹果原生日历通常已包含；默认关闭避免重复,
FALSE,lantern-festival-lunar2241,元宵节 Lantern Festival,2241/2/26,none,,apple-native-likely,农历2241年正月十五；苹果中国大陆日历可能已包含；默认关闭避免重复,
TRUE,dragon-heads-raising-lunar2241,龙抬头 Dragon Heads-raising Day,2241/3/14,none,,lunar,农历2241年二月初二；传统节日；保留,
FALSE,dragon-boat-lunar2241,端午节 Dragon Boat Festival,2241/6/14,none,,apple-native-likely,农历2241年五月初五；苹果原生日历通常已包含；默认关闭避免重复,
FALSE,qixi-lunar2241,七夕节 Qixi Festival,2241/8/14,none,,apple-native-likely,农历2241年七月初七；默认关闭,
TRUE,ghost-festival-lunar2241,中元节 Ghost Festival,2241/8/22,none,,lunar,农历2241年七月十五；中国传统节日,
FALSE,mid-autumn-lunar2241,中秋节 Mid-Autumn Festival,2241/9/20,none,,apple-native-likely,农历2241年八月十五；苹果原生日历通常已包含；默认关闭避免重复,
TRUE,double-ninth-lunar2241,重阳节 Double Ninth Festival,2241/10/14,none,,lunar,农历2241年九月初九；传统节日；保留,
TRUE,black-friday-2241,黑色星期五 Black Friday,2241/11/26,none,,business,美国感恩节后的星期五；按年份计算,
FALSE,laba-lunar2241,腊八节 Laba Festival,2242/1/9,none,,apple-native-likely,农历2241年十二月初八；传统节日；默认关闭,
FALSE,xiaonian-north-lunar2241,北方小年 Northern Little New Year,2242/1/24,none,,apple-native-likely,农历2241年十二月二十三；传统节日；默认关闭,
FALSE,xiaonian-south-lunar2241,南方小年 Southern Little New Year,2242/1/25,none,,apple-native-likely,农历2241年十二月二十四；传统节日；默认关闭,
FALSE,chuxi-lunar2241,除夕 Chinese New Year’s Eve,2242/1/31,none,,apple-native-likely,农历2241年腊月最后一天；苹果原生日历通常已包含；默认关闭避免重复,
FALSE,spring-festival-lunar2242,春节 Spring Festival,2242/2/1,none,,apple-native-likely,农历2242年正月初一；苹果原生日历通常已包含；默认关闭避免重复,
FALSE,lantern-festival-lunar2242,元宵节 Lantern Festival,2242/2/15,none,,apple-native-likely,农历2242年正月十五；苹果中国大陆日历可能已包含；默认关闭避免重复,
TRUE,dragon-heads-raising-lunar2242,龙抬头 Dragon Heads-raising Day,2242/3/3,none,,lunar,农历2242年二月初二；传统节日；保留,
FALSE,dragon-boat-lunar2242,端午节 Dragon Boat Festival,2242/6/3,none,,apple-native-likely,农历2242年五月初五；苹果原生日历通常已包含；默认关闭避免重复,
FALSE,qixi-lunar2242,七夕节 Qixi Festival,2242/8/4,none,,apple-native-likely,农历2242年七月初七；默认关闭,
TRUE,ghost-festival-lunar2242,中元节 Ghost Festival,2242/8/12,none,,lunar,农历2242年七月十五；中国传统节日,
FALSE,mid-autumn-lunar2242,中秋节 Mid-Autumn Festival,2242/9/10,none,,apple-native-likely,农历2242年八月十五；苹果原生日历通常已包含；默认关闭避免重复,
TRUE,double-ninth-lunar2242,重阳节 Double Ninth Festival,2242/10/3,none,,lunar,农历2242年九月初九；传统节日；保留,
TRUE,black-friday-2242,黑色星期五 Black Friday,2242/11/25,none,,business,美国感恩节后的星期五；按年份计算,
FALSE,laba-lunar2242,腊八节 Laba Festival,2243/1/28,none,,apple-native-likely,农历2242年十二月初八；传统节日；默认关闭,
FALSE,xiaonian-north-lunar2242,北方小年 Northern Little New Year,2243/2/12,none,,apple-native-likely,农历2242年十二月二十三；传统节日；默认关闭,
FALSE,xiaonian-south-lunar2242,南方小年 Southern Little New Year,2243/2/13,none,,apple-native-likely,农历2242年十二月二十四；传统节日；默认关闭,
FALSE,chuxi-lunar2242,除夕 Chinese New Year’s Eve,2243/2/19,none,,apple-native-likely,农历2242年腊月最后一天；苹果原生日历通常已包含；默认关闭避免重复,
FALSE,spring-festival-lunar2243,春节 Spring Festival,2243/2/20,none,,apple-native-likely,农历2243年正月初一；苹果原生日历通常已包含；默认关闭避免重复,
FALSE,lantern-festival-lunar2243,元宵节 Lantern Festival,2243/3/6,none,,apple-native-likely,农历2243年正月十五；苹果中国大陆日历可能已包含；默认关闭避免重复,
TRUE,dragon-heads-raising-lunar2243,龙抬头 Dragon Heads-raising Day,2243/3/22,none,,lunar,农历2243年二月初二；传统节日；保留,
FALSE,dragon-boat-lunar2243,端午节 Dragon Boat Festival,2243/6/22,none,,apple-native-likely,农历2243年五月初五；苹果原生日历通常已包含；默认关闭避免重复,
FALSE,qixi-lunar2243,七夕节 Qixi Festival,2243/8/22,none,,apple-native-likely,农历2243年七月初七；默认关闭,
TRUE,ghost-festival-lunar2243,中元节 Ghost Festival,2243/8/30,none,,lunar,农历2243年七月十五；中国传统节日,
FALSE,mid-autumn-lunar2243,中秋节 Mid-Autumn Festival,2243/9/29,none,,apple-native-likely,农历2243年八月十五；苹果原生日历通常已包含；默认关闭避免重复,
TRUE,double-ninth-lunar2243,重阳节 Double Ninth Festival,2243/10/22,none,,lunar,农历2243年九月初九；传统节日；保留,
TRUE,black-friday-2243,黑色星期五 Black Friday,2243/11/24,none,,business,美国感恩节后的星期五；按年份计算,
FALSE,laba-lunar2243,腊八节 Laba Festival,2244/1/18,none,,apple-native-likely,农历2243年十二月初八；传统节日；默认关闭,
FALSE,xiaonian-north-lunar2243,北方小年 Northern Little New Year,2244/2/2,none,,apple-native-likely,农历2243年十二月二十三；传统节日；默认关闭,
FALSE,xiaonian-south-lunar2243,南方小年 Southern Little New Year,2244/2/3,none,,apple-native-likely,农历2243年十二月二十四；传统节日；默认关闭,
FALSE,chuxi-lunar2243,除夕 Chinese New Year’s Eve,2244/2/8,none,,apple-native-likely,农历2243年腊月最后一天；苹果原生日历通常已包含；默认关闭避免重复,
FALSE,spring-festival-lunar2244,春节 Spring Festival,2244/2/9,none,,apple-native-likely,农历2244年正月初一；苹果原生日历通常已包含；默认关闭避免重复,
FALSE,lantern-festival-lunar2244,元宵节 Lantern Festival,2244/2/23,none,,apple-native-likely,农历2244年正月十五；苹果中国大陆日历可能已包含；默认关闭避免重复,
TRUE,dragon-heads-raising-lunar2244,龙抬头 Dragon Heads-raising Day,2244/3/11,none,,lunar,农历2244年二月初二；传统节日；保留,
FALSE,dragon-boat-lunar2244,端午节 Dragon Boat Festival,2244/6/10,none,,apple-native-likely,农历2244年五月初五；苹果原生日历通常已包含；默认关闭避免重复,
FALSE,qixi-lunar2244,七夕节 Qixi Festival,2244/8/10,none,,apple-native-likely,农历2244年七月初七；默认关闭,
TRUE,ghost-festival-lunar2244,中元节 Ghost Festival,2244/8/18,none,,lunar,农历2244年七月十五；中国传统节日,
FALSE,mid-autumn-lunar2244,中秋节 Mid-Autumn Festival,2244/9/17,none,,apple-native-likely,农历2244年八月十五；苹果原生日历通常已包含；默认关闭避免重复,
TRUE,double-ninth-lunar2244,重阳节 Double Ninth Festival,2244/10/11,none,,lunar,农历2244年九月初九；传统节日；保留,
TRUE,black-friday-2244,黑色星期五 Black Friday,2244/11/29,none,,business,美国感恩节后的星期五；按年份计算,
FALSE,laba-lunar2244,腊八节 Laba Festival,2245/1/6,none,,apple-native-likely,农历2244年十二月初八；传统节日；默认关闭,
FALSE,xiaonian-north-lunar2244,北方小年 Northern Little New Year,2245/1/21,none,,apple-native-likely,农历2244年十二月二十三；传统节日；默认关闭,
FALSE,xiaonian-south-lunar2244,南方小年 Southern Little New Year,2245/1/22,none,,apple-native-likely,农历2244年十二月二十四；传统节日；默认关闭,
FALSE,chuxi-lunar2244,除夕 Chinese New Year’s Eve,2245/1/28,none,,apple-native-likely,农历2244年腊月最后一天；苹果原生日历通常已包含；默认关闭避免重复,
FALSE,spring-festival-lunar2245,春节 Spring Festival,2245/1/29,none,,apple-native-likely,农历2245年正月初一；苹果原生日历通常已包含；默认关闭避免重复,
FALSE,lantern-festival-lunar2245,元宵节 Lantern Festival,2245/2/12,none,,apple-native-likely,农历2245年正月十五；苹果中国大陆日历可能已包含；默认关闭避免重复,
TRUE,dragon-heads-raising-lunar2245,龙抬头 Dragon Heads-raising Day,2245/2/28,none,,lunar,农历2245年二月初二；传统节日；保留,
FALSE,dragon-boat-lunar2245,端午节 Dragon Boat Festival,2245/5/30,none,,apple-native-likely,农历2245年五月初五；苹果原生日历通常已包含；默认关闭避免重复,
FALSE,qixi-lunar2245,七夕节 Qixi Festival,2245/8/29,none,,apple-native-likely,农历2245年七月初七；默认关闭,
TRUE,ghost-festival-lunar2245,中元节 Ghost Festival,2245/9/6,none,,lunar,农历2245年七月十五；中国传统节日,
FALSE,mid-autumn-lunar2245,中秋节 Mid-Autumn Festival,2245/10/6,none,,apple-native-likely,农历2245年八月十五；苹果原生日历通常已包含；默认关闭避免重复,
TRUE,double-ninth-lunar2245,重阳节 Double Ninth Festival,2245/10/29,none,,lunar,农历2245年九月初九；传统节日；保留,
TRUE,black-friday-2245,黑色星期五 Black Friday,2245/11/28,none,,business,美国感恩节后的星期五；按年份计算,
FALSE,laba-lunar2245,腊八节 Laba Festival,2246/1/25,none,,apple-native-likely,农历2245年十二月初八；传统节日；默认关闭,
FALSE,xiaonian-north-lunar2245,北方小年 Northern Little New Year,2246/2/9,none,,apple-native-likely,农历2245年十二月二十三；传统节日；默认关闭,
FALSE,xiaonian-south-lunar2245,南方小年 Southern Little New Year,2246/2/10,none,,apple-native-likely,农历2245年十二月二十四；传统节日；默认关闭,
FALSE,chuxi-lunar2245,除夕 Chinese New Year’s Eve,2246/2/16,none,,apple-native-likely,农历2245年腊月最后一天；苹果原生日历通常已包含；默认关闭避免重复,
FALSE,spring-festival-lunar2246,春节 Spring Festival,2246/2/17,none,,apple-native-likely,农历2246年正月初一；苹果原生日历通常已包含；默认关闭避免重复,
FALSE,lantern-festival-lunar2246,元宵节 Lantern Festival,2246/3/3,none,,apple-native-likely,农历2246年正月十五；苹果中国大陆日历可能已包含；默认关闭避免重复,
TRUE,dragon-heads-raising-lunar2246,龙抬头 Dragon Heads-raising Day,2246/3/19,none,,lunar,农历2246年二月初二；传统节日；保留,
FALSE,dragon-boat-lunar2246,端午节 Dragon Boat Festival,2246/6/18,none,,apple-native-likely,农历2246年五月初五；苹果原生日历通常已包含；默认关闭避免重复,
FALSE,qixi-lunar2246,七夕节 Qixi Festival,2246/8/18,none,,apple-native-likely,农历2246年七月初七；默认关闭,
TRUE,ghost-festival-lunar2246,中元节 Ghost Festival,2246/8/26,none,,lunar,农历2246年七月十五；中国传统节日,
FALSE,mid-autumn-lunar2246,中秋节 Mid-Autumn Festival,2246/9/25,none,,apple-native-likely,农历2246年八月十五；苹果原生日历通常已包含；默认关闭避免重复,
TRUE,double-ninth-lunar2246,重阳节 Double Ninth Festival,2246/10/18,none,,lunar,农历2246年九月初九；传统节日；保留,
TRUE,black-friday-2246,黑色星期五 Black Friday,2246/11/27,none,,business,美国感恩节后的星期五；按年份计算,
FALSE,laba-lunar2246,腊八节 Laba Festival,2247/1/15,none,,apple-native-likely,农历2246年十二月初八；传统节日；默认关闭,
FALSE,xiaonian-north-lunar2246,北方小年 Northern Little New Year,2247/1/30,none,,apple-native-likely,农历2246年十二月二十三；传统节日；默认关闭,
FALSE,xiaonian-south-lunar2246,南方小年 Southern Little New Year,2247/1/31,none,,apple-native-likely,农历2246年十二月二十四；传统节日；默认关闭,
FALSE,chuxi-lunar2246,除夕 Chinese New Year’s Eve,2247/2/5,none,,apple-native-likely,农历2246年腊月最后一天；苹果原生日历通常已包含；默认关闭避免重复,
FALSE,spring-festival-lunar2247,春节 Spring Festival,2247/2/6,none,,apple-native-likely,农历2247年正月初一；苹果原生日历通常已包含；默认关闭避免重复,
FALSE,lantern-festival-lunar2247,元宵节 Lantern Festival,2247/2/20,none,,apple-native-likely,农历2247年正月十五；苹果中国大陆日历可能已包含；默认关闭避免重复,
TRUE,dragon-heads-raising-lunar2247,龙抬头 Dragon Heads-raising Day,2247/3/9,none,,lunar,农历2247年二月初二；传统节日；保留,
FALSE,dragon-boat-lunar2247,端午节 Dragon Boat Festival,2247/6/8,none,,apple-native-likely,农历2247年五月初五；苹果原生日历通常已包含；默认关闭避免重复,
FALSE,qixi-lunar2247,七夕节 Qixi Festival,2247/8/8,none,,apple-native-likely,农历2247年七月初七；默认关闭,
TRUE,ghost-festival-lunar2247,中元节 Ghost Festival,2247/8/16,none,,lunar,农历2247年七月十五；中国传统节日,
FALSE,mid-autumn-lunar2247,中秋节 Mid-Autumn Festival,2247/9/14,none,,apple-native-likely,农历2247年八月十五；苹果原生日历通常已包含；默认关闭避免重复,
TRUE,double-ninth-lunar2247,重阳节 Double Ninth Festival,2247/10/8,none,,lunar,农历2247年九月初九；传统节日；保留,
TRUE,black-friday-2247,黑色星期五 Black Friday,2247/11/26,none,,business,美国感恩节后的星期五；按年份计算,
FALSE,laba-lunar2247,腊八节 Laba Festival,2248/1/4,none,,apple-native-likely,农历2247年十二月初八；传统节日；默认关闭,
FALSE,xiaonian-north-lunar2247,北方小年 Northern Little New Year,2248/1/19,none,,apple-native-likely,农历2247年十二月二十三；传统节日；默认关闭,
FALSE,xiaonian-south-lunar2247,南方小年 Southern Little New Year,2248/1/20,none,,apple-native-likely,农历2247年十二月二十四；传统节日；默认关闭,
FALSE,chuxi-lunar2247,除夕 Chinese New Year’s Eve,2248/1/26,none,,apple-native-likely,农历2247年腊月最后一天；苹果原生日历通常已包含；默认关闭避免重复,
FALSE,spring-festival-lunar2248,春节 Spring Festival,2248/1/27,none,,apple-native-likely,农历2248年正月初一；苹果原生日历通常已包含；默认关闭避免重复,
FALSE,lantern-festival-lunar2248,元宵节 Lantern Festival,2248/2/10,none,,apple-native-likely,农历2248年正月十五；苹果中国大陆日历可能已包含；默认关闭避免重复,
TRUE,dragon-heads-raising-lunar2248,龙抬头 Dragon Heads-raising Day,2248/2/26,none,,lunar,农历2248年二月初二；传统节日；保留,
FALSE,dragon-boat-lunar2248,端午节 Dragon Boat Festival,2248/5/28,none,,apple-native-likely,农历2248年五月初五；苹果原生日历通常已包含；默认关闭避免重复,
FALSE,qixi-lunar2248,七夕节 Qixi Festival,2248/8/26,none,,apple-native-likely,农历2248年七月初七；默认关闭,
TRUE,ghost-festival-lunar2248,中元节 Ghost Festival,2248/9/3,none,,lunar,农历2248年七月十五；中国传统节日,
FALSE,mid-autumn-lunar2248,中秋节 Mid-Autumn Festival,2248/10/2,none,,apple-native-likely,农历2248年八月十五；苹果原生日历通常已包含；默认关闭避免重复,
TRUE,double-ninth-lunar2248,重阳节 Double Ninth Festival,2248/10/25,none,,lunar,农历2248年九月初九；传统节日；保留,
TRUE,black-friday-2248,黑色星期五 Black Friday,2248/11/24,none,,business,美国感恩节后的星期五；按年份计算,
FALSE,laba-lunar2248,腊八节 Laba Festival,2249/1/21,none,,apple-native-likely,农历2248年十二月初八；传统节日；默认关闭,
FALSE,xiaonian-north-lunar2248,北方小年 Northern Little New Year,2249/2/5,none,,apple-native-likely,农历2248年十二月二十三；传统节日；默认关闭,
FALSE,xiaonian-south-lunar2248,南方小年 Southern Little New Year,2249/2/6,none,,apple-native-likely,农历2248年十二月二十四；传统节日；默认关闭,
FALSE,chuxi-lunar2248,除夕 Chinese New Year’s Eve,2249/2/12,none,,apple-native-likely,农历2248年腊月最后一天；苹果原生日历通常已包含；默认关闭避免重复,
FALSE,spring-festival-lunar2249,春节 Spring Festival,2249/2/13,none,,apple-native-likely,农历2249年正月初一；苹果原生日历通常已包含；默认关闭避免重复,
FALSE,lantern-festival-lunar2249,元宵节 Lantern Festival,2249/2/27,none,,apple-native-likely,农历2249年正月十五；苹果中国大陆日历可能已包含；默认关闭避免重复,
TRUE,dragon-heads-raising-lunar2249,龙抬头 Dragon Heads-raising Day,2249/3/16,none,,lunar,农历2249年二月初二；传统节日；保留,
FALSE,dragon-boat-lunar2249,端午节 Dragon Boat Festival,2249/6/16,none,,apple-native-likely,农历2249年五月初五；苹果原生日历通常已包含；默认关闭避免重复,
FALSE,qixi-lunar2249,七夕节 Qixi Festival,2249/8/15,none,,apple-native-likely,农历2249年七月初七；默认关闭,
TRUE,ghost-festival-lunar2249,中元节 Ghost Festival,2249/8/23,none,,lunar,农历2249年七月十五；中国传统节日,
FALSE,mid-autumn-lunar2249,中秋节 Mid-Autumn Festival,2249/9/22,none,,apple-native-likely,农历2249年八月十五；苹果原生日历通常已包含；默认关闭避免重复,
TRUE,double-ninth-lunar2249,重阳节 Double Ninth Festival,2249/10/15,none,,lunar,农历2249年九月初九；传统节日；保留,
TRUE,black-friday-2249,黑色星期五 Black Friday,2249/11/23,none,,business,美国感恩节后的星期五；按年份计算,
FALSE,laba-lunar2249,腊八节 Laba Festival,2250/1/11,none,,apple-native-likely,农历2249年十二月初八；传统节日；默认关闭,
FALSE,xiaonian-north-lunar2249,北方小年 Northern Little New Year,2250/1/26,none,,apple-native-likely,农历2249年十二月二十三；传统节日；默认关闭,
FALSE,xiaonian-south-lunar2249,南方小年 Southern Little New Year,2250/1/27,none,,apple-native-likely,农历2249年十二月二十四；传统节日；默认关闭,
FALSE,chuxi-lunar2249,除夕 Chinese New Year’s Eve,2250/2/1,none,,apple-native-likely,农历2249年腊月最后一天；苹果原生日历通常已包含；默认关闭避免重复,
FALSE,spring-festival-lunar2250,春节 Spring Festival,2250/2/2,none,,apple-native-likely,农历2250年正月初一；苹果原生日历通常已包含；默认关闭避免重复,
FALSE,lantern-festival-lunar2250,元宵节 Lantern Festival,2250/2/16,none,,apple-native-likely,农历2250年正月十五；苹果中国大陆日历可能已包含；默认关闭避免重复,
TRUE,dragon-heads-raising-lunar2250,龙抬头 Dragon Heads-raising Day,2250/3/5,none,,lunar,农历2250年二月初二；传统节日；保留,
FALSE,dragon-boat-lunar2250,端午节 Dragon Boat Festival,2250/6/5,none,,apple-native-likely,农历2250年五月初五；苹果原生日历通常已包含；默认关闭避免重复,
FALSE,qixi-lunar2250,七夕节 Qixi Festival,2250/8/5,none,,apple-native-likely,农历2250年七月初七；默认关闭,
TRUE,ghost-festival-lunar2250,中元节 Ghost Festival,2250/8/13,none,,lunar,农历2250年七月十五；中国传统节日,
FALSE,mid-autumn-lunar2250,中秋节 Mid-Autumn Festival,2250/9/11,none,,apple-native-likely,农历2250年八月十五；苹果原生日历通常已包含；默认关闭避免重复,
TRUE,double-ninth-lunar2250,重阳节 Double Ninth Festival,2250/10/5,none,,lunar,农历2250年九月初九；传统节日；保留,
TRUE,black-friday-2250,黑色星期五 Black Friday,2250/11/29,none,,business,美国感恩节后的星期五；按年份计算,
FALSE,laba-lunar2250,腊八节 Laba Festival,2250/12/31,none,,apple-native-likely,农历2250年十二月初八；传统节日；默认关闭,
FALSE,xiaonian-north-lunar2250,北方小年 Northern Little New Year,2251/1/15,none,,apple-native-likely,农历2250年十二月二十三；传统节日；默认关闭,
FALSE,xiaonian-south-lunar2250,南方小年 Southern Little New Year,2251/1/16,none,,apple-native-likely,农历2250年十二月二十四；传统节日；默认关闭,
FALSE,chuxi-lunar2250,除夕 Chinese New Year’s Eve,2251/1/22,none,,apple-native-likely,农历2250年腊月最后一天；苹果原生日历通常已包含；默认关闭避免重复,
FALSE,spring-festival-lunar2251,春节 Spring Festival,2251/1/23,none,,apple-native-likely,农历2251年正月初一；苹果原生日历通常已包含；默认关闭避免重复,
FALSE,lantern-festival-lunar2251,元宵节 Lantern Festival,2251/2/6,none,,apple-native-likely,农历2251年正月十五；苹果中国大陆日历可能已包含；默认关闭避免重复,
TRUE,dragon-heads-raising-lunar2251,龙抬头 Dragon Heads-raising Day,2251/2/22,none,,lunar,农历2251年二月初二；传统节日；保留,
FALSE,dragon-boat-lunar2251,端午节 Dragon Boat Festival,2251/6/24,none,,apple-native-likely,农历2251年五月初五；苹果原生日历通常已包含；默认关闭避免重复,
FALSE,qixi-lunar2251,七夕节 Qixi Festival,2251/8/24,none,,apple-native-likely,农历2251年七月初七；默认关闭,
TRUE,ghost-festival-lunar2251,中元节 Ghost Festival,2251/9/1,none,,lunar,农历2251年七月十五；中国传统节日,
FALSE,mid-autumn-lunar2251,中秋节 Mid-Autumn Festival,2251/9/30,none,,apple-native-likely,农历2251年八月十五；苹果原生日历通常已包含；默认关闭避免重复,
TRUE,double-ninth-lunar2251,重阳节 Double Ninth Festival,2251/10/24,none,,lunar,农历2251年九月初九；传统节日；保留,
TRUE,black-friday-2251,黑色星期五 Black Friday,2251/11/28,none,,business,美国感恩节后的星期五；按年份计算,
FALSE,laba-lunar2251,腊八节 Laba Festival,2252/1/19,none,,apple-native-likely,农历2251年十二月初八；传统节日；默认关闭,
FALSE,xiaonian-north-lunar2251,北方小年 Northern Little New Year,2252/2/3,none,,apple-native-likely,农历2251年十二月二十三；传统节日；默认关闭,
FALSE,xiaonian-south-lunar2251,南方小年 Southern Little New Year,2252/2/4,none,,apple-native-likely,农历2251年十二月二十四；传统节日；默认关闭,
FALSE,chuxi-lunar2251,除夕 Chinese New Year’s Eve,2252/2/10,none,,apple-native-likely,农历2251年腊月最后一天；苹果原生日历通常已包含；默认关闭避免重复,
FALSE,spring-festival-lunar2252,春节 Spring Festival,2252/2/11,none,,apple-native-likely,农历2252年正月初一；苹果原生日历通常已包含；默认关闭避免重复,
FALSE,lantern-festival-lunar2252,元宵节 Lantern Festival,2252/2/25,none,,apple-native-likely,农历2252年正月十五；苹果中国大陆日历可能已包含；默认关闭避免重复,
TRUE,dragon-heads-raising-lunar2252,龙抬头 Dragon Heads-raising Day,2252/3/12,none,,lunar,农历2252年二月初二；传统节日；保留,
FALSE,dragon-boat-lunar2252,端午节 Dragon Boat Festival,2252/6/12,none,,apple-native-likely,农历2252年五月初五；苹果原生日历通常已包含；默认关闭避免重复,
FALSE,qixi-lunar2252,七夕节 Qixi Festival,2252/8/12,none,,apple-native-likely,农历2252年七月初七；默认关闭,
TRUE,ghost-festival-lunar2252,中元节 Ghost Festival,2252/8/20,none,,lunar,农历2252年七月十五；中国传统节日,
FALSE,mid-autumn-lunar2252,中秋节 Mid-Autumn Festival,2252/9/19,none,,apple-native-likely,农历2252年八月十五；苹果原生日历通常已包含；默认关闭避免重复,
TRUE,double-ninth-lunar2252,重阳节 Double Ninth Festival,2252/10/12,none,,lunar,农历2252年九月初九；传统节日；保留,
TRUE,black-friday-2252,黑色星期五 Black Friday,2252/11/26,none,,business,美国感恩节后的星期五；按年份计算,
FALSE,laba-lunar2252,腊八节 Laba Festival,2253/1/8,none,,apple-native-likely,农历2252年十二月初八；传统节日；默认关闭,
FALSE,xiaonian-north-lunar2252,北方小年 Northern Little New Year,2253/1/23,none,,apple-native-likely,农历2252年十二月二十三；传统节日；默认关闭,
FALSE,xiaonian-south-lunar2252,南方小年 Southern Little New Year,2253/1/24,none,,apple-native-likely,农历2252年十二月二十四；传统节日；默认关闭,
FALSE,chuxi-lunar2252,除夕 Chinese New Year’s Eve,2253/1/29,none,,apple-native-likely,农历2252年腊月最后一天；苹果原生日历通常已包含；默认关闭避免重复,
FALSE,spring-festival-lunar2253,春节 Spring Festival,2253/1/30,none,,apple-native-likely,农历2253年正月初一；苹果原生日历通常已包含；默认关闭避免重复,
FALSE,lantern-festival-lunar2253,元宵节 Lantern Festival,2253/2/13,none,,apple-native-likely,农历2253年正月十五；苹果中国大陆日历可能已包含；默认关闭避免重复,
TRUE,dragon-heads-raising-lunar2253,龙抬头 Dragon Heads-raising Day,2253/3/2,none,,lunar,农历2253年二月初二；传统节日；保留,
FALSE,dragon-boat-lunar2253,端午节 Dragon Boat Festival,2253/6/1,none,,apple-native-likely,农历2253年五月初五；苹果原生日历通常已包含；默认关闭避免重复,
FALSE,qixi-lunar2253,七夕节 Qixi Festival,2253/8/1,none,,apple-native-likely,农历2253年七月初七；默认关闭,
TRUE,ghost-festival-lunar2253,中元节 Ghost Festival,2253/8/9,none,,lunar,农历2253年七月十五；中国传统节日,
FALSE,mid-autumn-lunar2253,中秋节 Mid-Autumn Festival,2253/10/7,none,,apple-native-likely,农历2253年八月十五；苹果原生日历通常已包含；默认关闭避免重复,
TRUE,double-ninth-lunar2253,重阳节 Double Ninth Festival,2253/10/31,none,,lunar,农历2253年九月初九；传统节日；保留,
TRUE,black-friday-2253,黑色星期五 Black Friday,2253/11/25,none,,business,美国感恩节后的星期五；按年份计算,
FALSE,laba-lunar2253,腊八节 Laba Festival,2254/1/27,none,,apple-native-likely,农历2253年十二月初八；传统节日；默认关闭,
FALSE,xiaonian-north-lunar2253,北方小年 Northern Little New Year,2254/2/11,none,,apple-native-likely,农历2253年十二月二十三；传统节日；默认关闭,
FALSE,xiaonian-south-lunar2253,南方小年 Southern Little New Year,2254/2/12,none,,apple-native-likely,农历2253年十二月二十四；传统节日；默认关闭,
FALSE,chuxi-lunar2253,除夕 Chinese New Year’s Eve,2254/2/17,none,,apple-native-likely,农历2253年腊月最后一天；苹果原生日历通常已包含；默认关闭避免重复,
FALSE,spring-festival-lunar2254,春节 Spring Festival,2254/2/18,none,,apple-native-likely,农历2254年正月初一；苹果原生日历通常已包含；默认关闭避免重复,
FALSE,lantern-festival-lunar2254,元宵节 Lantern Festival,2254/3/4,none,,apple-native-likely,农历2254年正月十五；苹果中国大陆日历可能已包含；默认关闭避免重复,
TRUE,dragon-heads-raising-lunar2254,龙抬头 Dragon Heads-raising Day,2254/3/21,none,,lunar,农历2254年二月初二；传统节日；保留,
FALSE,dragon-boat-lunar2254,端午节 Dragon Boat Festival,2254/6/20,none,,apple-native-likely,农历2254年五月初五；苹果原生日历通常已包含；默认关闭避免重复,
FALSE,qixi-lunar2254,七夕节 Qixi Festival,2254/8/20,none,,apple-native-likely,农历2254年七月初七；默认关闭,
TRUE,ghost-festival-lunar2254,中元节 Ghost Festival,2254/8/28,none,,lunar,农历2254年七月十五；中国传统节日,
FALSE,mid-autumn-lunar2254,中秋节 Mid-Autumn Festival,2254/9/26,none,,apple-native-likely,农历2254年八月十五；苹果原生日历通常已包含；默认关闭避免重复,
TRUE,double-ninth-lunar2254,重阳节 Double Ninth Festival,2254/10/20,none,,lunar,农历2254年九月初九；传统节日；保留,
TRUE,black-friday-2254,黑色星期五 Black Friday,2254/11/24,none,,business,美国感恩节后的星期五；按年份计算,
FALSE,laba-lunar2254,腊八节 Laba Festival,2255/1/16,none,,apple-native-likely,农历2254年十二月初八；传统节日；默认关闭,
FALSE,xiaonian-north-lunar2254,北方小年 Northern Little New Year,2255/1/31,none,,apple-native-likely,农历2254年十二月二十三；传统节日；默认关闭,
FALSE,xiaonian-south-lunar2254,南方小年 Southern Little New Year,2255/2/1,none,,apple-native-likely,农历2254年十二月二十四；传统节日；默认关闭,
FALSE,chuxi-lunar2254,除夕 Chinese New Year’s Eve,2255/2/7,none,,apple-native-likely,农历2254年腊月最后一天；苹果原生日历通常已包含；默认关闭避免重复,
FALSE,spring-festival-lunar2255,春节 Spring Festival,2255/2/8,none,,apple-native-likely,农历2255年正月初一；苹果原生日历通常已包含；默认关闭避免重复,
FALSE,lantern-festival-lunar2255,元宵节 Lantern Festival,2255/2/22,none,,apple-native-likely,农历2255年正月十五；苹果中国大陆日历可能已包含；默认关闭避免重复,
TRUE,dragon-heads-raising-lunar2255,龙抬头 Dragon Heads-raising Day,2255/3/10,none,,lunar,农历2255年二月初二；传统节日；保留,
FALSE,dragon-boat-lunar2255,端午节 Dragon Boat Festival,2255/6/9,none,,apple-native-likely,农历2255年五月初五；苹果原生日历通常已包含；默认关闭避免重复,
FALSE,qixi-lunar2255,七夕节 Qixi Festival,2255/8/9,none,,apple-native-likely,农历2255年七月初七；默认关闭,
TRUE,ghost-festival-lunar2255,中元节 Ghost Festival,2255/8/17,none,,lunar,农历2255年七月十五；中国传统节日,
FALSE,mid-autumn-lunar2255,中秋节 Mid-Autumn Festival,2255/9/16,none,,apple-native-likely,农历2255年八月十五；苹果原生日历通常已包含；默认关闭避免重复,
TRUE,double-ninth-lunar2255,重阳节 Double Ninth Festival,2255/10/9,none,,lunar,农历2255年九月初九；传统节日；保留,
TRUE,black-friday-2255,黑色星期五 Black Friday,2255/11/23,none,,business,美国感恩节后的星期五；按年份计算,
FALSE,laba-lunar2255,腊八节 Laba Festival,2256/1/6,none,,apple-native-likely,农历2255年十二月初八；传统节日；默认关闭,
FALSE,xiaonian-north-lunar2255,北方小年 Northern Little New Year,2256/1/21,none,,apple-native-likely,农历2255年十二月二十三；传统节日；默认关闭,
FALSE,xiaonian-south-lunar2255,南方小年 Southern Little New Year,2256/1/22,none,,apple-native-likely,农历2255年十二月二十四；传统节日；默认关闭,
FALSE,chuxi-lunar2255,除夕 Chinese New Year’s Eve,2256/1/27,none,,apple-native-likely,农历2255年腊月最后一天；苹果原生日历通常已包含；默认关闭避免重复,
FALSE,spring-festival-lunar2256,春节 Spring Festival,2256/1/28,none,,apple-native-likely,农历2256年正月初一；苹果原生日历通常已包含；默认关闭避免重复,
FALSE,lantern-festival-lunar2256,元宵节 Lantern Festival,2256/2/11,none,,apple-native-likely,农历2256年正月十五；苹果中国大陆日历可能已包含；默认关闭避免重复,
TRUE,dragon-heads-raising-lunar2256,龙抬头 Dragon Heads-raising Day,2256/2/28,none,,lunar,农历2256年二月初二；传统节日；保留,
FALSE,dragon-boat-lunar2256,端午节 Dragon Boat Festival,2256/5/29,none,,apple-native-likely,农历2256年五月初五；苹果原生日历通常已包含；默认关闭避免重复,
FALSE,qixi-lunar2256,七夕节 Qixi Festival,2256/8/27,none,,apple-native-likely,农历2256年七月初七；默认关闭,
TRUE,ghost-festival-lunar2256,中元节 Ghost Festival,2256/9/4,none,,lunar,农历2256年七月十五；中国传统节日,
FALSE,mid-autumn-lunar2256,中秋节 Mid-Autumn Festival,2256/10/3,none,,apple-native-likely,农历2256年八月十五；苹果原生日历通常已包含；默认关闭避免重复,
TRUE,double-ninth-lunar2256,重阳节 Double Ninth Festival,2256/10/27,none,,lunar,农历2256年九月初九；传统节日；保留,
TRUE,black-friday-2256,黑色星期五 Black Friday,2256/11/28,none,,business,美国感恩节后的星期五；按年份计算,
FALSE,laba-lunar2256,腊八节 Laba Festival,2257/1/23,none,,apple-native-likely,农历2256年十二月初八；传统节日；默认关闭,
FALSE,xiaonian-north-lunar2256,北方小年 Northern Little New Year,2257/2/7,none,,apple-native-likely,农历2256年十二月二十三；传统节日；默认关闭,
FALSE,xiaonian-south-lunar2256,南方小年 Southern Little New Year,2257/2/8,none,,apple-native-likely,农历2256年十二月二十四；传统节日；默认关闭,
FALSE,chuxi-lunar2256,除夕 Chinese New Year’s Eve,2257/2/14,none,,apple-native-likely,农历2256年腊月最后一天；苹果原生日历通常已包含；默认关闭避免重复,
FALSE,spring-festival-lunar2257,春节 Spring Festival,2257/2/15,none,,apple-native-likely,农历2257年正月初一；苹果原生日历通常已包含；默认关闭避免重复,
FALSE,lantern-festival-lunar2257,元宵节 Lantern Festival,2257/3/1,none,,apple-native-likely,农历2257年正月十五；苹果中国大陆日历可能已包含；默认关闭避免重复,
TRUE,dragon-heads-raising-lunar2257,龙抬头 Dragon Heads-raising Day,2257/3/18,none,,lunar,农历2257年二月初二；传统节日；保留,
FALSE,dragon-boat-lunar2257,端午节 Dragon Boat Festival,2257/6/17,none,,apple-native-likely,农历2257年五月初五；苹果原生日历通常已包含；默认关闭避免重复,
FALSE,qixi-lunar2257,七夕节 Qixi Festival,2257/8/17,none,,apple-native-likely,农历2257年七月初七；默认关闭,
TRUE,ghost-festival-lunar2257,中元节 Ghost Festival,2257/8/25,none,,lunar,农历2257年七月十五；中国传统节日,
FALSE,mid-autumn-lunar2257,中秋节 Mid-Autumn Festival,2257/9/23,none,,apple-native-likely,农历2257年八月十五；苹果原生日历通常已包含；默认关闭避免重复,
TRUE,double-ninth-lunar2257,重阳节 Double Ninth Festival,2257/10/16,none,,lunar,农历2257年九月初九；传统节日；保留,
TRUE,black-friday-2257,黑色星期五 Black Friday,2257/11/27,none,,business,美国感恩节后的星期五；按年份计算,
FALSE,laba-lunar2257,腊八节 Laba Festival,2258/1/12,none,,apple-native-likely,农历2257年十二月初八；传统节日；默认关闭,
FALSE,xiaonian-north-lunar2257,北方小年 Northern Little New Year,2258/1/27,none,,apple-native-likely,农历2257年十二月二十三；传统节日；默认关闭,
FALSE,xiaonian-south-lunar2257,南方小年 Southern Little New Year,2258/1/28,none,,apple-native-likely,农历2257年十二月二十四；传统节日；默认关闭,
FALSE,chuxi-lunar2257,除夕 Chinese New Year’s Eve,2258/2/3,none,,apple-native-likely,农历2257年腊月最后一天；苹果原生日历通常已包含；默认关闭避免重复,
FALSE,spring-festival-lunar2258,春节 Spring Festival,2258/2/4,none,,apple-native-likely,农历2258年正月初一；苹果原生日历通常已包含；默认关闭避免重复,
FALSE,lantern-festival-lunar2258,元宵节 Lantern Festival,2258/2/18,none,,apple-native-likely,农历2258年正月十五；苹果中国大陆日历可能已包含；默认关闭避免重复,
TRUE,dragon-heads-raising-lunar2258,龙抬头 Dragon Heads-raising Day,2258/3/7,none,,lunar,农历2258年二月初二；传统节日；保留,
FALSE,dragon-boat-lunar2258,端午节 Dragon Boat Festival,2258/6/7,none,,apple-native-likely,农历2258年五月初五；苹果原生日历通常已包含；默认关闭避免重复,
FALSE,qixi-lunar2258,七夕节 Qixi Festival,2258/8/6,none,,apple-native-likely,农历2258年七月初七；默认关闭,
TRUE,ghost-festival-lunar2258,中元节 Ghost Festival,2258/8/14,none,,lunar,农历2258年七月十五；中国传统节日,
FALSE,mid-autumn-lunar2258,中秋节 Mid-Autumn Festival,2258/9/13,none,,apple-native-likely,农历2258年八月十五；苹果原生日历通常已包含；默认关闭避免重复,
TRUE,double-ninth-lunar2258,重阳节 Double Ninth Festival,2258/10/6,none,,lunar,农历2258年九月初九；传统节日；保留,
TRUE,black-friday-2258,黑色星期五 Black Friday,2258/11/26,none,,business,美国感恩节后的星期五；按年份计算,
FALSE,laba-lunar2258,腊八节 Laba Festival,2259/1/1,none,,apple-native-likely,农历2258年十二月初八；传统节日；默认关闭,
FALSE,xiaonian-north-lunar2258,北方小年 Northern Little New Year,2259/1/16,none,,apple-native-likely,农历2258年十二月二十三；传统节日；默认关闭,
FALSE,xiaonian-south-lunar2258,南方小年 Southern Little New Year,2259/1/17,none,,apple-native-likely,农历2258年十二月二十四；传统节日；默认关闭,
FALSE,chuxi-lunar2258,除夕 Chinese New Year’s Eve,2259/1/23,none,,apple-native-likely,农历2258年腊月最后一天；苹果原生日历通常已包含；默认关闭避免重复,
FALSE,spring-festival-lunar2259,春节 Spring Festival,2259/1/24,none,,apple-native-likely,农历2259年正月初一；苹果原生日历通常已包含；默认关闭避免重复,
FALSE,lantern-festival-lunar2259,元宵节 Lantern Festival,2259/2/7,none,,apple-native-likely,农历2259年正月十五；苹果中国大陆日历可能已包含；默认关闭避免重复,
TRUE,dragon-heads-raising-lunar2259,龙抬头 Dragon Heads-raising Day,2259/2/24,none,,lunar,农历2259年二月初二；传统节日；保留,
FALSE,dragon-boat-lunar2259,端午节 Dragon Boat Festival,2259/5/27,none,,apple-native-likely,农历2259年五月初五；苹果原生日历通常已包含；默认关闭避免重复,
FALSE,qixi-lunar2259,七夕节 Qixi Festival,2259/8/25,none,,apple-native-likely,农历2259年七月初七；默认关闭,
TRUE,ghost-festival-lunar2259,中元节 Ghost Festival,2259/9/2,none,,lunar,农历2259年七月十五；中国传统节日,
FALSE,mid-autumn-lunar2259,中秋节 Mid-Autumn Festival,2259/10/2,none,,apple-native-likely,农历2259年八月十五；苹果原生日历通常已包含；默认关闭避免重复,
TRUE,double-ninth-lunar2259,重阳节 Double Ninth Festival,2259/10/25,none,,lunar,农历2259年九月初九；传统节日；保留,
TRUE,black-friday-2259,黑色星期五 Black Friday,2259/11/25,none,,business,美国感恩节后的星期五；按年份计算,
FALSE,laba-lunar2259,腊八节 Laba Festival,2260/1/20,none,,apple-native-likely,农历2259年十二月初八；传统节日；默认关闭,
FALSE,xiaonian-north-lunar2259,北方小年 Northern Little New Year,2260/2/4,none,,apple-native-likely,农历2259年十二月二十三；传统节日；默认关闭,
FALSE,xiaonian-south-lunar2259,南方小年 Southern Little New Year,2260/2/5,none,,apple-native-likely,农历2259年十二月二十四；传统节日；默认关闭,
FALSE,chuxi-lunar2259,除夕 Chinese New Year’s Eve,2260/2/11,none,,apple-native-likely,农历2259年腊月最后一天；苹果原生日历通常已包含；默认关闭避免重复,
FALSE,spring-festival-lunar2260,春节 Spring Festival,2260/2/12,none,,apple-native-likely,农历2260年正月初一；苹果原生日历通常已包含；默认关闭避免重复,
FALSE,lantern-festival-lunar2260,元宵节 Lantern Festival,2260/2/26,none,,apple-native-likely,农历2260年正月十五；苹果中国大陆日历可能已包含；默认关闭避免重复,
TRUE,dragon-heads-raising-lunar2260,龙抬头 Dragon Heads-raising Day,2260/3/14,none,,lunar,农历2260年二月初二；传统节日；保留,
FALSE,dragon-boat-lunar2260,端午节 Dragon Boat Festival,2260/6/14,none,,apple-native-likely,农历2260年五月初五；苹果原生日历通常已包含；默认关闭避免重复,
FALSE,qixi-lunar2260,七夕节 Qixi Festival,2260/8/14,none,,apple-native-likely,农历2260年七月初七；默认关闭,
TRUE,ghost-festival-lunar2260,中元节 Ghost Festival,2260/8/22,none,,lunar,农历2260年七月十五；中国传统节日,
FALSE,mid-autumn-lunar2260,中秋节 Mid-Autumn Festival,2260/9/20,none,,apple-native-likely,农历2260年八月十五；苹果原生日历通常已包含；默认关闭避免重复,
TRUE,double-ninth-lunar2260,重阳节 Double Ninth Festival,2260/10/14,none,,lunar,农历2260年九月初九；传统节日；保留,
TRUE,black-friday-2260,黑色星期五 Black Friday,2260/11/23,none,,business,美国感恩节后的星期五；按年份计算,
FALSE,laba-lunar2260,腊八节 Laba Festival,2261/1/9,none,,apple-native-likely,农历2260年十二月初八；传统节日；默认关闭,
FALSE,xiaonian-north-lunar2260,北方小年 Northern Little New Year,2261/1/24,none,,apple-native-likely,农历2260年十二月二十三；传统节日；默认关闭,
FALSE,xiaonian-south-lunar2260,南方小年 Southern Little New Year,2261/1/25,none,,apple-native-likely,农历2260年十二月二十四；传统节日；默认关闭,
FALSE,chuxi-lunar2260,除夕 Chinese New Year’s Eve,2261/1/30,none,,apple-native-likely,农历2260年腊月最后一天；苹果原生日历通常已包含；默认关闭避免重复,
FALSE,spring-festival-lunar2261,春节 Spring Festival,2261/1/31,none,,apple-native-likely,农历2261年正月初一；苹果原生日历通常已包含；默认关闭避免重复,
FALSE,lantern-festival-lunar2261,元宵节 Lantern Festival,2261/2/14,none,,apple-native-likely,农历2261年正月十五；苹果中国大陆日历可能已包含；默认关闭避免重复,
TRUE,dragon-heads-raising-lunar2261,龙抬头 Dragon Heads-raising Day,2261/3/3,none,,lunar,农历2261年二月初二；传统节日；保留,
FALSE,dragon-boat-lunar2261,端午节 Dragon Boat Festival,2261/6/3,none,,apple-native-likely,农历2261年五月初五；苹果原生日历通常已包含；默认关闭避免重复,
FALSE,qixi-lunar2261,七夕节 Qixi Festival,2261/8/3,none,,apple-native-likely,农历2261年七月初七；默认关闭,
TRUE,ghost-festival-lunar2261,中元节 Ghost Festival,2261/8/11,none,,lunar,农历2261年七月十五；中国传统节日,
FALSE,mid-autumn-lunar2261,中秋节 Mid-Autumn Festival,2261/9/10,none,,apple-native-likely,农历2261年八月十五；苹果原生日历通常已包含；默认关闭避免重复,
TRUE,double-ninth-lunar2261,重阳节 Double Ninth Festival,2261/10/3,none,,lunar,农历2261年九月初九；传统节日；保留,
TRUE,black-friday-2261,黑色星期五 Black Friday,2261/11/29,none,,business,美国感恩节后的星期五；按年份计算,
FALSE,laba-lunar2261,腊八节 Laba Festival,2261/12/30,none,,apple-native-likely,农历2261年十二月初八；传统节日；默认关闭,
FALSE,xiaonian-north-lunar2261,北方小年 Northern Little New Year,2262/1/14,none,,apple-native-likely,农历2261年十二月二十三；传统节日；默认关闭,
FALSE,xiaonian-south-lunar2261,南方小年 Southern Little New Year,2262/1/15,none,,apple-native-likely,农历2261年十二月二十四；传统节日；默认关闭,
FALSE,chuxi-lunar2261,除夕 Chinese New Year’s Eve,2262/1/20,none,,apple-native-likely,农历2261年腊月最后一天；苹果原生日历通常已包含；默认关闭避免重复,
FALSE,spring-festival-lunar2262,春节 Spring Festival,2262/1/21,none,,apple-native-likely,农历2262年正月初一；苹果原生日历通常已包含；默认关闭避免重复,
FALSE,lantern-festival-lunar2262,元宵节 Lantern Festival,2262/2/4,none,,apple-native-likely,农历2262年正月十五；苹果中国大陆日历可能已包含；默认关闭避免重复,
TRUE,dragon-heads-raising-lunar2262,龙抬头 Dragon Heads-raising Day,2262/3/22,none,,lunar,农历2262年二月初二；传统节日；保留,
FALSE,dragon-boat-lunar2262,端午节 Dragon Boat Festival,2262/6/21,none,,apple-native-likely,农历2262年五月初五；苹果原生日历通常已包含；默认关闭避免重复,
FALSE,qixi-lunar2262,七夕节 Qixi Festival,2262/8/22,none,,apple-native-likely,农历2262年七月初七；默认关闭,
TRUE,ghost-festival-lunar2262,中元节 Ghost Festival,2262/8/30,none,,lunar,农历2262年七月十五；中国传统节日,
FALSE,mid-autumn-lunar2262,中秋节 Mid-Autumn Festival,2262/9/28,none,,apple-native-likely,农历2262年八月十五；苹果原生日历通常已包含；默认关闭避免重复,
TRUE,double-ninth-lunar2262,重阳节 Double Ninth Festival,2262/10/22,none,,lunar,农历2262年九月初九；传统节日；保留,
TRUE,black-friday-2262,黑色星期五 Black Friday,2262/11/28,none,,business,美国感恩节后的星期五；按年份计算,
FALSE,laba-lunar2262,腊八节 Laba Festival,2263/1/18,none,,apple-native-likely,农历2262年十二月初八；传统节日；默认关闭,
FALSE,xiaonian-north-lunar2262,北方小年 Northern Little New Year,2263/2/2,none,,apple-native-likely,农历2262年十二月二十三；传统节日；默认关闭,
FALSE,xiaonian-south-lunar2262,南方小年 Southern Little New Year,2263/2/3,none,,apple-native-likely,农历2262年十二月二十四；传统节日；默认关闭,
FALSE,chuxi-lunar2262,除夕 Chinese New Year’s Eve,2263/2/8,none,,apple-native-likely,农历2262年腊月最后一天；苹果原生日历通常已包含；默认关闭避免重复,
FALSE,spring-festival-lunar2263,春节 Spring Festival,2263/2/9,none,,apple-native-likely,农历2263年正月初一；苹果原生日历通常已包含；默认关闭避免重复,
FALSE,lantern-festival-lunar2263,元宵节 Lantern Festival,2263/2/23,none,,apple-native-likely,农历2263年正月十五；苹果中国大陆日历可能已包含；默认关闭避免重复,
TRUE,dragon-heads-raising-lunar2263,龙抬头 Dragon Heads-raising Day,2263/3/12,none,,lunar,农历2263年二月初二；传统节日；保留,
FALSE,dragon-boat-lunar2263,端午节 Dragon Boat Festival,2263/6/11,none,,apple-native-likely,农历2263年五月初五；苹果原生日历通常已包含；默认关闭避免重复,
FALSE,qixi-lunar2263,七夕节 Qixi Festival,2263/8/11,none,,apple-native-likely,农历2263年七月初七；默认关闭,
TRUE,ghost-festival-lunar2263,中元节 Ghost Festival,2263/8/19,none,,lunar,农历2263年七月十五；中国传统节日,
FALSE,mid-autumn-lunar2263,中秋节 Mid-Autumn Festival,2263/9/17,none,,apple-native-likely,农历2263年八月十五；苹果原生日历通常已包含；默认关闭避免重复,
TRUE,double-ninth-lunar2263,重阳节 Double Ninth Festival,2263/10/11,none,,lunar,农历2263年九月初九；传统节日；保留,
TRUE,black-friday-2263,黑色星期五 Black Friday,2263/11/27,none,,business,美国感恩节后的星期五；按年份计算,
FALSE,laba-lunar2263,腊八节 Laba Festival,2264/1/7,none,,apple-native-likely,农历2263年十二月初八；传统节日；默认关闭,
FALSE,xiaonian-north-lunar2263,北方小年 Northern Little New Year,2264/1/22,none,,apple-native-likely,农历2263年十二月二十三；传统节日；默认关闭,
FALSE,xiaonian-south-lunar2263,南方小年 Southern Little New Year,2264/1/23,none,,apple-native-likely,农历2263年十二月二十四；传统节日；默认关闭,
FALSE,chuxi-lunar2263,除夕 Chinese New Year’s Eve,2264/1/29,none,,apple-native-likely,农历2263年腊月最后一天；苹果原生日历通常已包含；默认关闭避免重复,
FALSE,spring-festival-lunar2264,春节 Spring Festival,2264/1/30,none,,apple-native-likely,农历2264年正月初一；苹果原生日历通常已包含；默认关闭避免重复,
FALSE,lantern-festival-lunar2264,元宵节 Lantern Festival,2264/2/13,none,,apple-native-likely,农历2264年正月十五；苹果中国大陆日历可能已包含；默认关闭避免重复,
TRUE,dragon-heads-raising-lunar2264,龙抬头 Dragon Heads-raising Day,2264/2/29,none,,lunar,农历2264年二月初二；传统节日；保留,
FALSE,dragon-boat-lunar2264,端午节 Dragon Boat Festival,2264/5/30,none,,apple-native-likely,农历2264年五月初五；苹果原生日历通常已包含；默认关闭避免重复,
FALSE,qixi-lunar2264,七夕节 Qixi Festival,2264/7/30,none,,apple-native-likely,农历2264年七月初七；默认关闭,
TRUE,ghost-festival-lunar2264,中元节 Ghost Festival,2264/8/7,none,,lunar,农历2264年七月十五；中国传统节日,
FALSE,mid-autumn-lunar2264,中秋节 Mid-Autumn Festival,2264/10/5,none,,apple-native-likely,农历2264年八月十五；苹果原生日历通常已包含；默认关闭避免重复,
TRUE,double-ninth-lunar2264,重阳节 Double Ninth Festival,2264/10/29,none,,lunar,农历2264年九月初九；传统节日；保留,
TRUE,black-friday-2264,黑色星期五 Black Friday,2264/11/25,none,,business,美国感恩节后的星期五；按年份计算,
FALSE,laba-lunar2264,腊八节 Laba Festival,2265/1/25,none,,apple-native-likely,农历2264年十二月初八；传统节日；默认关闭,
FALSE,xiaonian-north-lunar2264,北方小年 Northern Little New Year,2265/2/9,none,,apple-native-likely,农历2264年十二月二十三；传统节日；默认关闭,
FALSE,xiaonian-south-lunar2264,南方小年 Southern Little New Year,2265/2/10,none,,apple-native-likely,农历2264年十二月二十四；传统节日；默认关闭,
FALSE,chuxi-lunar2264,除夕 Chinese New Year’s Eve,2265/2/16,none,,apple-native-likely,农历2264年腊月最后一天；苹果原生日历通常已包含；默认关闭避免重复,
FALSE,spring-festival-lunar2265,春节 Spring Festival,2265/2/17,none,,apple-native-likely,农历2265年正月初一；苹果原生日历通常已包含；默认关闭避免重复,
FALSE,lantern-festival-lunar2265,元宵节 Lantern Festival,2265/3/3,none,,apple-native-likely,农历2265年正月十五；苹果中国大陆日历可能已包含；默认关闭避免重复,
TRUE,dragon-heads-raising-lunar2265,龙抬头 Dragon Heads-raising Day,2265/3/19,none,,lunar,农历2265年二月初二；传统节日；保留,
FALSE,dragon-boat-lunar2265,端午节 Dragon Boat Festival,2265/6/18,none,,apple-native-likely,农历2265年五月初五；苹果原生日历通常已包含；默认关闭避免重复,
FALSE,qixi-lunar2265,七夕节 Qixi Festival,2265/8/18,none,,apple-native-likely,农历2265年七月初七；默认关闭,
TRUE,ghost-festival-lunar2265,中元节 Ghost Festival,2265/8/26,none,,lunar,农历2265年七月十五；中国传统节日,
FALSE,mid-autumn-lunar2265,中秋节 Mid-Autumn Festival,2265/9/24,none,,apple-native-likely,农历2265年八月十五；苹果原生日历通常已包含；默认关闭避免重复,
TRUE,double-ninth-lunar2265,重阳节 Double Ninth Festival,2265/10/18,none,,lunar,农历2265年九月初九；传统节日；保留,
TRUE,black-friday-2265,黑色星期五 Black Friday,2265/11/24,none,,business,美国感恩节后的星期五；按年份计算,
FALSE,laba-lunar2265,腊八节 Laba Festival,2266/1/14,none,,apple-native-likely,农历2265年十二月初八；传统节日；默认关闭,
FALSE,xiaonian-north-lunar2265,北方小年 Northern Little New Year,2266/1/29,none,,apple-native-likely,农历2265年十二月二十三；传统节日；默认关闭,
FALSE,xiaonian-south-lunar2265,南方小年 Southern Little New Year,2266/1/30,none,,apple-native-likely,农历2265年十二月二十四；传统节日；默认关闭,
FALSE,chuxi-lunar2265,除夕 Chinese New Year’s Eve,2266/2/5,none,,apple-native-likely,农历2265年腊月最后一天；苹果原生日历通常已包含；默认关闭避免重复,
FALSE,spring-festival-lunar2266,春节 Spring Festival,2266/2/6,none,,apple-native-likely,农历2266年正月初一；苹果原生日历通常已包含；默认关闭避免重复,
FALSE,lantern-festival-lunar2266,元宵节 Lantern Festival,2266/2/20,none,,apple-native-likely,农历2266年正月十五；苹果中国大陆日历可能已包含；默认关闭避免重复,
TRUE,dragon-heads-raising-lunar2266,龙抬头 Dragon Heads-raising Day,2266/3/9,none,,lunar,农历2266年二月初二；传统节日；保留,
FALSE,dragon-boat-lunar2266,端午节 Dragon Boat Festival,2266/6/8,none,,apple-native-likely,农历2266年五月初五；苹果原生日历通常已包含；默认关闭避免重复,
FALSE,qixi-lunar2266,七夕节 Qixi Festival,2266/8/8,none,,apple-native-likely,农历2266年七月初七；默认关闭,
TRUE,ghost-festival-lunar2266,中元节 Ghost Festival,2266/8/16,none,,lunar,农历2266年七月十五；中国传统节日,
FALSE,mid-autumn-lunar2266,中秋节 Mid-Autumn Festival,2266/9/14,none,,apple-native-likely,农历2266年八月十五；苹果原生日历通常已包含；默认关闭避免重复,
TRUE,double-ninth-lunar2266,重阳节 Double Ninth Festival,2266/10/7,none,,lunar,农历2266年九月初九；传统节日；保留,
TRUE,black-friday-2266,黑色星期五 Black Friday,2266/11/23,none,,business,美国感恩节后的星期五；按年份计算,
FALSE,laba-lunar2266,腊八节 Laba Festival,2267/1/3,none,,apple-native-likely,农历2266年十二月初八；传统节日；默认关闭,
FALSE,xiaonian-north-lunar2266,北方小年 Northern Little New Year,2267/1/18,none,,apple-native-likely,农历2266年十二月二十三；传统节日；默认关闭,
FALSE,xiaonian-south-lunar2266,南方小年 Southern Little New Year,2267/1/19,none,,apple-native-likely,农历2266年十二月二十四；传统节日；默认关闭,
FALSE,chuxi-lunar2266,除夕 Chinese New Year’s Eve,2267/1/25,none,,apple-native-likely,农历2266年腊月最后一天；苹果原生日历通常已包含；默认关闭避免重复,
FALSE,spring-festival-lunar2267,春节 Spring Festival,2267/1/26,none,,apple-native-likely,农历2267年正月初一；苹果原生日历通常已包含；默认关闭避免重复,
FALSE,lantern-festival-lunar2267,元宵节 Lantern Festival,2267/2/9,none,,apple-native-likely,农历2267年正月十五；苹果中国大陆日历可能已包含；默认关闭避免重复,
TRUE,dragon-heads-raising-lunar2267,龙抬头 Dragon Heads-raising Day,2267/2/26,none,,lunar,农历2267年二月初二；传统节日；保留,
FALSE,dragon-boat-lunar2267,端午节 Dragon Boat Festival,2267/5/29,none,,apple-native-likely,农历2267年五月初五；苹果原生日历通常已包含；默认关闭避免重复,
FALSE,qixi-lunar2267,七夕节 Qixi Festival,2267/8/27,none,,apple-native-likely,农历2267年七月初七；默认关闭,
TRUE,ghost-festival-lunar2267,中元节 Ghost Festival,2267/9/4,none,,lunar,农历2267年七月十五；中国传统节日,
FALSE,mid-autumn-lunar2267,中秋节 Mid-Autumn Festival,2267/10/3,none,,apple-native-likely,农历2267年八月十五；苹果原生日历通常已包含；默认关闭避免重复,
TRUE,double-ninth-lunar2267,重阳节 Double Ninth Festival,2267/10/26,none,,lunar,农历2267年九月初九；传统节日；保留,
TRUE,black-friday-2267,黑色星期五 Black Friday,2267/11/29,none,,business,美国感恩节后的星期五；按年份计算,
FALSE,laba-lunar2267,腊八节 Laba Festival,2268/1/22,none,,apple-native-likely,农历2267年十二月初八；传统节日；默认关闭,
FALSE,xiaonian-north-lunar2267,北方小年 Northern Little New Year,2268/2/6,none,,apple-native-likely,农历2267年十二月二十三；传统节日；默认关闭,
FALSE,xiaonian-south-lunar2267,南方小年 Southern Little New Year,2268/2/7,none,,apple-native-likely,农历2267年十二月二十四；传统节日；默认关闭,
FALSE,chuxi-lunar2267,除夕 Chinese New Year’s Eve,2268/2/13,none,,apple-native-likely,农历2267年腊月最后一天；苹果原生日历通常已包含；默认关闭避免重复,
FALSE,spring-festival-lunar2268,春节 Spring Festival,2268/2/14,none,,apple-native-likely,农历2268年正月初一；苹果原生日历通常已包含；默认关闭避免重复,
FALSE,lantern-festival-lunar2268,元宵节 Lantern Festival,2268/2/28,none,,apple-native-likely,农历2268年正月十五；苹果中国大陆日历可能已包含；默认关闭避免重复,
TRUE,dragon-heads-raising-lunar2268,龙抬头 Dragon Heads-raising Day,2268/3/15,none,,lunar,农历2268年二月初二；传统节日；保留,
FALSE,dragon-boat-lunar2268,端午节 Dragon Boat Festival,2268/6/15,none,,apple-native-likely,农历2268年五月初五；苹果原生日历通常已包含；默认关闭避免重复,
FALSE,qixi-lunar2268,七夕节 Qixi Festival,2268/8/15,none,,apple-native-likely,农历2268年七月初七；默认关闭,
TRUE,ghost-festival-lunar2268,中元节 Ghost Festival,2268/8/23,none,,lunar,农历2268年七月十五；中国传统节日,
FALSE,mid-autumn-lunar2268,中秋节 Mid-Autumn Festival,2268/9/22,none,,apple-native-likely,农历2268年八月十五；苹果原生日历通常已包含；默认关闭避免重复,
TRUE,double-ninth-lunar2268,重阳节 Double Ninth Festival,2268/10/15,none,,lunar,农历2268年九月初九；传统节日；保留,
TRUE,black-friday-2268,黑色星期五 Black Friday,2268/11/27,none,,business,美国感恩节后的星期五；按年份计算,
FALSE,laba-lunar2268,腊八节 Laba Festival,2269/1/10,none,,apple-native-likely,农历2268年十二月初八；传统节日；默认关闭,
FALSE,xiaonian-north-lunar2268,北方小年 Northern Little New Year,2269/1/25,none,,apple-native-likely,农历2268年十二月二十三；传统节日；默认关闭,
FALSE,xiaonian-south-lunar2268,南方小年 Southern Little New Year,2269/1/26,none,,apple-native-likely,农历2268年十二月二十四；传统节日；默认关闭,
FALSE,chuxi-lunar2268,除夕 Chinese New Year’s Eve,2269/2/1,none,,apple-native-likely,农历2268年腊月最后一天；苹果原生日历通常已包含；默认关闭避免重复,
FALSE,spring-festival-lunar2269,春节 Spring Festival,2269/2/2,none,,apple-native-likely,农历2269年正月初一；苹果原生日历通常已包含；默认关闭避免重复,
FALSE,lantern-festival-lunar2269,元宵节 Lantern Festival,2269/2/16,none,,apple-native-likely,农历2269年正月十五；苹果中国大陆日历可能已包含；默认关闭避免重复,
TRUE,dragon-heads-raising-lunar2269,龙抬头 Dragon Heads-raising Day,2269/3/5,none,,lunar,农历2269年二月初二；传统节日；保留,
FALSE,dragon-boat-lunar2269,端午节 Dragon Boat Festival,2269/6/4,none,,apple-native-likely,农历2269年五月初五；苹果原生日历通常已包含；默认关闭避免重复,
FALSE,qixi-lunar2269,七夕节 Qixi Festival,2269/8/5,none,,apple-native-likely,农历2269年七月初七；默认关闭,
TRUE,ghost-festival-lunar2269,中元节 Ghost Festival,2269/8/13,none,,lunar,农历2269年七月十五；中国传统节日,
FALSE,mid-autumn-lunar2269,中秋节 Mid-Autumn Festival,2269/9/11,none,,apple-native-likely,农历2269年八月十五；苹果原生日历通常已包含；默认关闭避免重复,
TRUE,double-ninth-lunar2269,重阳节 Double Ninth Festival,2269/10/5,none,,lunar,农历2269年九月初九；传统节日；保留,
TRUE,black-friday-2269,黑色星期五 Black Friday,2269/11/26,none,,business,美国感恩节后的星期五；按年份计算,
FALSE,laba-lunar2269,腊八节 Laba Festival,2269/12/31,none,,apple-native-likely,农历2269年十二月初八；传统节日；默认关闭,
FALSE,xiaonian-north-lunar2269,北方小年 Northern Little New Year,2270/1/15,none,,apple-native-likely,农历2269年十二月二十三；传统节日；默认关闭,
FALSE,xiaonian-south-lunar2269,南方小年 Southern Little New Year,2270/1/16,none,,apple-native-likely,农历2269年十二月二十四；传统节日；默认关闭,
FALSE,chuxi-lunar2269,除夕 Chinese New Year’s Eve,2270/1/21,none,,apple-native-likely,农历2269年腊月最后一天；苹果原生日历通常已包含；默认关闭避免重复,
FALSE,spring-festival-lunar2270,春节 Spring Festival,2270/1/22,none,,apple-native-likely,农历2270年正月初一；苹果原生日历通常已包含；默认关闭避免重复,
FALSE,lantern-festival-lunar2270,元宵节 Lantern Festival,2270/2/5,none,,apple-native-likely,农历2270年正月十五；苹果中国大陆日历可能已包含；默认关闭避免重复,
TRUE,dragon-heads-raising-lunar2270,龙抬头 Dragon Heads-raising Day,2270/2/22,none,,lunar,农历2270年二月初二；传统节日；保留,
FALSE,dragon-boat-lunar2270,端午节 Dragon Boat Festival,2270/6/23,none,,apple-native-likely,农历2270年五月初五；苹果原生日历通常已包含；默认关闭避免重复,
FALSE,qixi-lunar2270,七夕节 Qixi Festival,2270/8/23,none,,apple-native-likely,农历2270年七月初七；默认关闭,
TRUE,ghost-festival-lunar2270,中元节 Ghost Festival,2270/8/31,none,,lunar,农历2270年七月十五；中国传统节日,
FALSE,mid-autumn-lunar2270,中秋节 Mid-Autumn Festival,2270/9/30,none,,apple-native-likely,农历2270年八月十五；苹果原生日历通常已包含；默认关闭避免重复,
TRUE,double-ninth-lunar2270,重阳节 Double Ninth Festival,2270/10/24,none,,lunar,农历2270年九月初九；传统节日；保留,
TRUE,black-friday-2270,黑色星期五 Black Friday,2270/11/25,none,,business,美国感恩节后的星期五；按年份计算,
FALSE,laba-lunar2270,腊八节 Laba Festival,2271/1/19,none,,apple-native-likely,农历2270年十二月初八；传统节日；默认关闭,
FALSE,xiaonian-north-lunar2270,北方小年 Northern Little New Year,2271/2/3,none,,apple-native-likely,农历2270年十二月二十三；传统节日；默认关闭,
FALSE,xiaonian-south-lunar2270,南方小年 Southern Little New Year,2271/2/4,none,,apple-native-likely,农历2270年十二月二十四；传统节日；默认关闭,
FALSE,chuxi-lunar2270,除夕 Chinese New Year’s Eve,2271/2/10,none,,apple-native-likely,农历2270年腊月最后一天；苹果原生日历通常已包含；默认关闭避免重复,
FALSE,spring-festival-lunar2271,春节 Spring Festival,2271/2/11,none,,apple-native-likely,农历2271年正月初一；苹果原生日历通常已包含；默认关闭避免重复,
FALSE,lantern-festival-lunar2271,元宵节 Lantern Festival,2271/2/25,none,,apple-native-likely,农历2271年正月十五；苹果中国大陆日历可能已包含；默认关闭避免重复,
TRUE,dragon-heads-raising-lunar2271,龙抬头 Dragon Heads-raising Day,2271/3/13,none,,lunar,农历2271年二月初二；传统节日；保留,
FALSE,dragon-boat-lunar2271,端午节 Dragon Boat Festival,2271/6/12,none,,apple-native-likely,农历2271年五月初五；苹果原生日历通常已包含；默认关闭避免重复,
FALSE,qixi-lunar2271,七夕节 Qixi Festival,2271/8/12,none,,apple-native-likely,农历2271年七月初七；默认关闭,
TRUE,ghost-festival-lunar2271,中元节 Ghost Festival,2271/8/20,none,,lunar,农历2271年七月十五；中国传统节日,
FALSE,mid-autumn-lunar2271,中秋节 Mid-Autumn Festival,2271/9/19,none,,apple-native-likely,农历2271年八月十五；苹果原生日历通常已包含；默认关闭避免重复,
TRUE,double-ninth-lunar2271,重阳节 Double Ninth Festival,2271/10/13,none,,lunar,农历2271年九月初九；传统节日；保留,
TRUE,black-friday-2271,黑色星期五 Black Friday,2271/11/24,none,,business,美国感恩节后的星期五；按年份计算,
FALSE,laba-lunar2271,腊八节 Laba Festival,2272/1/9,none,,apple-native-likely,农历2271年十二月初八；传统节日；默认关闭,
FALSE,xiaonian-north-lunar2271,北方小年 Northern Little New Year,2272/1/24,none,,apple-native-likely,农历2271年十二月二十三；传统节日；默认关闭,
FALSE,xiaonian-south-lunar2271,南方小年 Southern Little New Year,2272/1/25,none,,apple-native-likely,农历2271年十二月二十四；传统节日；默认关闭,
FALSE,chuxi-lunar2271,除夕 Chinese New Year’s Eve,2272/1/30,none,,apple-native-likely,农历2271年腊月最后一天；苹果原生日历通常已包含；默认关闭避免重复,
FALSE,spring-festival-lunar2272,春节 Spring Festival,2272/1/31,none,,apple-native-likely,农历2272年正月初一；苹果原生日历通常已包含；默认关闭避免重复,
FALSE,lantern-festival-lunar2272,元宵节 Lantern Festival,2272/2/14,none,,apple-native-likely,农历2272年正月十五；苹果中国大陆日历可能已包含；默认关闭避免重复,
TRUE,dragon-heads-raising-lunar2272,龙抬头 Dragon Heads-raising Day,2272/3/2,none,,lunar,农历2272年二月初二；传统节日；保留,
FALSE,dragon-boat-lunar2272,端午节 Dragon Boat Festival,2272/6/1,none,,apple-native-likely,农历2272年五月初五；苹果原生日历通常已包含；默认关闭避免重复,
FALSE,qixi-lunar2272,七夕节 Qixi Festival,2272/8/1,none,,apple-native-likely,农历2272年七月初七；默认关闭,
TRUE,ghost-festival-lunar2272,中元节 Ghost Festival,2272/8/9,none,,lunar,农历2272年七月十五；中国传统节日,
FALSE,mid-autumn-lunar2272,中秋节 Mid-Autumn Festival,2272/9/7,none,,apple-native-likely,农历2272年八月十五；苹果原生日历通常已包含；默认关闭避免重复,
TRUE,double-ninth-lunar2272,重阳节 Double Ninth Festival,2272/10/31,none,,lunar,农历2272年九月初九；传统节日；保留,
TRUE,black-friday-2272,黑色星期五 Black Friday,2272/11/29,none,,business,美国感恩节后的星期五；按年份计算,
FALSE,laba-lunar2272,腊八节 Laba Festival,2273/1/27,none,,apple-native-likely,农历2272年十二月初八；传统节日；默认关闭,
FALSE,xiaonian-north-lunar2272,北方小年 Northern Little New Year,2273/2/11,none,,apple-native-likely,农历2272年十二月二十三；传统节日；默认关闭,
FALSE,xiaonian-south-lunar2272,南方小年 Southern Little New Year,2273/2/12,none,,apple-native-likely,农历2272年十二月二十四；传统节日；默认关闭,
FALSE,chuxi-lunar2272,除夕 Chinese New Year’s Eve,2273/2/17,none,,apple-native-likely,农历2272年腊月最后一天；苹果原生日历通常已包含；默认关闭避免重复,
FALSE,spring-festival-lunar2273,春节 Spring Festival,2273/2/18,none,,apple-native-likely,农历2273年正月初一；苹果原生日历通常已包含；默认关闭避免重复,
FALSE,lantern-festival-lunar2273,元宵节 Lantern Festival,2273/3/4,none,,apple-native-likely,农历2273年正月十五；苹果中国大陆日历可能已包含；默认关闭避免重复,
TRUE,dragon-heads-raising-lunar2273,龙抬头 Dragon Heads-raising Day,2273/3/21,none,,lunar,农历2273年二月初二；传统节日；保留,
FALSE,dragon-boat-lunar2273,端午节 Dragon Boat Festival,2273/6/20,none,,apple-native-likely,农历2273年五月初五；苹果原生日历通常已包含；默认关闭避免重复,
FALSE,qixi-lunar2273,七夕节 Qixi Festival,2273/8/19,none,,apple-native-likely,农历2273年七月初七；默认关闭,
TRUE,ghost-festival-lunar2273,中元节 Ghost Festival,2273/8/27,none,,lunar,农历2273年七月十五；中国传统节日,
FALSE,mid-autumn-lunar2273,中秋节 Mid-Autumn Festival,2273/9/26,none,,apple-native-likely,农历2273年八月十五；苹果原生日历通常已包含；默认关闭避免重复,
TRUE,double-ninth-lunar2273,重阳节 Double Ninth Festival,2273/10/20,none,,lunar,农历2273年九月初九；传统节日；保留,
TRUE,black-friday-2273,黑色星期五 Black Friday,2273/11/28,none,,business,美国感恩节后的星期五；按年份计算,
FALSE,laba-lunar2273,腊八节 Laba Festival,2274/1/16,none,,apple-native-likely,农历2273年十二月初八；传统节日；默认关闭,
FALSE,xiaonian-north-lunar2273,北方小年 Northern Little New Year,2274/1/31,none,,apple-native-likely,农历2273年十二月二十三；传统节日；默认关闭,
FALSE,xiaonian-south-lunar2273,南方小年 Southern Little New Year,2274/2/1,none,,apple-native-likely,农历2273年十二月二十四；传统节日；默认关闭,
FALSE,chuxi-lunar2273,除夕 Chinese New Year’s Eve,2274/2/7,none,,apple-native-likely,农历2273年腊月最后一天；苹果原生日历通常已包含；默认关闭避免重复,
FALSE,spring-festival-lunar2274,春节 Spring Festival,2274/2/8,none,,apple-native-likely,农历2274年正月初一；苹果原生日历通常已包含；默认关闭避免重复,
FALSE,lantern-festival-lunar2274,元宵节 Lantern Festival,2274/2/22,none,,apple-native-likely,农历2274年正月十五；苹果中国大陆日历可能已包含；默认关闭避免重复,
TRUE,dragon-heads-raising-lunar2274,龙抬头 Dragon Heads-raising Day,2274/3/10,none,,lunar,农历2274年二月初二；传统节日；保留,
FALSE,dragon-boat-lunar2274,端午节 Dragon Boat Festival,2274/6/9,none,,apple-native-likely,农历2274年五月初五；苹果原生日历通常已包含；默认关闭避免重复,
FALSE,qixi-lunar2274,七夕节 Qixi Festival,2274/8/9,none,,apple-native-likely,农历2274年七月初七；默认关闭,
TRUE,ghost-festival-lunar2274,中元节 Ghost Festival,2274/8/17,none,,lunar,农历2274年七月十五；中国传统节日,
FALSE,mid-autumn-lunar2274,中秋节 Mid-Autumn Festival,2274/9/15,none,,apple-native-likely,农历2274年八月十五；苹果原生日历通常已包含；默认关闭避免重复,
TRUE,double-ninth-lunar2274,重阳节 Double Ninth Festival,2274/10/9,none,,lunar,农历2274年九月初九；传统节日；保留,
TRUE,black-friday-2274,黑色星期五 Black Friday,2274/11/27,none,,business,美国感恩节后的星期五；按年份计算,
FALSE,laba-lunar2274,腊八节 Laba Festival,2275/1/5,none,,apple-native-likely,农历2274年十二月初八；传统节日；默认关闭,
FALSE,xiaonian-north-lunar2274,北方小年 Northern Little New Year,2275/1/20,none,,apple-native-likely,农历2274年十二月二十三；传统节日；默认关闭,
FALSE,xiaonian-south-lunar2274,南方小年 Southern Little New Year,2275/1/21,none,,apple-native-likely,农历2274年十二月二十四；传统节日；默认关闭,
FALSE,chuxi-lunar2274,除夕 Chinese New Year’s Eve,2275/1/27,none,,apple-native-likely,农历2274年腊月最后一天；苹果原生日历通常已包含；默认关闭避免重复,
FALSE,spring-festival-lunar2275,春节 Spring Festival,2275/1/28,none,,apple-native-likely,农历2275年正月初一；苹果原生日历通常已包含；默认关闭避免重复,
FALSE,lantern-festival-lunar2275,元宵节 Lantern Festival,2275/2/11,none,,apple-native-likely,农历2275年正月十五；苹果中国大陆日历可能已包含；默认关闭避免重复,
TRUE,dragon-heads-raising-lunar2275,龙抬头 Dragon Heads-raising Day,2275/2/27,none,,lunar,农历2275年二月初二；传统节日；保留,
FALSE,dragon-boat-lunar2275,端午节 Dragon Boat Festival,2275/5/30,none,,apple-native-likely,农历2275年五月初五；苹果原生日历通常已包含；默认关闭避免重复,
FALSE,qixi-lunar2275,七夕节 Qixi Festival,2275/8/28,none,,apple-native-likely,农历2275年七月初七；默认关闭,
TRUE,ghost-festival-lunar2275,中元节 Ghost Festival,2275/9/5,none,,lunar,农历2275年七月十五；中国传统节日,
FALSE,mid-autumn-lunar2275,中秋节 Mid-Autumn Festival,2275/10/4,none,,apple-native-likely,农历2275年八月十五；苹果原生日历通常已包含；默认关闭避免重复,
TRUE,double-ninth-lunar2275,重阳节 Double Ninth Festival,2275/10/28,none,,lunar,农历2275年九月初九；传统节日；保留,
TRUE,black-friday-2275,黑色星期五 Black Friday,2275/11/26,none,,business,美国感恩节后的星期五；按年份计算,
FALSE,laba-lunar2275,腊八节 Laba Festival,2276/1/24,none,,apple-native-likely,农历2275年十二月初八；传统节日；默认关闭,
FALSE,xiaonian-north-lunar2275,北方小年 Northern Little New Year,2276/2/8,none,,apple-native-likely,农历2275年十二月二十三；传统节日；默认关闭,
FALSE,xiaonian-south-lunar2275,南方小年 Southern Little New Year,2276/2/9,none,,apple-native-likely,农历2275年十二月二十四；传统节日；默认关闭,
FALSE,chuxi-lunar2275,除夕 Chinese New Year’s Eve,2276/2/14,none,,apple-native-likely,农历2275年腊月最后一天；苹果原生日历通常已包含；默认关闭避免重复,
FALSE,spring-festival-lunar2276,春节 Spring Festival,2276/2/15,none,,apple-native-likely,农历2276年正月初一；苹果原生日历通常已包含；默认关闭避免重复,
FALSE,lantern-festival-lunar2276,元宵节 Lantern Festival,2276/2/29,none,,apple-native-likely,农历2276年正月十五；苹果中国大陆日历可能已包含；默认关闭避免重复,
TRUE,dragon-heads-raising-lunar2276,龙抬头 Dragon Heads-raising Day,2276/3/17,none,,lunar,农历2276年二月初二；传统节日；保留,
FALSE,dragon-boat-lunar2276,端午节 Dragon Boat Festival,2276/6/17,none,,apple-native-likely,农历2276年五月初五；苹果原生日历通常已包含；默认关闭避免重复,
FALSE,qixi-lunar2276,七夕节 Qixi Festival,2276/8/17,none,,apple-native-likely,农历2276年七月初七；默认关闭,
TRUE,ghost-festival-lunar2276,中元节 Ghost Festival,2276/8/25,none,,lunar,农历2276年七月十五；中国传统节日,
FALSE,mid-autumn-lunar2276,中秋节 Mid-Autumn Festival,2276/9/23,none,,apple-native-likely,农历2276年八月十五；苹果原生日历通常已包含；默认关闭避免重复,
TRUE,double-ninth-lunar2276,重阳节 Double Ninth Festival,2276/10/16,none,,lunar,农历2276年九月初九；传统节日；保留,
TRUE,black-friday-2276,黑色星期五 Black Friday,2276/11/24,none,,business,美国感恩节后的星期五；按年份计算,
FALSE,laba-lunar2276,腊八节 Laba Festival,2277/1/12,none,,apple-native-likely,农历2276年十二月初八；传统节日；默认关闭,
FALSE,xiaonian-north-lunar2276,北方小年 Northern Little New Year,2277/1/27,none,,apple-native-likely,农历2276年十二月二十三；传统节日；默认关闭,
FALSE,xiaonian-south-lunar2276,南方小年 Southern Little New Year,2277/1/28,none,,apple-native-likely,农历2276年十二月二十四；传统节日；默认关闭,
FALSE,chuxi-lunar2276,除夕 Chinese New Year’s Eve,2277/2/2,none,,apple-native-likely,农历2276年腊月最后一天；苹果原生日历通常已包含；默认关闭避免重复,
FALSE,spring-festival-lunar2277,春节 Spring Festival,2277/2/3,none,,apple-native-likely,农历2277年正月初一；苹果原生日历通常已包含；默认关闭避免重复,
FALSE,lantern-festival-lunar2277,元宵节 Lantern Festival,2277/2/17,none,,apple-native-likely,农历2277年正月十五；苹果中国大陆日历可能已包含；默认关闭避免重复,
TRUE,dragon-heads-raising-lunar2277,龙抬头 Dragon Heads-raising Day,2277/3/6,none,,lunar,农历2277年二月初二；传统节日；保留,
FALSE,dragon-boat-lunar2277,端午节 Dragon Boat Festival,2277/6/6,none,,apple-native-likely,农历2277年五月初五；苹果原生日历通常已包含；默认关闭避免重复,
FALSE,qixi-lunar2277,七夕节 Qixi Festival,2277/8/6,none,,apple-native-likely,农历2277年七月初七；默认关闭,
TRUE,ghost-festival-lunar2277,中元节 Ghost Festival,2277/8/14,none,,lunar,农历2277年七月十五；中国传统节日,
FALSE,mid-autumn-lunar2277,中秋节 Mid-Autumn Festival,2277/9/13,none,,apple-native-likely,农历2277年八月十五；苹果原生日历通常已包含；默认关闭避免重复,
TRUE,double-ninth-lunar2277,重阳节 Double Ninth Festival,2277/10/6,none,,lunar,农历2277年九月初九；传统节日；保留,
TRUE,black-friday-2277,黑色星期五 Black Friday,2277/11/23,none,,business,美国感恩节后的星期五；按年份计算,
FALSE,laba-lunar2277,腊八节 Laba Festival,2278/1/1,none,,apple-native-likely,农历2277年十二月初八；传统节日；默认关闭,
FALSE,xiaonian-north-lunar2277,北方小年 Northern Little New Year,2278/1/16,none,,apple-native-likely,农历2277年十二月二十三；传统节日；默认关闭,
FALSE,xiaonian-south-lunar2277,南方小年 Southern Little New Year,2278/1/17,none,,apple-native-likely,农历2277年十二月二十四；传统节日；默认关闭,
FALSE,chuxi-lunar2277,除夕 Chinese New Year’s Eve,2278/1/23,none,,apple-native-likely,农历2277年腊月最后一天；苹果原生日历通常已包含；默认关闭避免重复,
FALSE,spring-festival-lunar2278,春节 Spring Festival,2278/1/24,none,,apple-native-likely,农历2278年正月初一；苹果原生日历通常已包含；默认关闭避免重复,
FALSE,lantern-festival-lunar2278,元宵节 Lantern Festival,2278/2/7,none,,apple-native-likely,农历2278年正月十五；苹果中国大陆日历可能已包含；默认关闭避免重复,
TRUE,dragon-heads-raising-lunar2278,龙抬头 Dragon Heads-raising Day,2278/2/23,none,,lunar,农历2278年二月初二；传统节日；保留,
FALSE,dragon-boat-lunar2278,端午节 Dragon Boat Festival,2278/6/25,none,,apple-native-likely,农历2278年五月初五；苹果原生日历通常已包含；默认关闭避免重复,
FALSE,qixi-lunar2278,七夕节 Qixi Festival,2278/8/25,none,,apple-native-likely,农历2278年七月初七；默认关闭,
TRUE,ghost-festival-lunar2278,中元节 Ghost Festival,2278/9/2,none,,lunar,农历2278年七月十五；中国传统节日,
FALSE,mid-autumn-lunar2278,中秋节 Mid-Autumn Festival,2278/10/2,none,,apple-native-likely,农历2278年八月十五；苹果原生日历通常已包含；默认关闭避免重复,
TRUE,double-ninth-lunar2278,重阳节 Double Ninth Festival,2278/10/25,none,,lunar,农历2278年九月初九；传统节日；保留,
TRUE,black-friday-2278,黑色星期五 Black Friday,2278/11/29,none,,business,美国感恩节后的星期五；按年份计算,
FALSE,laba-lunar2278,腊八节 Laba Festival,2279/1/20,none,,apple-native-likely,农历2278年十二月初八；传统节日；默认关闭,
FALSE,xiaonian-north-lunar2278,北方小年 Northern Little New Year,2279/2/4,none,,apple-native-likely,农历2278年十二月二十三；传统节日；默认关闭,
FALSE,xiaonian-south-lunar2278,南方小年 Southern Little New Year,2279/2/5,none,,apple-native-likely,农历2278年十二月二十四；传统节日；默认关闭,
FALSE,chuxi-lunar2278,除夕 Chinese New Year’s Eve,2279/2/11,none,,apple-native-likely,农历2278年腊月最后一天；苹果原生日历通常已包含；默认关闭避免重复,
FALSE,spring-festival-lunar2279,春节 Spring Festival,2279/2/12,none,,apple-native-likely,农历2279年正月初一；苹果原生日历通常已包含；默认关闭避免重复,
FALSE,lantern-festival-lunar2279,元宵节 Lantern Festival,2279/2/26,none,,apple-native-likely,农历2279年正月十五；苹果中国大陆日历可能已包含；默认关闭避免重复,
TRUE,dragon-heads-raising-lunar2279,龙抬头 Dragon Heads-raising Day,2279/3/14,none,,lunar,农历2279年二月初二；传统节日；保留,
FALSE,dragon-boat-lunar2279,端午节 Dragon Boat Festival,2279/6/14,none,,apple-native-likely,农历2279年五月初五；苹果原生日历通常已包含；默认关闭避免重复,
FALSE,qixi-lunar2279,七夕节 Qixi Festival,2279/8/14,none,,apple-native-likely,农历2279年七月初七；默认关闭,
TRUE,ghost-festival-lunar2279,中元节 Ghost Festival,2279/8/22,none,,lunar,农历2279年七月十五；中国传统节日,
FALSE,mid-autumn-lunar2279,中秋节 Mid-Autumn Festival,2279/9/21,none,,apple-native-likely,农历2279年八月十五；苹果原生日历通常已包含；默认关闭避免重复,
TRUE,double-ninth-lunar2279,重阳节 Double Ninth Festival,2279/10/14,none,,lunar,农历2279年九月初九；传统节日；保留,
TRUE,black-friday-2279,黑色星期五 Black Friday,2279/11/28,none,,business,美国感恩节后的星期五；按年份计算,
FALSE,laba-lunar2279,腊八节 Laba Festival,2280/1/10,none,,apple-native-likely,农历2279年十二月初八；传统节日；默认关闭,
FALSE,xiaonian-north-lunar2279,北方小年 Northern Little New Year,2280/1/25,none,,apple-native-likely,农历2279年十二月二十三；传统节日；默认关闭,
FALSE,xiaonian-south-lunar2279,南方小年 Southern Little New Year,2280/1/26,none,,apple-native-likely,农历2279年十二月二十四；传统节日；默认关闭,
FALSE,chuxi-lunar2279,除夕 Chinese New Year’s Eve,2280/2/1,none,,apple-native-likely,农历2279年腊月最后一天；苹果原生日历通常已包含；默认关闭避免重复,
FALSE,spring-festival-lunar2280,春节 Spring Festival,2280/2/2,none,,apple-native-likely,农历2280年正月初一；苹果原生日历通常已包含；默认关闭避免重复,
FALSE,lantern-festival-lunar2280,元宵节 Lantern Festival,2280/2/16,none,,apple-native-likely,农历2280年正月十五；苹果中国大陆日历可能已包含；默认关闭避免重复,
TRUE,dragon-heads-raising-lunar2280,龙抬头 Dragon Heads-raising Day,2280/3/3,none,,lunar,农历2280年二月初二；传统节日；保留,
FALSE,dragon-boat-lunar2280,端午节 Dragon Boat Festival,2280/6/2,none,,apple-native-likely,农历2280年五月初五；苹果原生日历通常已包含；默认关闭避免重复,
FALSE,qixi-lunar2280,七夕节 Qixi Festival,2280/8/2,none,,apple-native-likely,农历2280年七月初七；默认关闭,
TRUE,ghost-festival-lunar2280,中元节 Ghost Festival,2280/8/10,none,,lunar,农历2280年七月十五；中国传统节日,
FALSE,mid-autumn-lunar2280,中秋节 Mid-Autumn Festival,2280/9/9,none,,apple-native-likely,农历2280年八月十五；苹果原生日历通常已包含；默认关闭避免重复,
TRUE,double-ninth-lunar2280,重阳节 Double Ninth Festival,2280/10/3,none,,lunar,农历2280年九月初九；传统节日；保留,
TRUE,black-friday-2280,黑色星期五 Black Friday,2280/11/26,none,,business,美国感恩节后的星期五；按年份计算,
FALSE,laba-lunar2280,腊八节 Laba Festival,2280/12/30,none,,apple-native-likely,农历2280年十二月初八；传统节日；默认关闭,
FALSE,xiaonian-north-lunar2280,北方小年 Northern Little New Year,2281/1/14,none,,apple-native-likely,农历2280年十二月二十三；传统节日；默认关闭,
FALSE,xiaonian-south-lunar2280,南方小年 Southern Little New Year,2281/1/15,none,,apple-native-likely,农历2280年十二月二十四；传统节日；默认关闭,
FALSE,chuxi-lunar2280,除夕 Chinese New Year’s Eve,2281/1/20,none,,apple-native-likely,农历2280年腊月最后一天；苹果原生日历通常已包含；默认关闭避免重复,
FALSE,spring-festival-lunar2281,春节 Spring Festival,2281/1/21,none,,apple-native-likely,农历2281年正月初一；苹果原生日历通常已包含；默认关闭避免重复,
FALSE,lantern-festival-lunar2281,元宵节 Lantern Festival,2281/2/4,none,,apple-native-likely,农历2281年正月十五；苹果中国大陆日历可能已包含；默认关闭避免重复,
TRUE,dragon-heads-raising-lunar2281,龙抬头 Dragon Heads-raising Day,2281/2/21,none,,lunar,农历2281年二月初二；传统节日；保留,
FALSE,dragon-boat-lunar2281,端午节 Dragon Boat Festival,2281/6/21,none,,apple-native-likely,农历2281年五月初五；苹果原生日历通常已包含；默认关闭避免重复,
FALSE,qixi-lunar2281,七夕节 Qixi Festival,2281/8/21,none,,apple-native-likely,农历2281年七月初七；默认关闭,
TRUE,ghost-festival-lunar2281,中元节 Ghost Festival,2281/8/29,none,,lunar,农历2281年七月十五；中国传统节日,
FALSE,mid-autumn-lunar2281,中秋节 Mid-Autumn Festival,2281/9/28,none,,apple-native-likely,农历2281年八月十五；苹果原生日历通常已包含；默认关闭避免重复,
TRUE,double-ninth-lunar2281,重阳节 Double Ninth Festival,2281/10/21,none,,lunar,农历2281年九月初九；传统节日；保留,
TRUE,black-friday-2281,黑色星期五 Black Friday,2281/11/25,none,,business,美国感恩节后的星期五；按年份计算,
FALSE,laba-lunar2281,腊八节 Laba Festival,2282/1/18,none,,apple-native-likely,农历2281年十二月初八；传统节日；默认关闭,
FALSE,xiaonian-north-lunar2281,北方小年 Northern Little New Year,2282/2/2,none,,apple-native-likely,农历2281年十二月二十三；传统节日；默认关闭,
FALSE,xiaonian-south-lunar2281,南方小年 Southern Little New Year,2282/2/3,none,,apple-native-likely,农历2281年十二月二十四；传统节日；默认关闭,
FALSE,chuxi-lunar2281,除夕 Chinese New Year’s Eve,2282/2/8,none,,apple-native-likely,农历2281年腊月最后一天；苹果原生日历通常已包含；默认关闭避免重复,
FALSE,spring-festival-lunar2282,春节 Spring Festival,2282/2/9,none,,apple-native-likely,农历2282年正月初一；苹果原生日历通常已包含；默认关闭避免重复,
FALSE,lantern-festival-lunar2282,元宵节 Lantern Festival,2282/2/23,none,,apple-native-likely,农历2282年正月十五；苹果中国大陆日历可能已包含；默认关闭避免重复,
TRUE,dragon-heads-raising-lunar2282,龙抬头 Dragon Heads-raising Day,2282/3/12,none,,lunar,农历2282年二月初二；传统节日；保留,
FALSE,dragon-boat-lunar2282,端午节 Dragon Boat Festival,2282/6/11,none,,apple-native-likely,农历2282年五月初五；苹果原生日历通常已包含；默认关闭避免重复,
FALSE,qixi-lunar2282,七夕节 Qixi Festival,2282/8/10,none,,apple-native-likely,农历2282年七月初七；默认关闭,
TRUE,ghost-festival-lunar2282,中元节 Ghost Festival,2282/8/18,none,,lunar,农历2282年七月十五；中国传统节日,
FALSE,mid-autumn-lunar2282,中秋节 Mid-Autumn Festival,2282/9/17,none,,apple-native-likely,农历2282年八月十五；苹果原生日历通常已包含；默认关闭避免重复,
TRUE,double-ninth-lunar2282,重阳节 Double Ninth Festival,2282/10/10,none,,lunar,农历2282年九月初九；传统节日；保留,
TRUE,black-friday-2282,黑色星期五 Black Friday,2282/11/24,none,,business,美国感恩节后的星期五；按年份计算,
FALSE,laba-lunar2282,腊八节 Laba Festival,2283/1/7,none,,apple-native-likely,农历2282年十二月初八；传统节日；默认关闭,
FALSE,xiaonian-north-lunar2282,北方小年 Northern Little New Year,2283/1/22,none,,apple-native-likely,农历2282年十二月二十三；传统节日；默认关闭,
FALSE,xiaonian-south-lunar2282,南方小年 Southern Little New Year,2283/1/23,none,,apple-native-likely,农历2282年十二月二十四；传统节日；默认关闭,
FALSE,chuxi-lunar2282,除夕 Chinese New Year’s Eve,2283/1/28,none,,apple-native-likely,农历2282年腊月最后一天；苹果原生日历通常已包含；默认关闭避免重复,
FALSE,spring-festival-lunar2283,春节 Spring Festival,2283/1/29,none,,apple-native-likely,农历2283年正月初一；苹果原生日历通常已包含；默认关闭避免重复,
FALSE,lantern-festival-lunar2283,元宵节 Lantern Festival,2283/2/12,none,,apple-native-likely,农历2283年正月十五；苹果中国大陆日历可能已包含；默认关闭避免重复,
TRUE,dragon-heads-raising-lunar2283,龙抬头 Dragon Heads-raising Day,2283/3/1,none,,lunar,农历2283年二月初二；传统节日；保留,
FALSE,dragon-boat-lunar2283,端午节 Dragon Boat Festival,2283/5/31,none,,apple-native-likely,农历2283年五月初五；苹果原生日历通常已包含；默认关闭避免重复,
FALSE,qixi-lunar2283,七夕节 Qixi Festival,2283/8/29,none,,apple-native-likely,农历2283年七月初七；默认关闭,
TRUE,ghost-festival-lunar2283,中元节 Ghost Festival,2283/9/6,none,,lunar,农历2283年七月十五；中国传统节日,
FALSE,mid-autumn-lunar2283,中秋节 Mid-Autumn Festival,2283/10/6,none,,apple-native-likely,农历2283年八月十五；苹果原生日历通常已包含；默认关闭避免重复,
TRUE,double-ninth-lunar2283,重阳节 Double Ninth Festival,2283/10/29,none,,lunar,农历2283年九月初九；传统节日；保留,
TRUE,black-friday-2283,黑色星期五 Black Friday,2283/11/23,none,,business,美国感恩节后的星期五；按年份计算,
FALSE,laba-lunar2283,腊八节 Laba Festival,2284/1/25,none,,apple-native-likely,农历2283年十二月初八；传统节日；默认关闭,
FALSE,xiaonian-north-lunar2283,北方小年 Northern Little New Year,2284/2/9,none,,apple-native-likely,农历2283年十二月二十三；传统节日；默认关闭,
FALSE,xiaonian-south-lunar2283,南方小年 Southern Little New Year,2284/2/10,none,,apple-native-likely,农历2283年十二月二十四；传统节日；默认关闭,
FALSE,chuxi-lunar2283,除夕 Chinese New Year’s Eve,2284/2/16,none,,apple-native-likely,农历2283年腊月最后一天；苹果原生日历通常已包含；默认关闭避免重复,
FALSE,spring-festival-lunar2284,春节 Spring Festival,2284/2/17,none,,apple-native-likely,农历2284年正月初一；苹果原生日历通常已包含；默认关闭避免重复,
FALSE,lantern-festival-lunar2284,元宵节 Lantern Festival,2284/3/2,none,,apple-native-likely,农历2284年正月十五；苹果中国大陆日历可能已包含；默认关闭避免重复,
TRUE,dragon-heads-raising-lunar2284,龙抬头 Dragon Heads-raising Day,2284/3/19,none,,lunar,农历2284年二月初二；传统节日；保留,
FALSE,dragon-boat-lunar2284,端午节 Dragon Boat Festival,2284/6/18,none,,apple-native-likely,农历2284年五月初五；苹果原生日历通常已包含；默认关闭避免重复,
FALSE,qixi-lunar2284,七夕节 Qixi Festival,2284/8/18,none,,apple-native-likely,农历2284年七月初七；默认关闭,
TRUE,ghost-festival-lunar2284,中元节 Ghost Festival,2284/8/26,none,,lunar,农历2284年七月十五；中国传统节日,
FALSE,mid-autumn-lunar2284,中秋节 Mid-Autumn Festival,2284/9/24,none,,apple-native-likely,农历2284年八月十五；苹果原生日历通常已包含；默认关闭避免重复,
TRUE,double-ninth-lunar2284,重阳节 Double Ninth Festival,2284/10/18,none,,lunar,农历2284年九月初九；传统节日；保留,
TRUE,black-friday-2284,黑色星期五 Black Friday,2284/11/28,none,,business,美国感恩节后的星期五；按年份计算,
FALSE,laba-lunar2284,腊八节 Laba Festival,2285/1/13,none,,apple-native-likely,农历2284年十二月初八；传统节日；默认关闭,
FALSE,xiaonian-north-lunar2284,北方小年 Northern Little New Year,2285/1/28,none,,apple-native-likely,农历2284年十二月二十三；传统节日；默认关闭,
FALSE,xiaonian-south-lunar2284,南方小年 Southern Little New Year,2285/1/29,none,,apple-native-likely,农历2284年十二月二十四；传统节日；默认关闭,
FALSE,chuxi-lunar2284,除夕 Chinese New Year’s Eve,2285/2/4,none,,apple-native-likely,农历2284年腊月最后一天；苹果原生日历通常已包含；默认关闭避免重复,
FALSE,spring-festival-lunar2285,春节 Spring Festival,2285/2/5,none,,apple-native-likely,农历2285年正月初一；苹果原生日历通常已包含；默认关闭避免重复,
FALSE,lantern-festival-lunar2285,元宵节 Lantern Festival,2285/2/19,none,,apple-native-likely,农历2285年正月十五；苹果中国大陆日历可能已包含；默认关闭避免重复,
TRUE,dragon-heads-raising-lunar2285,龙抬头 Dragon Heads-raising Day,2285/3/8,none,,lunar,农历2285年二月初二；传统节日；保留,
FALSE,dragon-boat-lunar2285,端午节 Dragon Boat Festival,2285/6/8,none,,apple-native-likely,农历2285年五月初五；苹果原生日历通常已包含；默认关闭避免重复,
FALSE,qixi-lunar2285,七夕节 Qixi Festival,2285/8/8,none,,apple-native-likely,农历2285年七月初七；默认关闭,
TRUE,ghost-festival-lunar2285,中元节 Ghost Festival,2285/8/16,none,,lunar,农历2285年七月十五；中国传统节日,
FALSE,mid-autumn-lunar2285,中秋节 Mid-Autumn Festival,2285/9/14,none,,apple-native-likely,农历2285年八月十五；苹果原生日历通常已包含；默认关闭避免重复,
TRUE,double-ninth-lunar2285,重阳节 Double Ninth Festival,2285/10/7,none,,lunar,农历2285年九月初九；传统节日；保留,
TRUE,black-friday-2285,黑色星期五 Black Friday,2285/11/27,none,,business,美国感恩节后的星期五；按年份计算,
FALSE,laba-lunar2285,腊八节 Laba Festival,2286/1/3,none,,apple-native-likely,农历2285年十二月初八；传统节日；默认关闭,
FALSE,xiaonian-north-lunar2285,北方小年 Northern Little New Year,2286/1/18,none,,apple-native-likely,农历2285年十二月二十三；传统节日；默认关闭,
FALSE,xiaonian-south-lunar2285,南方小年 Southern Little New Year,2286/1/19,none,,apple-native-likely,农历2285年十二月二十四；传统节日；默认关闭,
FALSE,chuxi-lunar2285,除夕 Chinese New Year’s Eve,2286/1/24,none,,apple-native-likely,农历2285年腊月最后一天；苹果原生日历通常已包含；默认关闭避免重复,
FALSE,spring-festival-lunar2286,春节 Spring Festival,2286/1/25,none,,apple-native-likely,农历2286年正月初一；苹果原生日历通常已包含；默认关闭避免重复,
FALSE,lantern-festival-lunar2286,元宵节 Lantern Festival,2286/2/8,none,,apple-native-likely,农历2286年正月十五；苹果中国大陆日历可能已包含；默认关闭避免重复,
TRUE,dragon-heads-raising-lunar2286,龙抬头 Dragon Heads-raising Day,2286/2/25,none,,lunar,农历2286年二月初二；传统节日；保留,
FALSE,dragon-boat-lunar2286,端午节 Dragon Boat Festival,2286/5/28,none,,apple-native-likely,农历2286年五月初五；苹果原生日历通常已包含；默认关闭避免重复,
FALSE,qixi-lunar2286,七夕节 Qixi Festival,2286/8/27,none,,apple-native-likely,农历2286年七月初七；默认关闭,
TRUE,ghost-festival-lunar2286,中元节 Ghost Festival,2286/9/4,none,,lunar,农历2286年七月十五；中国传统节日,
FALSE,mid-autumn-lunar2286,中秋节 Mid-Autumn Festival,2286/10/3,none,,apple-native-likely,农历2286年八月十五；苹果原生日历通常已包含；默认关闭避免重复,
TRUE,double-ninth-lunar2286,重阳节 Double Ninth Festival,2286/10/26,none,,lunar,农历2286年九月初九；传统节日；保留,
TRUE,black-friday-2286,黑色星期五 Black Friday,2286/11/26,none,,business,美国感恩节后的星期五；按年份计算,
FALSE,laba-lunar2286,腊八节 Laba Festival,2287/1/22,none,,apple-native-likely,农历2286年十二月初八；传统节日；默认关闭,
FALSE,xiaonian-north-lunar2286,北方小年 Northern Little New Year,2287/2/6,none,,apple-native-likely,农历2286年十二月二十三；传统节日；默认关闭,
FALSE,xiaonian-south-lunar2286,南方小年 Southern Little New Year,2287/2/7,none,,apple-native-likely,农历2286年十二月二十四；传统节日；默认关闭,
FALSE,chuxi-lunar2286,除夕 Chinese New Year’s Eve,2287/2/12,none,,apple-native-likely,农历2286年腊月最后一天；苹果原生日历通常已包含；默认关闭避免重复,
FALSE,spring-festival-lunar2287,春节 Spring Festival,2287/2/13,none,,apple-native-likely,农历2287年正月初一；苹果原生日历通常已包含；默认关闭避免重复,
FALSE,lantern-festival-lunar2287,元宵节 Lantern Festival,2287/2/27,none,,apple-native-likely,农历2287年正月十五；苹果中国大陆日历可能已包含；默认关闭避免重复,
TRUE,dragon-heads-raising-lunar2287,龙抬头 Dragon Heads-raising Day,2287/3/16,none,,lunar,农历2287年二月初二；传统节日；保留,
FALSE,dragon-boat-lunar2287,端午节 Dragon Boat Festival,2287/6/16,none,,apple-native-likely,农历2287年五月初五；苹果原生日历通常已包含；默认关闭避免重复,
FALSE,qixi-lunar2287,七夕节 Qixi Festival,2287/8/16,none,,apple-native-likely,农历2287年七月初七；默认关闭,
TRUE,ghost-festival-lunar2287,中元节 Ghost Festival,2287/8/24,none,,lunar,农历2287年七月十五；中国传统节日,
FALSE,mid-autumn-lunar2287,中秋节 Mid-Autumn Festival,2287/9/23,none,,apple-native-likely,农历2287年八月十五；苹果原生日历通常已包含；默认关闭避免重复,
TRUE,double-ninth-lunar2287,重阳节 Double Ninth Festival,2287/10/16,none,,lunar,农历2287年九月初九；传统节日；保留,
TRUE,black-friday-2287,黑色星期五 Black Friday,2287/11/25,none,,business,美国感恩节后的星期五；按年份计算,
FALSE,laba-lunar2287,腊八节 Laba Festival,2288/1/11,none,,apple-native-likely,农历2287年十二月初八；传统节日；默认关闭,
FALSE,xiaonian-north-lunar2287,北方小年 Northern Little New Year,2288/1/26,none,,apple-native-likely,农历2287年十二月二十三；传统节日；默认关闭,
FALSE,xiaonian-south-lunar2287,南方小年 Southern Little New Year,2288/1/27,none,,apple-native-likely,农历2287年十二月二十四；传统节日；默认关闭,
FALSE,chuxi-lunar2287,除夕 Chinese New Year’s Eve,2288/2/2,none,,apple-native-likely,农历2287年腊月最后一天；苹果原生日历通常已包含；默认关闭避免重复,
FALSE,spring-festival-lunar2288,春节 Spring Festival,2288/2/3,none,,apple-native-likely,农历2288年正月初一；苹果原生日历通常已包含；默认关闭避免重复,
FALSE,lantern-festival-lunar2288,元宵节 Lantern Festival,2288/2/17,none,,apple-native-likely,农历2288年正月十五；苹果中国大陆日历可能已包含；默认关闭避免重复,
TRUE,dragon-heads-raising-lunar2288,龙抬头 Dragon Heads-raising Day,2288/3/4,none,,lunar,农历2288年二月初二；传统节日；保留,
FALSE,dragon-boat-lunar2288,端午节 Dragon Boat Festival,2288/6/4,none,,apple-native-likely,农历2288年五月初五；苹果原生日历通常已包含；默认关闭避免重复,
FALSE,qixi-lunar2288,七夕节 Qixi Festival,2288/8/4,none,,apple-native-likely,农历2288年七月初七；默认关闭,
TRUE,ghost-festival-lunar2288,中元节 Ghost Festival,2288/8/12,none,,lunar,农历2288年七月十五；中国传统节日,
FALSE,mid-autumn-lunar2288,中秋节 Mid-Autumn Festival,2288/9/11,none,,apple-native-likely,农历2288年八月十五；苹果原生日历通常已包含；默认关闭避免重复,
TRUE,double-ninth-lunar2288,重阳节 Double Ninth Festival,2288/10/4,none,,lunar,农历2288年九月初九；传统节日；保留,
TRUE,black-friday-2288,黑色星期五 Black Friday,2288/11/23,none,,business,美国感恩节后的星期五；按年份计算,
FALSE,laba-lunar2288,腊八节 Laba Festival,2288/12/31,none,,apple-native-likely,农历2288年十二月初八；传统节日；默认关闭,
FALSE,xiaonian-north-lunar2288,北方小年 Northern Little New Year,2289/1/15,none,,apple-native-likely,农历2288年十二月二十三；传统节日；默认关闭,
FALSE,xiaonian-south-lunar2288,南方小年 Southern Little New Year,2289/1/16,none,,apple-native-likely,农历2288年十二月二十四；传统节日；默认关闭,
FALSE,chuxi-lunar2288,除夕 Chinese New Year’s Eve,2289/1/21,none,,apple-native-likely,农历2288年腊月最后一天；苹果原生日历通常已包含；默认关闭避免重复,
FALSE,spring-festival-lunar2289,春节 Spring Festival,2289/1/22,none,,apple-native-likely,农历2289年正月初一；苹果原生日历通常已包含；默认关闭避免重复,
FALSE,lantern-festival-lunar2289,元宵节 Lantern Festival,2289/2/5,none,,apple-native-likely,农历2289年正月十五；苹果中国大陆日历可能已包含；默认关闭避免重复,
TRUE,dragon-heads-raising-lunar2289,龙抬头 Dragon Heads-raising Day,2289/2/22,none,,lunar,农历2289年二月初二；传统节日；保留,
FALSE,dragon-boat-lunar2289,端午节 Dragon Boat Festival,2289/6/23,none,,apple-native-likely,农历2289年五月初五；苹果原生日历通常已包含；默认关闭避免重复,
FALSE,qixi-lunar2289,七夕节 Qixi Festival,2289/8/23,none,,apple-native-likely,农历2289年七月初七；默认关闭,
TRUE,ghost-festival-lunar2289,中元节 Ghost Festival,2289/8/31,none,,lunar,农历2289年七月十五；中国传统节日,
FALSE,mid-autumn-lunar2289,中秋节 Mid-Autumn Festival,2289/9/29,none,,apple-native-likely,农历2289年八月十五；苹果原生日历通常已包含；默认关闭避免重复,
TRUE,double-ninth-lunar2289,重阳节 Double Ninth Festival,2289/10/23,none,,lunar,农历2289年九月初九；传统节日；保留,
TRUE,black-friday-2289,黑色星期五 Black Friday,2289/11/29,none,,business,美国感恩节后的星期五；按年份计算,
FALSE,laba-lunar2289,腊八节 Laba Festival,2290/1/19,none,,apple-native-likely,农历2289年十二月初八；传统节日；默认关闭,
FALSE,xiaonian-north-lunar2289,北方小年 Northern Little New Year,2290/2/3,none,,apple-native-likely,农历2289年十二月二十三；传统节日；默认关闭,
FALSE,xiaonian-south-lunar2289,南方小年 Southern Little New Year,2290/2/4,none,,apple-native-likely,农历2289年十二月二十四；传统节日；默认关闭,
FALSE,chuxi-lunar2289,除夕 Chinese New Year’s Eve,2290/2/10,none,,apple-native-likely,农历2289年腊月最后一天；苹果原生日历通常已包含；默认关闭避免重复,
FALSE,spring-festival-lunar2290,春节 Spring Festival,2290/2/11,none,,apple-native-likely,农历2290年正月初一；苹果原生日历通常已包含；默认关闭避免重复,
FALSE,lantern-festival-lunar2290,元宵节 Lantern Festival,2290/2/25,none,,apple-native-likely,农历2290年正月十五；苹果中国大陆日历可能已包含；默认关闭避免重复,
TRUE,dragon-heads-raising-lunar2290,龙抬头 Dragon Heads-raising Day,2290/3/13,none,,lunar,农历2290年二月初二；传统节日；保留,
FALSE,dragon-boat-lunar2290,端午节 Dragon Boat Festival,2290/6/12,none,,apple-native-likely,农历2290年五月初五；苹果原生日历通常已包含；默认关闭避免重复,
FALSE,qixi-lunar2290,七夕节 Qixi Festival,2290/8/12,none,,apple-native-likely,农历2290年七月初七；默认关闭,
TRUE,ghost-festival-lunar2290,中元节 Ghost Festival,2290/8/20,none,,lunar,农历2290年七月十五；中国传统节日,
FALSE,mid-autumn-lunar2290,中秋节 Mid-Autumn Festival,2290/9/18,none,,apple-native-likely,农历2290年八月十五；苹果原生日历通常已包含；默认关闭避免重复,
TRUE,double-ninth-lunar2290,重阳节 Double Ninth Festival,2290/10/12,none,,lunar,农历2290年九月初九；传统节日；保留,
TRUE,black-friday-2290,黑色星期五 Black Friday,2290/11/28,none,,business,美国感恩节后的星期五；按年份计算,
FALSE,laba-lunar2290,腊八节 Laba Festival,2291/1/8,none,,apple-native-likely,农历2290年十二月初八；传统节日；默认关闭,
FALSE,xiaonian-north-lunar2290,北方小年 Northern Little New Year,2291/1/23,none,,apple-native-likely,农历2290年十二月二十三；传统节日；默认关闭,
FALSE,xiaonian-south-lunar2290,南方小年 Southern Little New Year,2291/1/24,none,,apple-native-likely,农历2290年十二月二十四；传统节日；默认关闭,
FALSE,chuxi-lunar2290,除夕 Chinese New Year’s Eve,2291/1/30,none,,apple-native-likely,农历2290年腊月最后一天；苹果原生日历通常已包含；默认关闭避免重复,
FALSE,spring-festival-lunar2291,春节 Spring Festival,2291/1/31,none,,apple-native-likely,农历2291年正月初一；苹果原生日历通常已包含；默认关闭避免重复,
FALSE,lantern-festival-lunar2291,元宵节 Lantern Festival,2291/2/14,none,,apple-native-likely,农历2291年正月十五；苹果中国大陆日历可能已包含；默认关闭避免重复,
TRUE,dragon-heads-raising-lunar2291,龙抬头 Dragon Heads-raising Day,2291/3/3,none,,lunar,农历2291年二月初二；传统节日；保留,
FALSE,dragon-boat-lunar2291,端午节 Dragon Boat Festival,2291/6/2,none,,apple-native-likely,农历2291年五月初五；苹果原生日历通常已包含；默认关闭避免重复,
FALSE,qixi-lunar2291,七夕节 Qixi Festival,2291/8/1,none,,apple-native-likely,农历2291年七月初七；默认关闭,
TRUE,ghost-festival-lunar2291,中元节 Ghost Festival,2291/8/9,none,,lunar,农历2291年七月十五；中国传统节日,
FALSE,mid-autumn-lunar2291,中秋节 Mid-Autumn Festival,2291/10/7,none,,apple-native-likely,农历2291年八月十五；苹果原生日历通常已包含；默认关闭避免重复,
TRUE,double-ninth-lunar2291,重阳节 Double Ninth Festival,2291/10/31,none,,lunar,农历2291年九月初九；传统节日；保留,
TRUE,black-friday-2291,黑色星期五 Black Friday,2291/11/27,none,,business,美国感恩节后的星期五；按年份计算,
FALSE,laba-lunar2291,腊八节 Laba Festival,2292/1/27,none,,apple-native-likely,农历2291年十二月初八；传统节日；默认关闭,
FALSE,xiaonian-north-lunar2291,北方小年 Northern Little New Year,2292/2/11,none,,apple-native-likely,农历2291年十二月二十三；传统节日；默认关闭,
FALSE,xiaonian-south-lunar2291,南方小年 Southern Little New Year,2292/2/12,none,,apple-native-likely,农历2291年十二月二十四；传统节日；默认关闭,
FALSE,chuxi-lunar2291,除夕 Chinese New Year’s Eve,2292/2/18,none,,apple-native-likely,农历2291年腊月最后一天；苹果原生日历通常已包含；默认关闭避免重复,
FALSE,spring-festival-lunar2292,春节 Spring Festival,2292/2/19,none,,apple-native-likely,农历2292年正月初一；苹果原生日历通常已包含；默认关闭避免重复,
FALSE,lantern-festival-lunar2292,元宵节 Lantern Festival,2292/3/4,none,,apple-native-likely,农历2292年正月十五；苹果中国大陆日历可能已包含；默认关闭避免重复,
TRUE,dragon-heads-raising-lunar2292,龙抬头 Dragon Heads-raising Day,2292/3/21,none,,lunar,农历2292年二月初二；传统节日；保留,
FALSE,dragon-boat-lunar2292,端午节 Dragon Boat Festival,2292/6/20,none,,apple-native-likely,农历2292年五月初五；苹果原生日历通常已包含；默认关闭避免重复,
FALSE,qixi-lunar2292,七夕节 Qixi Festival,2292/8/19,none,,apple-native-likely,农历2292年七月初七；默认关闭,
TRUE,ghost-festival-lunar2292,中元节 Ghost Festival,2292/8/27,none,,lunar,农历2292年七月十五；中国传统节日,
FALSE,mid-autumn-lunar2292,中秋节 Mid-Autumn Festival,2292/9/26,none,,apple-native-likely,农历2292年八月十五；苹果原生日历通常已包含；默认关闭避免重复,
TRUE,double-ninth-lunar2292,重阳节 Double Ninth Festival,2292/10/19,none,,lunar,农历2292年九月初九；传统节日；保留,
TRUE,black-friday-2292,黑色星期五 Black Friday,2292/11/25,none,,business,美国感恩节后的星期五；按年份计算,
FALSE,laba-lunar2292,腊八节 Laba Festival,2293/1/15,none,,apple-native-likely,农历2292年十二月初八；传统节日；默认关闭,
FALSE,xiaonian-north-lunar2292,北方小年 Northern Little New Year,2293/1/30,none,,apple-native-likely,农历2292年十二月二十三；传统节日；默认关闭,
FALSE,xiaonian-south-lunar2292,南方小年 Southern Little New Year,2293/1/31,none,,apple-native-likely,农历2292年十二月二十四；传统节日；默认关闭,
FALSE,chuxi-lunar2292,除夕 Chinese New Year’s Eve,2293/2/6,none,,apple-native-likely,农历2292年腊月最后一天；苹果原生日历通常已包含；默认关闭避免重复,
FALSE,spring-festival-lunar2293,春节 Spring Festival,2293/2/7,none,,apple-native-likely,农历2293年正月初一；苹果原生日历通常已包含；默认关闭避免重复,
FALSE,lantern-festival-lunar2293,元宵节 Lantern Festival,2293/2/21,none,,apple-native-likely,农历2293年正月十五；苹果中国大陆日历可能已包含；默认关闭避免重复,
TRUE,dragon-heads-raising-lunar2293,龙抬头 Dragon Heads-raising Day,2293/3/10,none,,lunar,农历2293年二月初二；传统节日；保留,
FALSE,dragon-boat-lunar2293,端午节 Dragon Boat Festival,2293/6/9,none,,apple-native-likely,农历2293年五月初五；苹果原生日历通常已包含；默认关闭避免重复,
FALSE,qixi-lunar2293,七夕节 Qixi Festival,2293/8/9,none,,apple-native-likely,农历2293年七月初七；默认关闭,
TRUE,ghost-festival-lunar2293,中元节 Ghost Festival,2293/8/17,none,,lunar,农历2293年七月十五；中国传统节日,
FALSE,mid-autumn-lunar2293,中秋节 Mid-Autumn Festival,2293/9/15,none,,apple-native-likely,农历2293年八月十五；苹果原生日历通常已包含；默认关闭避免重复,
TRUE,double-ninth-lunar2293,重阳节 Double Ninth Festival,2293/10/9,none,,lunar,农历2293年九月初九；传统节日；保留,
TRUE,black-friday-2293,黑色星期五 Black Friday,2293/11/24,none,,business,美国感恩节后的星期五；按年份计算,
FALSE,laba-lunar2293,腊八节 Laba Festival,2294/1/4,none,,apple-native-likely,农历2293年十二月初八；传统节日；默认关闭,
FALSE,xiaonian-north-lunar2293,北方小年 Northern Little New Year,2294/1/19,none,,apple-native-likely,农历2293年十二月二十三；传统节日；默认关闭,
FALSE,xiaonian-south-lunar2293,南方小年 Southern Little New Year,2294/1/20,none,,apple-native-likely,农历2293年十二月二十四；传统节日；默认关闭,
FALSE,chuxi-lunar2293,除夕 Chinese New Year’s Eve,2294/1/26,none,,apple-native-likely,农历2293年腊月最后一天；苹果原生日历通常已包含；默认关闭避免重复,
FALSE,spring-festival-lunar2294,春节 Spring Festival,2294/1/27,none,,apple-native-likely,农历2294年正月初一；苹果原生日历通常已包含；默认关闭避免重复,
FALSE,lantern-festival-lunar2294,元宵节 Lantern Festival,2294/2/10,none,,apple-native-likely,农历2294年正月十五；苹果中国大陆日历可能已包含；默认关闭避免重复,
TRUE,dragon-heads-raising-lunar2294,龙抬头 Dragon Heads-raising Day,2294/2/27,none,,lunar,农历2294年二月初二；传统节日；保留,
FALSE,dragon-boat-lunar2294,端午节 Dragon Boat Festival,2294/5/30,none,,apple-native-likely,农历2294年五月初五；苹果原生日历通常已包含；默认关闭避免重复,
FALSE,qixi-lunar2294,七夕节 Qixi Festival,2294/8/28,none,,apple-native-likely,农历2294年七月初七；默认关闭,
TRUE,ghost-festival-lunar2294,中元节 Ghost Festival,2294/9/5,none,,lunar,农历2294年七月十五；中国传统节日,
FALSE,mid-autumn-lunar2294,中秋节 Mid-Autumn Festival,2294/10/4,none,,apple-native-likely,农历2294年八月十五；苹果原生日历通常已包含；默认关闭避免重复,
TRUE,double-ninth-lunar2294,重阳节 Double Ninth Festival,2294/10/28,none,,lunar,农历2294年九月初九；传统节日；保留,
TRUE,black-friday-2294,黑色星期五 Black Friday,2294/11/23,none,,business,美国感恩节后的星期五；按年份计算,
FALSE,laba-lunar2294,腊八节 Laba Festival,2295/1/23,none,,apple-native-likely,农历2294年十二月初八；传统节日；默认关闭,
FALSE,xiaonian-north-lunar2294,北方小年 Northern Little New Year,2295/2/7,none,,apple-native-likely,农历2294年十二月二十三；传统节日；默认关闭,
FALSE,xiaonian-south-lunar2294,南方小年 Southern Little New Year,2295/2/8,none,,apple-native-likely,农历2294年十二月二十四；传统节日；默认关闭,
FALSE,chuxi-lunar2294,除夕 Chinese New Year’s Eve,2295/2/14,none,,apple-native-likely,农历2294年腊月最后一天；苹果原生日历通常已包含；默认关闭避免重复,
FALSE,spring-festival-lunar2295,春节 Spring Festival,2295/2/15,none,,apple-native-likely,农历2295年正月初一；苹果原生日历通常已包含；默认关闭避免重复,
FALSE,lantern-festival-lunar2295,元宵节 Lantern Festival,2295/3/1,none,,apple-native-likely,农历2295年正月十五；苹果中国大陆日历可能已包含；默认关闭避免重复,
TRUE,dragon-heads-raising-lunar2295,龙抬头 Dragon Heads-raising Day,2295/3/17,none,,lunar,农历2295年二月初二；传统节日；保留,
FALSE,dragon-boat-lunar2295,端午节 Dragon Boat Festival,2295/6/18,none,,apple-native-likely,农历2295年五月初五；苹果原生日历通常已包含；默认关闭避免重复,
FALSE,qixi-lunar2295,七夕节 Qixi Festival,2295/8/18,none,,apple-native-likely,农历2295年七月初七；默认关闭,
TRUE,ghost-festival-lunar2295,中元节 Ghost Festival,2295/8/26,none,,lunar,农历2295年七月十五；中国传统节日,
FALSE,mid-autumn-lunar2295,中秋节 Mid-Autumn Festival,2295/9/24,none,,apple-native-likely,农历2295年八月十五；苹果原生日历通常已包含；默认关闭避免重复,
TRUE,double-ninth-lunar2295,重阳节 Double Ninth Festival,2295/10/17,none,,lunar,农历2295年九月初九；传统节日；保留,
TRUE,black-friday-2295,黑色星期五 Black Friday,2295/11/29,none,,business,美国感恩节后的星期五；按年份计算,
FALSE,laba-lunar2295,腊八节 Laba Festival,2296/1/13,none,,apple-native-likely,农历2295年十二月初八；传统节日；默认关闭,
FALSE,xiaonian-north-lunar2295,北方小年 Northern Little New Year,2296/1/28,none,,apple-native-likely,农历2295年十二月二十三；传统节日；默认关闭,
FALSE,xiaonian-south-lunar2295,南方小年 Southern Little New Year,2296/1/29,none,,apple-native-likely,农历2295年十二月二十四；传统节日；默认关闭,
FALSE,chuxi-lunar2295,除夕 Chinese New Year’s Eve,2296/2/3,none,,apple-native-likely,农历2295年腊月最后一天；苹果原生日历通常已包含；默认关闭避免重复,
FALSE,spring-festival-lunar2296,春节 Spring Festival,2296/2/4,none,,apple-native-likely,农历2296年正月初一；苹果原生日历通常已包含；默认关闭避免重复,
FALSE,lantern-festival-lunar2296,元宵节 Lantern Festival,2296/2/18,none,,apple-native-likely,农历2296年正月十五；苹果中国大陆日历可能已包含；默认关闭避免重复,
TRUE,dragon-heads-raising-lunar2296,龙抬头 Dragon Heads-raising Day,2296/3/6,none,,lunar,农历2296年二月初二；传统节日；保留,
FALSE,dragon-boat-lunar2296,端午节 Dragon Boat Festival,2296/6/6,none,,apple-native-likely,农历2296年五月初五；苹果原生日历通常已包含；默认关闭避免重复,
FALSE,qixi-lunar2296,七夕节 Qixi Festival,2296/8/6,none,,apple-native-likely,农历2296年七月初七；默认关闭,
TRUE,ghost-festival-lunar2296,中元节 Ghost Festival,2296/8/14,none,,lunar,农历2296年七月十五；中国传统节日,
FALSE,mid-autumn-lunar2296,中秋节 Mid-Autumn Festival,2296/9/12,none,,apple-native-likely,农历2296年八月十五；苹果原生日历通常已包含；默认关闭避免重复,
TRUE,double-ninth-lunar2296,重阳节 Double Ninth Festival,2296/10/6,none,,lunar,农历2296年九月初九；传统节日；保留,
TRUE,black-friday-2296,黑色星期五 Black Friday,2296/11/27,none,,business,美国感恩节后的星期五；按年份计算,
FALSE,laba-lunar2296,腊八节 Laba Festival,2297/1/1,none,,apple-native-likely,农历2296年十二月初八；传统节日；默认关闭,
FALSE,xiaonian-north-lunar2296,北方小年 Northern Little New Year,2297/1/16,none,,apple-native-likely,农历2296年十二月二十三；传统节日；默认关闭,
FALSE,xiaonian-south-lunar2296,南方小年 Southern Little New Year,2297/1/17,none,,apple-native-likely,农历2296年十二月二十四；传统节日；默认关闭,
FALSE,chuxi-lunar2296,除夕 Chinese New Year’s Eve,2297/1/23,none,,apple-native-likely,农历2296年腊月最后一天；苹果原生日历通常已包含；默认关闭避免重复,
FALSE,spring-festival-lunar2297,春节 Spring Festival,2297/1/24,none,,apple-native-likely,农历2297年正月初一；苹果原生日历通常已包含；默认关闭避免重复,
FALSE,lantern-festival-lunar2297,元宵节 Lantern Festival,2297/2/7,none,,apple-native-likely,农历2297年正月十五；苹果中国大陆日历可能已包含；默认关闭避免重复,
TRUE,dragon-heads-raising-lunar2297,龙抬头 Dragon Heads-raising Day,2297/2/23,none,,lunar,农历2297年二月初二；传统节日；保留,
FALSE,dragon-boat-lunar2297,端午节 Dragon Boat Festival,2297/6/24,none,,apple-native-likely,农历2297年五月初五；苹果原生日历通常已包含；默认关闭避免重复,
FALSE,qixi-lunar2297,七夕节 Qixi Festival,2297/8/25,none,,apple-native-likely,农历2297年七月初七；默认关闭,
TRUE,ghost-festival-lunar2297,中元节 Ghost Festival,2297/9/2,none,,lunar,农历2297年七月十五；中国传统节日,
FALSE,mid-autumn-lunar2297,中秋节 Mid-Autumn Festival,2297/10/1,none,,apple-native-likely,农历2297年八月十五；苹果原生日历通常已包含；默认关闭避免重复,
TRUE,double-ninth-lunar2297,重阳节 Double Ninth Festival,2297/10/25,none,,lunar,农历2297年九月初九；传统节日；保留,
TRUE,black-friday-2297,黑色星期五 Black Friday,2297/11/26,none,,business,美国感恩节后的星期五；按年份计算,
FALSE,laba-lunar2297,腊八节 Laba Festival,2298/1/20,none,,apple-native-likely,农历2297年十二月初八；传统节日；默认关闭,
FALSE,xiaonian-north-lunar2297,北方小年 Northern Little New Year,2298/2/4,none,,apple-native-likely,农历2297年十二月二十三；传统节日；默认关闭,
FALSE,xiaonian-south-lunar2297,南方小年 Southern Little New Year,2298/2/5,none,,apple-native-likely,农历2297年十二月二十四；传统节日；默认关闭,
FALSE,chuxi-lunar2297,除夕 Chinese New Year’s Eve,2298/2/11,none,,apple-native-likely,农历2297年腊月最后一天；苹果原生日历通常已包含；默认关闭避免重复,
FALSE,spring-festival-lunar2298,春节 Spring Festival,2298/2/12,none,,apple-native-likely,农历2298年正月初一；苹果原生日历通常已包含；默认关闭避免重复,
FALSE,lantern-festival-lunar2298,元宵节 Lantern Festival,2298/2/26,none,,apple-native-likely,农历2298年正月十五；苹果中国大陆日历可能已包含；默认关闭避免重复,
TRUE,dragon-heads-raising-lunar2298,龙抬头 Dragon Heads-raising Day,2298/3/14,none,,lunar,农历2298年二月初二；传统节日；保留,
FALSE,dragon-boat-lunar2298,端午节 Dragon Boat Festival,2298/6/13,none,,apple-native-likely,农历2298年五月初五；苹果原生日历通常已包含；默认关闭避免重复,
FALSE,qixi-lunar2298,七夕节 Qixi Festival,2298/8/14,none,,apple-native-likely,农历2298年七月初七；默认关闭,
TRUE,ghost-festival-lunar2298,中元节 Ghost Festival,2298/8/22,none,,lunar,农历2298年七月十五；中国传统节日,
FALSE,mid-autumn-lunar2298,中秋节 Mid-Autumn Festival,2298/9/20,none,,apple-native-likely,农历2298年八月十五；苹果原生日历通常已包含；默认关闭避免重复,
TRUE,double-ninth-lunar2298,重阳节 Double Ninth Festival,2298/10/14,none,,lunar,农历2298年九月初九；传统节日；保留,
TRUE,black-friday-2298,黑色星期五 Black Friday,2298/11/25,none,,business,美国感恩节后的星期五；按年份计算,
FALSE,laba-lunar2298,腊八节 Laba Festival,2299/1/10,none,,apple-native-likely,农历2298年十二月初八；传统节日；默认关闭,
FALSE,xiaonian-north-lunar2298,北方小年 Northern Little New Year,2299/1/25,none,,apple-native-likely,农历2298年十二月二十三；传统节日；默认关闭,
FALSE,xiaonian-south-lunar2298,南方小年 Southern Little New Year,2299/1/26,none,,apple-native-likely,农历2298年十二月二十四；传统节日；默认关闭,
FALSE,chuxi-lunar2298,除夕 Chinese New Year’s Eve,2299/1/31,none,,apple-native-likely,农历2298年腊月最后一天；苹果原生日历通常已包含；默认关闭避免重复,
FALSE,spring-festival-lunar2299,春节 Spring Festival,2299/2/1,none,,apple-native-likely,农历2299年正月初一；苹果原生日历通常已包含；默认关闭避免重复,
FALSE,lantern-festival-lunar2299,元宵节 Lantern Festival,2299/2/15,none,,apple-native-likely,农历2299年正月十五；苹果中国大陆日历可能已包含；默认关闭避免重复,
TRUE,dragon-heads-raising-lunar2299,龙抬头 Dragon Heads-raising Day,2299/3/4,none,,lunar,农历2299年二月初二；传统节日；保留,
FALSE,dragon-boat-lunar2299,端午节 Dragon Boat Festival,2299/6/3,none,,apple-native-likely,农历2299年五月初五；苹果原生日历通常已包含；默认关闭避免重复,
FALSE,qixi-lunar2299,七夕节 Qixi Festival,2299/8/3,none,,apple-native-likely,农历2299年七月初七；默认关闭,
TRUE,ghost-festival-lunar2299,中元节 Ghost Festival,2299/8/11,none,,lunar,农历2299年七月十五；中国传统节日,
FALSE,mid-autumn-lunar2299,中秋节 Mid-Autumn Festival,2299/9/9,none,,apple-native-likely,农历2299年八月十五；苹果原生日历通常已包含；默认关闭避免重复,
TRUE,double-ninth-lunar2299,重阳节 Double Ninth Festival,2299/10/3,none,,lunar,农历2299年九月初九；传统节日；保留,
TRUE,black-friday-2299,黑色星期五 Black Friday,2299/11/24,none,,business,美国感恩节后的星期五；按年份计算,
FALSE,laba-lunar2299,腊八节 Laba Festival,2299/12/30,none,,apple-native-likely,农历2299年十二月初八；传统节日；默认关闭,
FALSE,xiaonian-north-lunar2299,北方小年 Northern Little New Year,2300/1/14,none,,apple-native-likely,农历2299年十二月二十三；传统节日；默认关闭,
FALSE,xiaonian-south-lunar2299,南方小年 Southern Little New Year,2300/1/15,none,,apple-native-likely,农历2299年十二月二十四；传统节日；默认关闭,
FALSE,chuxi-lunar2299,除夕 Chinese New Year’s Eve,2300/1/21,none,,apple-native-likely,农历2299年腊月最后一天；苹果原生日历通常已包含；默认关闭避免重复,
FALSE,spring-festival-lunar2300,春节 Spring Festival,2300/1/22,none,,apple-native-likely,农历2300年正月初一；苹果原生日历通常已包含；默认关闭避免重复,
FALSE,lantern-festival-lunar2300,元宵节 Lantern Festival,2300/2/5,none,,apple-native-likely,农历2300年正月十五；苹果中国大陆日历可能已包含；默认关闭避免重复,
TRUE,dragon-heads-raising-lunar2300,龙抬头 Dragon Heads-raising Day,2300/2/21,none,,lunar,农历2300年二月初二；传统节日；保留,
FALSE,dragon-boat-lunar2300,端午节 Dragon Boat Festival,2300/6/22,none,,apple-native-likely,农历2300年五月初五；苹果原生日历通常已包含；默认关闭避免重复,
FALSE,qixi-lunar2300,七夕节 Qixi Festival,2300/8/22,none,,apple-native-likely,农历2300年七月初七；默认关闭,
TRUE,ghost-festival-lunar2300,中元节 Ghost Festival,2300/8/30,none,,lunar,农历2300年七月十五；中国传统节日,
FALSE,mid-autumn-lunar2300,中秋节 Mid-Autumn Festival,2300/9/28,none,,apple-native-likely,农历2300年八月十五；苹果原生日历通常已包含；默认关闭避免重复,
TRUE,double-ninth-lunar2300,重阳节 Double Ninth Festival,2300/10/22,none,,lunar,农历2300年九月初九；传统节日；保留,
TRUE,black-friday-2300,黑色星期五 Black Friday,2300/11/23,none,,business,美国感恩节后的星期五；按年份计算,
